SepalLengthCm,SepalWidthCm,PetalLengthCm,PetalWidthCm,Species
5.1,3.5,1.4,0.2,Iris-setosa
4.9,3.0,1.4,0.2,Iris-setosa
4.7,3.2,1.3,0.2,Iris-setosa
4.6,3.1,1.5,0.2,Iris-setosa
5.0,3.6,1.4,0.2,Iris-setosa
5.4,3.9,1.7,0.4,Iris-setosa
4.6,3.4,1.4,0.3,Iris-setosa
5.0,3.4,1.5,0.2,Iris-setosa
4.4,2.9,1.4,0.2,Iris-setosa
4.9,3.1,1.5,0.1,Iris-setosa
5.4,3.7,1.5,0.2,Iris-setosa
4.8,3.4,1.6,0.2,Iris-setosa
4.8,3.0,1.4,0.1,Iris-setosa
4.3,3.0,1.1,0.1,Iris-setosa
5.8,4.0,1.2,0.2,Iris-setosa
5.7,4.4,1.5,0.4,Iris-setosa
5.4,3.9,1.3,0.4,Iris-setosa
5.1,3.5,1.4,0.3,Iris-setosa
5.7,3.8,1.7,0.3,Iris-setosa
5.1,3.8,1.5,0.3,Iris-setosa
5.4,3.4,1.7,0.2,Iris-setosa
5.1,3.7,1.5,0.4,Iris-setosa
4.6,3.6,1.0,0.2,Iris-setosa
5.1,3.3,1.7,0.5,Iris-setosa
4.8,3.4,1.9,0.2,Iris-setosa
5.0,3.0,1.6,0.2,Iris-setosa
5.0,3.4,1.6,0.4,Iris-setosa
5.2,3.5,1.5,0.2,Iris-setosa
5.2,3.4,1.4,0.2,Iris-setosa
4.7,3.2,1.6,0.2,Iris-setosa
4.8,3.1,1.6,0.2,Iris-setosa
5.4,3.4,1.5,0.4,Iris-setosa
5.2,4.1,1.5,0.1,Iris-setosa
5.5,4.2,1.4,0.2,Iris-setosa
4.9,3.1,1.5,0.1,Iris-setosa
5.0,3.2,1.2,0.2,Iris-setosa
5.5,3.5,1.3,0.2,Iris-setosa
4.9,3.1,1.5,0.1,Iris-setosa
4.4,3.0,1.3,0.2,Iris-setosa
5.1,3.4,1.5,0.2,Iris-setosa
5.0,3.5,1.3,0.3,Iris-setosa
4.5,2.3,1.3,0.3,Iris-setosa
4.4,3.2,1.3,0.2,Iris-setosa
5.0,3.5,1.6,0.6,Iris-setosa
5.1,3.8,1.9,0.4,Iris-setosa
4.8,3.0,1.4,0.3,Iris-setosa
5.1,3.8,1.6,0.2,Iris-setosa
4.6,3.2,1.4,0.2,Iris-setosa
5.3,3.7,1.5,0.2,Iris-setosa
5.0,3.3,1.4,0.2,Iris-setosa
7.0,3.2,4.7,1.4,Iris-versicolor
6.4,3.2,4.5,1.5,Iris-versicolor
6.9,3.1,4.9,1.5,Iris-versicolor
5.5,2.3,4.0,1.3,Iris-versicolor
6.5,2.8,4.6,1.5,Iris-versicolor
5.7,2.8,4.5,1.3,Iris-versicolor
6.3,3.3,4.7,1.6,Iris-versicolor
4.9,2.4,3.3,1.0,Iris-versicolor
6.6,2.9,4.6,1.3,Iris-versicolor
5.2,2.7,3.9,1.4,Iris-versicolor
5.0,2.0,3.5,1.0,Iris-versicolor
5.9,3.0,4.2,1.5,Iris-versicolor
6.0,2.2,4.0,1.0,Iris-versicolor
6.1,2.9,4.7,1.4,Iris-versicolor
5.6,2.9,3.6,1.3,Iris-versicolor
6.7,3.1,4.4,1.4,Iris-versicolor
5.6,3.0,4.5,1.5,Iris-versicolor
5.8,2.7,4.1,1.0,Iris-versicolor
6.2,2.2,4.5,1.5,Iris-versicolor
5.6,2.5,3.9,1.1,Iris-versicolor
5.9,3.2,4.8,1.8,Iris-versicolor
6.1,2.8,4.0,1.3,Iris-versicolor
6.3,2.5,4.9,1.5,Iris-versicolor
6.1,2.8,4.7,1.2,Iris-versicolor
6.4,2.9,4.3,1.3,Iris-versicolor
6.6,3.0,4.4,1.4,Iris-versicolor
6.8,2.8,4.8,1.4,Iris-versicolor
6.7,3.0,5.0,1.7,Iris-versicolor
6.0,2.9,4.5,1.5,Iris-versicolor
5.7,2.6,3.5,1.0,Iris-versicolor
5.5,2.4,3.8,1.1,Iris-versicolor
5.5,2.4,3.7,1.0,Iris-versicolor
5.8,2.7,3.9,1.2,Iris-versicolor
6.0,2.7,5.1,1.6,Iris-versicolor
5.4,3.0,4.5,1.5,Iris-versicolor
6.0,3.4,4.5,1.6,Iris-versicolor
6.7,3.1,4.7,1.5,Iris-versicolor
6.3,2.3,4.4,1.3,Iris-versicolor
5.6,3.0,4.1,1.3,Iris-versicolor
5.5,2.5,4.0,1.3,Iris-versicolor
5.5,2.6,4.4,1.2,Iris-versicolor
6.1,3.0,4.6,1.4,Iris-versicolor
5.8,2.6,4.0,1.2,Iris-versicolor
5.0,2.3,3.3,1.0,Iris-versicolor
5.6,2.7,4.2,1.3,Iris-versicolor
5.7,3.0,4.2,1.2,Iris-versicolor
5.7,2.9,4.2,1.3,Iris-versicolor
6.2,2.9,4.3,1.3,Iris-versicolor
5.1,2.5,3.0,1.1,Iris-versicolor
5.7,2.8,4.1,1.3,Iris-versicolor
6.3,3.3,6.0,2.5,Iris-virginica
5.8,2.7,5.1,1.9,Iris-virginica
7.1,3.0,5.9,2.1,Iris-virginica
6.3,2.9,5.6,1.8,Iris-virginica
6.5,3.0,5.8,2.2,Iris-virginica
7.6,3.0,6.6,2.1,Iris-virginica
4.9,2.5,4.5,1.7,Iris-virginica
7.3,2.9,6.3,1.8,Iris-virginica
6.7,2.5,5.8,1.8,Iris-virginica
7.2,3.6,6.1,2.5,Iris-virginica
6.5,3.2,5.1,2.0,Iris-virginica
6.4,2.7,5.3,1.9,Iris-virginica
6.8,3.0,5.5,2.1,Iris-virginica
5.7,2.5,5.0,2.0,Iris-virginica
5.8,2.8,5.1,2.4,Iris-virginica
6.4,3.2,5.3,2.3,Iris-virginica
6.5,3.0,5.5,1.8,Iris-virginica
7.7,3.8,6.7,2.2,Iris-virginica
7.7,2.6,6.9,2.3,Iris-virginica
6.0,2.2,5.0,1.5,Iris-virginica
6.9,3.2,5.7,2.3,Iris-virginica
5.6,2.8,4.9,2.0,Iris-virginica
7.7,2.8,6.7,2.0,Iris-virginica
6.3,2.7,4.9,1.8,Iris-virginica
6.7,3.3,5.7,2.1,Iris-virginica
7.2,3.2,6.0,1.8,Iris-virginica
6.2,2.8,4.8,1.8,Iris-virginica
6.1,3.0,4.9,1.8,Iris-virginica
6.4,2.8,5.6,2.1,Iris-virginica
7.2,3.0,5.8,1.6,Iris-virginica
7.4,2.8,6.1,1.9,Iris-virginica
7.9,3.8,6.4,2.0,Iris-virginica
6.4,2.8,5.6,2.2,Iris-virginica
6.3,2.8,5.1,1.5,Iris-virginica
6.1,2.6,5.6,1.4,Iris-virginica
7.7,3.0,6.1,2.3,Iris-virginica
6.3,3.4,5.6,2.4,Iris-virginica
6.4,3.1,5.5,1.8,Iris-virginica
6.0,3.0,4.8,1.8,Iris-virginica
6.9,3.1,5.4,2.1,Iris-virginica
6.7,3.1,5.6,2.4,Iris-virginica
6.9,3.1,5.1,2.3,Iris-virginica
5.8,2.7,5.1,1.9,Iris-virginica
6.8,3.2,5.9,2.3,Iris-virginica
6.7,3.3,5.7,2.5,Iris-virginica
6.7,3.0,5.2,2.3,Iris-virginica
6.3,2.5,5.0,1.9,Iris-virginica
6.5,3.0,5.2,2.0,Iris-virginica
6.2,3.4,5.4,2.3,Iris-virginica
5.9,3.0,5.1,1.8,Iris-virginica
5.523117523509826,2.9914620897007476,4.469634751208167,1.2649216938124188,Iris-versicolor
5.178353583829408,3.5583364200671377,1.592509663819536,-0.05390018991436729,Iris-setosa
5.797568528170676,3.701264436520915,1.3202604668452678,0.394051399614464,Iris-setosa
5.9026711558672735,2.6181212427192597,4.467998479136667,1.0048165643718479,Iris-versicolor
6.326826907289959,2.434985912877786,5.503181388825917,1.9266855837399441,Iris-virginica
4.60058833791823,3.146221419938417,1.440850326420203,0.24843000535688045,Iris-setosa
5.5214043098236925,2.666930171203257,3.860386568041315,1.0695445049628287,Iris-versicolor
7.578055873646333,3.188694215645905,6.206135932390983,2.4447153790667415,Iris-virginica
,2.8073031693565604,6.31494581636674,2.1010705827161296,Iris-virginica
5.932273188418889,3.055275687949674,4.483140346792121,1.1751614604757408,Iris-versicolor
6.724054937968938,3.000583299239527,5.074610600655508,2.080972006712556,Iris-virginica
6.1555341995299475,3.1339768352899173,5.50995625295234,2.2425814123377794,Iris-virginica
6.752459359423261,3.031307443826959,5.27814288225871,2.0457925690244183,Iris-virginica
6.424734556947003,3.287085013927894,4.875621592168633,2.174826706466479,Iris-virginica
5.222284953853599,3.4572144922966865,1.2546446173276753,0.4082264216112049,Iris-setosa
6.826348776298775,3.20942421362634,5.497298561537617,2.1710774626877143,Iris-virginica
4.432106686770529,3.446864234815229,1.260735172446487,0.09846971614576336,Iris-setosa
5.9678095710634045,2.7238985120174632,5.277496600601325,1.929090721896147,Iris-virginica
6.763618945758608,2.787521346495652,5.599384353821325,1.7812798384584476,Iris-virginica
5.497690297778137,2.243538782254145,5.091416796826801,1.765487562846784,Iris-virginica
6.18749249295842,2.6994787911693083,4.747086606032555,1.3071348729956485,Iris-versicolor
7.7454504246758376,3.172701934510608,6.329207412705319,2.4737763685294842,Iris-virginica
5.199819730218465,2.8364555020890942,4.186546150549683,1.6237547872458034,Iris-versicolor
5.518180700206323,2.4190976439817344,3.872634225366886,1.2974112974063543,Iris-versicolor
4.409384596921324,3.494024633968045,1.0828601843605288,0.327845942786875,Iris-setosa
7.473139510383456,2.701381260355534,6.310834387523405,2.408200945751293,Iris-virginica
4.655588943099002,2.795179116960404,1.6074732543305612,0.40311602494419524,Iris-setosa
6.799593047212286,3.2739566361077426,5.577422467624786,2.1702763181468563,Iris-virginica
6.481317483484294,2.7833457012268865,5.490576062884535,2.2721621735554978,Iris-virginica
6.276866476402765,2.8112712100180275,4.143872475419723,1.230606816510023,Iris-versicolor
4.976532661481928,3.255331018782882,1.1218313730471927,0.2181896963276075,Iris-setosa
5.200117694376084,3.1226702553701915,1.6437070655914345,0.6185780092142141,Iris-setosa
5.264346984161287,3.338091140944019,1.2232103796238574,0.112847304222746,Iris-setosa
5.37720156406154,2.67051818468573,3.03409740469434,1.13060984389254,Iris-versicolor
6.456616221859686,2.7709114223346045,5.184883370078182,1.989706016423741,Iris-virginica
5.167340624302402,3.201138672957762,1.454840590070511,0.17500116693221301,Iris-setosa
6.624491110277069,3.288858411251229,5.759749228225185,2.5721953707007663,Iris-virginica
6.520059663469902,3.079259120538249,4.439062912717533,1.3879084572401879,Iris-versicolor
6.951251959825406,3.2699394284085828,5.4533079994024325,2.3157464418127978,Iris-virginica
6.173201027668203,3.2488463809892534,4.6892794281450465,1.6828301654668234,Iris-virginica
4.976066686475702,1.9295437797698456,3.484289070260921,1.0444931930316508,Iris-versicolor
5.65091318874188,3.567757066552919,1.5676294885711834,0.2192904901266359,Iris-setosa
5.9433667866254725,2.8408488233283267,4.030711068212491,1.402745329447788,Iris-versicolor
6.62063470137037,3.063797420785448,5.07690888999623,1.7986067961995154,Iris-virginica
6.445462147402634,2.9558871134060003,4.565190650437672,1.81879219767506,Iris-virginica
7.44853631892908,3.420084801735171,5.81578308915405,1.7657940613831218,Iris-virginica
4.433888495936326,3.1064514798724265,1.5565054363691848,0.24757343699089623,Iris-setosa
6.6989713799566495,2.816541748846078,4.3093286188628115,1.5430159526234328,Iris-versicolor
4.876969495173862,3.0100341281930776,1.35022131559277,0.39682379250812333,Iris-setosa
5.096988207210254,2.355682562851335,3.424693243493162,1.2519380260813349,Iris-versicolor
5.392574662255888,3.3377277769749414,1.3411389394410955,0.23966816971172222,Iris-setosa
5.822148825199705,2.8788647788176105,5.1350070071404605,1.820559849372932,Iris-virginica
5.456365927426707,2.667758285478392,5.0396575818413405,2.039504421614462,Iris-virginica
4.897542808744406,3.7233928550073516,1.4570786076359268,0.4823469956636508,Iris-setosa
5.180015923232883,2.6335341165783244,2.8975778959751284,1.0792774925397857,Iris-versicolor
6.113492171965238,2.9982911154728313,3.9542175831861828,1.510074421996722,Iris-versicolor
5.538975300376393,3.8214862844725537,1.538797648218965,0.6601331748779686,Iris-setosa
4.973447077767255,3.8725170774301634,1.2599148633749784,0.21407515936822685,Iris-setosa
6.146187966077054,1.9112373072306281,5.17742469748075,1.3376074656791948,Iris-virginica
6.0770430822384,3.1896092601139254,4.8107846500368865,1.6835255976383388,Iris-virginica
7.547851883462289,2.7601608684473957,6.754410986448416,2.3876816483659904,Iris-virginica
5.94303948464767,2.2086768582120864,4.923280816565747,1.5871522396105395,Iris-virginica
4.2244856818045715,3.28292453180049,1.5302173112581725,0.18999020594751653,Iris-setosa
6.0309024433930505,3.6470957070391297,4.664296382535371,1.5538779482636742,Iris-versicolor
5.834709807765077,2.7623908292595436,4.858305867478022,2.1013943335600453,Iris-virginica
6.369631365032893,2.7586116460439527,5.557185686460475,2.3719381034591676,Iris-virginica
5.6990424827676165,2.5103286045965225,3.4393307063520626,0.7525812188103556,Iris-versicolor
6.568154698388189,2.841676152839508,5.1416226152687345,1.417401162520034,Iris-versicolor
6.802505101759364,3.158708956082399,4.812217157958581,2.0979077863034306,Iris-virginica
4.5221039400654774,3.4680760702900453,1.9470621377463058,0.0837527757842094,Iris-setosa
5.997359669787689,2.770841200783952,4.186568177760705,0.7369439932800899,Iris-versicolor
6.510350157536061,2.9104779528258367,5.799024771263316,2.376346721204819,Iris-virginica
7.993553725796924,4.031522295031781,6.18482261344919,2.2401959631731523,Iris-virginica
4.562032653284745,3.166420805991499,1.6018758926956727,0.3164336803817234,Iris-setosa
5.948299089090495,3.078648464350717,4.558377880105729,2.053543494096517,Iris-virginica
4.461018669697234,3.189313635344448,1.3176109693382805,0.24670997009939238,Iris-setosa
5.186685881099655,3.336363755436443,1.3306663252658486,0.12898360590416258,Iris-setosa
5.9946227225513615,2.833708511192852,5.05141011900874,1.805821009831154,Iris-virginica
6.746622768441847,3.052908412237781,5.415175532320202,2.0898161374440924,Iris-virginica
5.785112901100203,2.9323372752555525,4.8668975952755895,1.9369354735532265,Iris-virginica
5.816226270430857,2.7206553915690908,5.054690770452512,1.5523990737084175,Iris-virginica
5.644737024957969,3.5911222142778865,1.471509392942698,-0.020981676903288782,Iris-setosa
7.80546669705035,3.512976843209263,6.582905488654553,1.9313450870917919,Iris-virginica
4.86233314217059,3.3130052664754497,1.5032908166378856,-0.011444197431851877,Iris-setosa
6.49512186455387,2.956288764338201,5.368396358315126,1.7841296271182112,Iris-virginica
4.803449476352424,4.061006004144725,1.7915037144232464,0.4673153394903786,Iris-setosa
5.5367512068147695,2.888708741172276,3.917733432386182,1.0028220177717166,Iris-versicolor
4.211887642937727,3.157755865784931,1.3157112024546294,-0.06832086647312463,Iris-setosa
6.684421193706094,3.246320688353407,5.09292401508086,2.297490653744668,Iris-virginica
5.183537249838768,3.760984606483185,1.6881280623614532,0.4490732312405231,Iris-setosa
4.270329296751618,3.06926441738531,1.3446633976472495,-0.12221674174101854,Iris-setosa
6.589732565015738,3.161786201572707,4.187450265333183,1.5021751169594277,Iris-versicolor
5.169266014662494,4.02758622776814,1.107259957063714,0.29534538401612875,Iris-setosa
5.103408445379694,3.2773543825948126,1.7503273597554472,0.21351376169722736,Iris-setosa
4.930557998397547,3.137794536034711,1.5587533815459893,0.19511740863908114,Iris-setosa
6.528028185169036,3.098439599012899,5.421055845393906,1.9283505196145305,Iris-virginica
5.52362579531988,2.501363441827702,3.4368042362945004,1.2452266270040742,Iris-versicolor
5.948689622926136,2.5958533108371986,4.3755866148889995,1.1576749885693602,Iris-versicolor
5.16864270941569,3.0048623969672503,1.3261678750960788,0.2660534942762084,Iris-setosa
4.514095126828012,2.9131955487408434,1.6000604015598632,0.4663583789141986,Iris-setosa
4.314462644915414,3.1542522682107106,1.491510573256431,0.3450140376083069,Iris-setosa
4.563178488986465,2.9343710797480247,1.6263536256497773,0.40396242377998526,Iris-setosa
6.623501107890266,3.24387938589554,5.330908551480495,2.0387535521027256,Iris-virginica
5.792163397172801,2.408322384950569,4.802048318451969,1.6376974288658204,Iris-virginica
5.022508719500248,2.898059361185438,3.6187677127323665,1.6158783106127173,Iris-versicolor
7.2065364407597965,2.844124440350188,5.84793741282139,2.187083843872483,Iris-virginica
6.902928654233838,3.272181753889302,4.460806184532795,1.141045878566649,Iris-versicolor
5.168756136728237,4.045355408243813,1.5875528270203891,0.41984975587981066,Iris-setosa
6.347287581795097,2.626466444620852,4.434347394183263,1.5050551112151496,Iris-versicolor
4.765632485602646,3.2289877111148164,1.143939119040001,0.38051517100058174,Iris-setosa
7.358033874122248,2.7163585979783194,5.706832989888588,1.8389417760786957,Iris-virginica
5.296303101385748,3.553377073128715,1.1565945592218148,0.42651110779472934,Iris-setosa
5.554831823621487,3.863049309601488,1.3520212490092574,0.2888827454338137,Iris-setosa
7.194068037695812,2.7666669283121474,6.058496956689648,1.7888093366508007,Iris-virginica
5.230775890719586,3.598719293532544,1.1221223010909662,0.24176308483564735,Iris-setosa
5.2262728460084045,3.9230567872899984,1.8655131702469372,0.699457365824216,Iris-setosa
6.564694679983874,2.46640679748491,4.887693672031537,1.6075419425758566,Iris-versicolor
5.0056072132765745,2.280647018951433,4.274598440148916,1.6679732620200614,Iris-virginica
5.085790891174279,3.4529955487419777,1.1988551035990205,0.13835688330364487,Iris-setosa
5.67960480229547,3.8066789421940412,1.4315352704155286,-0.05529424939934696,Iris-setosa
5.2693833495511635,4.248887562277916,1.1869389403318344,0.41813328604659716,Iris-setosa
4.9204080998789115,3.3646187668045973,1.6341103263920949,0.37355499289443606,Iris-setosa
7.550354096284836,2.796904782476928,6.512042562575392,1.5646060981217942,Iris-virginica
7.134695651591156,2.8996031280366905,5.006267202868397,2.500954389530997,Iris-virginica
5.52114355068241,2.824791407676705,4.43990014837171,1.0817370359721319,Iris-versicolor
6.640001155168866,2.9862406928194933,5.654781300471992,1.9138607326847898,Iris-virginica
6.665958406282997,2.6711061023512843,5.716056315995486,2.256802056681143,Iris-virginica
4.87481970183086,2.18417957808725,3.3270705631889066,1.105794761092096,Iris-versicolor
5.07855975289188,2.7086496039964785,3.1960157988672337,1.2659456521009138,Iris-versicolor
6.764449106908388,2.796030336788678,4.626492105033943,1.3353167661092642,Iris-versicolor
5.6292680312784,2.5382406205527355,4.24784424905803,0.8853337613230536,Iris-versicolor
5.885269252428301,3.209498369405545,4.685422309358478,1.3684948640800678,Iris-versicolor
6.560291727178282,2.561014744730868,5.039063474123854,1.3624597233366893,Iris-virginica
4.70436473596717,3.490703901389465,1.2198860943234058,0.18312358489898928,Iris-setosa
7.554040244853418,3.2527092841806255,6.102610895587489,2.4822795172301992,Iris-virginica
7.849039338008947,3.005989656822562,6.524145850402547,2.1465039239990262,Iris-virginica
4.580365236054102,2.9111897619421625,1.6370185969465747,-0.05170878199935158,Iris-setosa
5.768264353965774,3.0969390152614156,4.269257492200827,1.5098317975379316,Iris-versicolor
5.656334533678491,3.7549968515975727,1.1593917677135992,-0.011824625480242795,Iris-setosa
7.138448148192471,3.390791042830766,5.809027559684826,2.519024709652331,Iris-virginica
5.299520001695417,3.980062861406486,1.6072182152358983,-0.1325131224819525,Iris-setosa
6.4426101895739025,2.9451204679686684,4.979583326516171,1.8794661058304092,Iris-versicolor
5.675178230402941,3.0196239868000907,3.920101461861392,1.2884781034086321,Iris-versicolor
6.41102466134714,3.07041464518334,5.565785357376504,1.6781807425056277,Iris-virginica
7.182818055666515,3.3555557412588497,5.822042923459474,1.9471813536065912,Iris-virginica
5.542656304868725,2.0575440891651926,3.802433668815966,1.2901466297804247,Iris-versicolor
4.563877659127076,3.2911517561447616,1.6722992953381635,0.07475111723604577,Iris-setosa
5.774514092025589,2.28051500711717,4.945233442348954,1.4584972709890076,Iris-virginica
6.797365315974313,3.398242134112335,5.6170575284344055,2.2150670291144614,Iris-virginica
6.243410466757516,3.604431108515041,5.616449667755376,2.3475190633993988,Iris-virginica
5.666092218795816,3.754952311640907,1.2000038945280995,0.3990008453598249,Iris-setosa
5.963400691452678,3.132457633732644,4.076008478124148,1.0626693469046316,Iris-versicolor
5.6998575681304,2.817330837953877,3.9456391920780964,0.9977002382758293,Iris-versicolor
7.1441408732669585,3.1114380067973015,6.073004455246541,1.9459881160969736,Iris-virginica
5.618282411687767,3.4370866751036186,4.647703931908229,1.6481907588420395,Iris-versicolor
5.725480848756927,2.986649369306285,4.3536097468036665,0.7137725623385156,Iris-versicolor
4.993904224451976,3.846452637485626,1.274269839192314,0.14700735483249563,Iris-setosa
5.390232139119682,2.54566183677797,4.892467676145183,1.9038725158953762,Iris-virginica
5.375595693875233,3.024646030595121,1.57297203307308,0.7605071793270439,Iris-setosa
6.9322893689093785,3.248612783353138,5.607641368968203,2.4307476602810416,Iris-virginica
7.4180107757308305,2.679422254959066,6.499851648853922,2.1721881430842034,Iris-virginica
6.155984387615588,3.248166719402167,5.8587586688035636,2.2784003466600327,Iris-virginica
5.581046583691737,4.06415741240272,1.421348255287764,0.4061155018732592,Iris-setosa
5.824286168825511,4.158479711932866,1.324435932374999,0.33394474264767743,Iris-setosa
4.971108467554294,2.275714530159864,3.6592328610166303,1.0766148853598678,Iris-versicolor
5.603219563765072,2.872940489789209,4.234204586777597,1.458380362910122,Iris-versicolor
5.1571384035001895,3.531909137842213,1.799735243571064,0.15530806682132672,Iris-setosa
5.133226637710496,3.249430631959602,1.5846979025319219,0.08340781055413593,Iris-setosa
6.162147054996768,2.914050629831863,5.345684637887308,1.7915136741101725,Iris-versicolor
4.972851045054199,3.1809087674322902,1.3581381609212215,0.32435871072878325,Iris-setosa
4.60179439318511,3.095104363263455,1.7354032876460277,0.3256774810312045,Iris-setosa
6.540898115147561,2.980264118227826,5.51744943740998,1.9458671310645674,Iris-virginica
5.718753555359505,2.6635916784634435,4.3500460765220375,1.3842097099955943,Iris-versicolor
6.97920819633525,3.085469595552906,5.403605362312003,2.3844829733465693,Iris-virginica
4.732376393332749,2.984139475668142,1.437454759838383,0.14517044137363602,Iris-setosa
4.842311487980592,3.5565326434102817,1.870121908710842,0.13506113706068432,Iris-setosa
5.836659454521067,2.668397454305888,5.056493178610978,2.0497380954452695,Iris-virginica
5.355466482606068,3.507798479907417,1.3366427601583133,0.4365944668411469,Iris-setosa
5.425968562332673,3.294898514071597,4.185664885618548,1.3547116601052842,Iris-versicolor
6.590333036898075,2.7934866694462976,5.648138234800369,1.946462495706658,Iris-virginica
6.143941516174202,2.610029082469566,5.331969598127793,1.7080114354488511,Iris-virginica
6.2579365258487085,3.0860125583397124,4.403067015578555,1.7612223769588866,Iris-versicolor
7.857952912546532,3.9575269909711928,6.1063922814388105,2.2572133565529926,Iris-virginica
5.744603528163055,2.744277056176957,4.258249760632064,1.1567454460639859,Iris-versicolor
6.435274186176745,2.5319225996147976,4.610189745791918,1.9139006191934194,Iris-virginica
4.841360914263968,3.051142211979888,1.410703950932647,0.3744740096011676,Iris-setosa
4.909099604418041,2.804360667305974,4.169764493561116,1.2364646851542636,Iris-versicolor
7.138547243404752,3.071018854645937,5.804772691050492,2.557694137841338,Iris-virginica
6.652025649524671,2.8326985433404817,5.287258234348908,2.313959544270726,Iris-virginica
6.41398884169448,3.397728809020876,5.882647954950587,2.5858897471958593,Iris-virginica
5.569242250663655,2.5128989720703365,4.830341311661505,2.159431872092262,Iris-virginica
6.828514186424882,3.126642995126571,5.50968709731875,2.783508812129579,Iris-virginica
6.549669499565465,3.1698019521917544,5.678432384143067,2.4676170801739707,Iris-virginica
5.012909411728165,2.0986921917753563,3.3407181787574274,1.0989933259653024,Iris-versicolor
4.816658755180037,3.5372139864818273,1.325541311172031,0.13999919509115472,Iris-setosa
6.273496164389661,3.1556141246904454,4.458404610988466,1.418014589216385,Iris-versicolor
6.037179811312527,2.772607832440062,4.753886315154377,2.0018543104722073,Iris-virginica
6.338348976334657,2.9083310466154586,5.111976453976801,1.7515984580585076,Iris-virginica
7.184420191585714,2.587724794012989,6.398622048136882,2.028940099822432,Iris-virginica
5.4708211800736635,2.930365407017763,3.933940721276577,1.3553258592658068,Iris-versicolor
6.333547050396999,2.869495966344084,5.202782171111569,1.6997286645705036,Iris-virginica
4.679552972080715,2.9696616430214218,1.680704107105718,0.31173595114780966,Iris-setosa
6.219822504058261,3.1247092001941477,5.140985801882035,1.8210352574840862,Iris-virginica
5.6538326689575875,2.947468215099531,4.784973492039387,2.1585641704301652,Iris-virginica
6.304758935286175,2.3025837751724043,4.926623546800568,1.815933424593785,Iris-virginica
6.065744521103351,3.0253883760563554,5.543761582607306,1.6275397737511512,Iris-virginica
4.86046666669612,3.412812746135832,1.263808533914737,0.4813487223011787,Iris-setosa
6.558820789647712,2.7820541871477396,5.004480253716451,2.049906070015933,Iris-virginica
4.401260818705214,2.5643204021272306,1.4722733892069888,0.4974493462252377,Iris-setosa
6.33760928661738,3.1638145125883756,6.210269913441641,2.45945342921768,Iris-virginica
4.76431253759261,2.290490426142906,1.3084936001613936,0.42394082964820096,Iris-setosa
6.649200245659902,2.8718134004275893,5.196125511903074,2.08794308545305,Iris-virginica
4.855856217375645,3.4761359077114986,1.5434215516806162,0.05964223105116617,Iris-setosa
5.858070887997246,3.0955479395596126,4.970570207053401,1.5079543193724534,Iris-virginica
4.950742745710307,3.446233275987077,1.3448647803042058,0.06832638783406311,Iris-setosa
7.091894832550803,2.8393154406219887,4.639647447398081,1.478124768197664,Iris-versicolor
6.96074448632388,3.3609687005162883,4.325251247772195,1.154410168607429,Iris-versicolor
5.524160657591942,2.5254013952495944,5.199574923558333,2.539348820064323,Iris-virginica
6.256501397010172,2.8464826027871784,4.571545974578332,1.2907411004282796,Iris-versicolor
5.2282593699882645,3.3804278103884755,1.624872205083807,0.18608819697541745,Iris-setosa
7.446241554488509,2.7286294179335466,6.459580858913803,1.9207171888354322,Iris-virginica
7.136506360416855,2.97685003109188,4.923322829863661,2.3152983983811937,Iris-virginica
5.607894849856097,3.7291512952626364,1.4557633138271624,0.3429341293763104,Iris-setosa
5.110790475919294,3.1283470346349693,1.6581337301183534,0.5826021209164983,Iris-setosa
6.868527610658063,2.821096131168908,4.914874004960807,1.6852747688430085,Iris-versicolor
6.402920204370069,2.658106658025746,4.392285512940187,1.3100765759046826,Iris-versicolor
6.196919327312976,3.603541158930654,5.444176856437812,2.305709842689587,Iris-virginica
6.446170862208749,2.4554930469884773,4.819910101224327,1.7144018138743875,Iris-versicolor
5.78224043357318,2.241669269835835,3.9943844139128677,1.2244236570480602,Iris-versicolor
6.6128351171952975,3.2348374213365765,5.11845317556589,1.8070507653260093,Iris-versicolor
5.7939532256978215,4.21678198976087,1.391890016205206,-0.059270490349683125,Iris-setosa
4.546458718425691,3.4601980928873632,1.0360168260244444,-0.0510642932375755,Iris-setosa
7.473909157069478,3.370319141568795,6.042839588634035,1.902019654910895,Iris-virginica
5.14968345827186,3.3894555159830784,1.415348471943025,0.35546998508389777,Iris-setosa
5.952046017917246,2.6583914875079184,4.072825918138154,1.4215081474940872,Iris-versicolor
6.9786122138806155,3.474056948745595,6.291354675006008,2.608185877046152,Iris-virginica
7.901145675373714,2.6878413042691753,6.5434741952192805,1.727942027137564,Iris-virginica
6.792360230481874,2.913469587083844,4.702042836381692,1.6680066640796136,Iris-versicolor
5.907024238545543,2.475680168354239,5.239622743858558,1.6493935090895726,Iris-versicolor
6.601150127490854,3.0933686243286496,5.729325777692931,2.34037077097232,Iris-virginica
6.6540588336748066,3.007882358992912,5.206972007639261,2.0258206907431275,Iris-virginica
6.03900263881473,2.8249164947747554,5.732079154584667,1.5278301913494754,Iris-virginica
6.444520761850583,3.421851157661855,4.560653406418034,1.2307704408093887,Iris-versicolor
4.977310856092643,2.927051242188115,1.2735932024293457,0.26737798950407976,Iris-setosa
5.905037631948348,3.0313378985267083,4.729784950005106,1.6088415874485276,Iris-virginica
6.882081000866337,3.103354112704093,5.6628948145920255,2.2380378168672044,Iris-virginica
6.226356635441824,3.134017091787483,5.107138367369522,2.0400103043201123,Iris-virginica
7.529462512467007,2.9373387210706046,6.017256625293647,1.8471268490294084,Iris-virginica
5.392027894976447,4.180248607779506,1.1538941534950453,0.010841933336793258,Iris-setosa
7.26855982868957,2.8052082468590975,5.947938117216844,1.689154349022318,Iris-virginica
5.858450893269349,2.882814456541278,5.702466939655289,1.5336794787900745,Iris-virginica
5.389295708249767,2.922167804738314,5.085623627374696,1.9614391948719456,Iris-virginica
6.654212087441931,3.06643475286235,5.44056486402734,1.9965097053497671,Iris-virginica
5.031841739450659,2.9120347824879906,1.2220364225898557,0.4533767493040346,Iris-setosa
6.930841512057882,3.3980450743936546,4.860689474600039,2.5876910514832367,Iris-virginica
4.8136150900925605,3.6385468944288966,0.7137421257823053,-0.08609201828730634,Iris-setosa
6.284568831157029,3.309362767336647,5.42946851331664,2.420906097086383,Iris-virginica
5.260697217902277,2.0952475110424285,3.6811104153835386,1.0670932638734054,Iris-versicolor
6.53161202682853,2.313786433673282,5.825787304349826,2.072155114740121,Iris-virginica
4.65101244654539,2.9972185573599734,1.1333340087600492,0.39605979770272337,Iris-setosa
5.294925860201787,2.1239075372444804,3.3020787733864743,1.2204474194442045,Iris-versicolor
5.891020776119078,2.9690811732299984,3.8994460472162498,1.0856609548987286,Iris-versicolor
7.794119367502757,3.7525778939593253,6.7941537469261375,2.3918192050240825,Iris-virginica
6.511143897214576,3.159378186174351,5.1478789125734625,2.5065145033926535,Iris-virginica
5.329551376813445,3.5379441207601476,1.7876806239586975,0.20006070423585143,Iris-setosa
6.327592191474938,2.5456558241204204,4.5898560061107885,1.7180104696148055,Iris-versicolor
5.772840046616442,2.748073845606739,4.382311356345147,1.674057516178077,Iris-versicolor
5.6442230356046545,3.9647805066445176,1.8055028740314245,0.2968359161392061,Iris-setosa
6.579937536853811,3.2441621055580643,4.41247199195931,1.6049494772421886,Iris-versicolor
6.389920102350123,3.0875622727512027,5.022952554963515,2.235300372824905,Iris-virginica
6.854638561366326,2.9180323896607843,5.154498999222758,2.1412422529543504,Iris-virginica
5.667372937021857,2.650564003687273,3.957849562880322,1.0707518697819343,Iris-versicolor
4.829443044992266,2.116618726322007,3.4777436488757454,1.115195949052288,Iris-versicolor
5.5675668419494695,2.7873325069843213,4.664937993449617,1.4193034272295286,Iris-versicolor
7.627789564928486,2.7229702241421965,6.974955864519712,2.1746510680475906,Iris-virginica
8.145965250296523,4.072925456788932,6.220839740218872,1.9604979784962557,Iris-virginica
4.668604195995556,2.9299968915399544,1.5586654821949182,0.2018145854032934,Iris-setosa
6.669263827213064,3.3183210416335016,5.3507507534421395,2.220089290985411,Iris-virginica
5.635392025586224,2.933211395219342,3.9019064164666037,1.5321570670801472,Iris-versicolor
6.629032147874851,3.0406980741978424,4.421960312507465,1.2783911567494302,Iris-versicolor
5.055506069409514,3.287756617735657,1.4859190445438826,0.4251295795576907,Iris-setosa
5.405265366445112,2.5426745447197296,4.1059576974118235,1.3584289292688412,Iris-versicolor
6.22523453391058,2.4612371795362367,5.2766060182323695,2.1195015535855006,Iris-virginica
7.479477713797543,3.1505446779838255,6.121032303765188,1.8085493657474425,Iris-virginica
6.464215981872462,2.997796248036147,5.096979756000201,1.7446433952174245,Iris-versicolor
7.407083770638796,2.791319169124069,6.927339375172764,2.1075338998862767,Iris-virginica
6.99273989050294,3.4365060237924334,6.337520781487221,2.4881745370918,Iris-virginica
6.398880770135797,2.624361507334158,4.997089680279387,1.07371143874927,Iris-versicolor
4.9786982192083995,3.442978453951895,1.6150556834548433,-0.08464787274982011,Iris-setosa
4.716403027584834,3.1410563119165262,1.445022306409173,0.43938906111406884,Iris-setosa
6.663518084926848,3.173201029240858,4.195504524342878,1.5411915542834238,Iris-versicolor
5.482484866697892,4.432858418488688,1.4234487115958765,0.16009588416038234,Iris-setosa
5.066533228267067,4.057228079626525,1.6992762522317804,0.02977859248533843,Iris-setosa
4.625106371118007,2.49674784492565,4.525990491214744,1.9559697372621347,Iris-virginica
4.88574224295936,3.4278850734519786,1.246121415001972,0.21799219058618013,Iris-setosa
7.609528515910502,2.868125648566586,6.838563480907691,2.5483436416226852,Iris-virginica
5.6180505890496075,2.5937526456521676,4.906002323371781,1.8498673847264895,Iris-virginica
4.946119473733948,2.110072063171704,3.4191675990182957,1.0195153724565313,Iris-versicolor
5.555216886695705,3.5407942171096245,1.9621940854359508,0.2656422573538115,Iris-setosa
5.903515654204095,3.1478160385384553,3.9573415230111775,1.0790457807686091,Iris-versicolor
5.024731867093468,3.29002319790031,1.227485029710339,-0.07989624198743323,Iris-setosa
5.469136388474092,3.136590212749577,3.944831829074638,1.2580770294105161,Iris-versicolor
6.037630937008202,4.174052284975374,0.9787116988163592,0.1570740422918978,Iris-setosa
5.134471845823245,2.2962124414482123,3.36333836377507,0.9068370468148123,Iris-versicolor
6.14684362255907,2.693527943189702,4.231651240410579,1.388865576231862,Iris-versicolor
7.530122164472385,2.9202162959599924,6.265543891342372,2.0859673257098144,Iris-virginica
4.925179027843133,3.5372271456879023,1.8329742915912415,0.2728149988034048,Iris-setosa
5.032989172546283,3.816494962644655,1.2295141644678587,0.13879336425356004,Iris-setosa
5.647363934774714,3.829578580084166,1.4773855717584694,0.5307862519966003,Iris-setosa
5.331611026115565,3.3716141637820267,1.4322093181619857,0.19732904027648407,Iris-setosa
6.709933735569805,3.3198851995065137,5.344918402825863,1.7087485533086584,Iris-virginica
4.700131043691205,3.2330961386542594,1.2696968915212965,-0.12580660307649408,Iris-setosa
7.646433045125768,2.92321327199473,6.47498601593913,2.354794342904626,Iris-virginica
5.536515382875184,2.7134607308647,4.3459388666204255,1.1188742172737178,Iris-versicolor
6.640061426568775,3.362944987435317,5.0669858293429035,1.65263389456529,Iris-versicolor
7.627717784996695,2.6178047151792763,6.346478160971492,1.714470444079778,Iris-virginica
5.504385992540569,2.747972128436285,4.253565204212787,1.1667325158344106,Iris-versicolor
5.573894460479807,2.307830924332151,4.254405430157721,1.3020463707085144,Iris-versicolor
5.28699264127387,3.710012803294925,1.6895187775835037,0.45656361164635645,Iris-setosa
7.779053698583181,3.9840035418448463,6.786880556458564,2.337126417666433,Iris-virginica
6.06109372055326,3.163739831242615,4.822751354046671,1.3068018013207081,Iris-versicolor
5.3588998718717535,3.781550646954828,1.2838553382377205,0.356302054116619,Iris-setosa
5.513453160674525,3.0886366786781627,4.350752465753285,1.2509823099288708,Iris-versicolor
7.454780426905305,3.0956316898743164,5.53893901951167,1.8275994965905202,Iris-virginica
6.525116513777327,3.128565798791023,4.762277580687834,1.4157576989827716,Iris-versicolor
4.960245943703614,3.3967869242927797,1.3078523966275017,0.17121927881003224,Iris-setosa
6.21165916508322,2.3994206630179953,3.764652785638756,1.2583175437568999,Iris-versicolor
6.0697005676205755,3.0252053163533454,5.012626867542047,1.680344358973213,Iris-virginica
6.392437821874205,3.1856469650455135,4.618652014568578,1.6420241620391787,Iris-versicolor
4.782909422414898,2.7145545107464213,4.369970191823607,1.9839168500963333,Iris-virginica
5.236313160933372,3.78299802528323,1.248015297198891,0.20963716533081295,Iris-setosa
6.7094064816158525,3.0471147777442784,5.128133046972438,2.0037047807908572,Iris-virginica
5.695863921739352,3.1290693908176976,3.8350735908862483,1.5395464003844346,Iris-versicolor
5.10835659116232,3.575761256057025,1.539840182396222,0.48141623660936983,Iris-setosa
5.7911776946417515,2.721313845735158,4.946190944611565,2.3543848864147767,Iris-virginica
6.59291854898026,3.1003752770655666,5.218765522625953,2.5467328923251427,Iris-virginica
5.606345567412909,4.1347319334842,1.5080434527292774,0.1607699647204761,Iris-setosa
5.986847999383477,3.0612770750796043,4.56694878323068,1.477474879843559,Iris-versicolor
5.914319894040594,2.7083717729792975,4.591579500946042,1.3548624576184352,Iris-versicolor
4.880697662243745,3.713269265971811,1.1212908543655522,-0.031923971358865044,Iris-setosa
6.059646041565239,2.738624257749437,5.691317349306136,1.3557250685390185,Iris-virginica
6.367785323137434,2.8148016088674814,4.996684421593704,1.9754691598819087,Iris-virginica
5.86683451376306,2.858339346324727,4.400736260839139,1.409227257921279,Iris-versicolor
5.044163746548941,2.2429769427188417,3.12459660350514,0.8136455679473698,Iris-versicolor
4.3049155351161215,3.0233374395083232,1.331534687286811,0.4229264556004939,Iris-setosa
4.966717084120978,3.049822141719752,1.1589963153264282,0.22809411414066028,Iris-setosa
4.779559850336391,2.103878589797841,3.0891164460608502,1.2937572531847212,Iris-versicolor
5.7131061647608,3.814523014726204,0.9480362013384354,0.213123754596323,Iris-setosa
5.057559570848144,3.116521580473014,1.3081176814436604,0.4812622096818209,Iris-setosa
6.5952745572597555,2.927045068907038,5.6955412860944765,2.420286249572642,Iris-virginica
5.469756181805237,3.4266731344263244,1.576729722047686,0.27616740898015135,Iris-setosa
5.425612807414368,4.452153517883456,1.5778322589303493,0.3585875014116883,Iris-setosa
4.503761448708434,3.388212642676967,1.5822681033914832,-0.08221147829172759,Iris-setosa
5.101690430970826,3.6434243567458893,1.573749218708861,-0.017396660304577344,Iris-setosa
6.261034069118787,2.7530008937692836,4.525516410565461,1.9151184113092712,Iris-virginica
7.007123517588794,2.9533690313243963,6.267295019965535,1.8841944928262007,Iris-virginica
6.59281424451489,3.015649075300609,5.362270430774821,2.1153204039198146,Iris-virginica
4.274411702347598,3.1526281320348404,1.1043391080976948,0.2515210856806886,Iris-setosa
5.4902759182129,3.8298917559868233,1.1140389228195038,0.21955115376546755,Iris-setosa
4.772827383737953,2.3071806863827398,1.0763552059109265,0.2518482488166919,Iris-setosa
4.913584598868651,2.6985312855910286,4.742098438871688,1.957043896107081,Iris-virginica
5.031300562997923,4.133582709266327,1.4414280073675014,-0.15003898452965933,Iris-setosa
6.8488238851496535,3.1339823269296945,4.536100985224183,1.1545056001147043,Iris-versicolor
5.246074385111631,3.242198085571262,1.5248111287253954,0.17385820605803737,Iris-setosa
5.79065452374944,2.453473650420554,4.327798988557413,1.1469058012151572,Iris-versicolor
6.005987614892698,2.6453658234154744,5.116697276347891,1.4874087473382376,Iris-versicolor
7.553369267960179,3.9589029810166005,6.652396968254709,1.915465700470755,Iris-virginica
5.822720018724333,2.750936330437705,5.164384694656242,2.4918799270757908,Iris-virginica
5.119111674803863,3.318683926661563,1.3517749466732067,-0.13481732386518736,Iris-setosa
7.13296737384223,2.9439178345727983,5.809572250738274,1.532426222396595,Iris-virginica
4.5705768046664215,2.8393452377212496,1.3908136116343572,-0.05541742671917696,Iris-setosa
7.584331659820824,2.7567490727267496,6.762445177233007,2.3211794341736085,Iris-virginica
6.590318244739103,3.009617659248834,5.826848874462749,2.259217201018151,Iris-virginica
4.785378637646571,3.4040626871794246,1.5661463066167625,0.2620357852732568,Iris-setosa
7.771715126764979,3.9052707557608506,6.239060951453671,2.1371875977245116,Iris-virginica
5.414667800780307,2.4959903497909934,4.317853191662793,1.4965267776337936,Iris-versicolor
5.661165561815345,2.742930174736111,4.831753918057314,2.071901889645674,Iris-virginica
5.688230509642756,2.897500949045378,4.172344139452155,1.1422976028478573,Iris-versicolor
6.508843806381373,3.112235707794998,5.727929586616582,2.31266922674129,Iris-virginica
5.486879925629372,2.788301636809516,4.3545489156514074,1.5834607100830704,Iris-versicolor
6.28551890060744,2.815083212260256,5.4585860603256195,2.00734090743897,Iris-virginica
5.934972030302526,3.3935127933033,4.38150597859151,1.821067097452642,Iris-versicolor
5.6833010814385965,2.555262621834067,4.9591456155241165,1.8340272705097052,Iris-virginica
4.9679367656427855,3.8465164254803477,1.671026289115129,0.5368500754135592,Iris-setosa
6.973303551515573,3.365398651212716,5.5523720929181835,1.8636764844914604,Iris-virginica
5.3769958953367105,2.64708549618797,3.821061959580094,1.1931049948852595,Iris-versicolor
4.340796722246206,3.1852759408910774,1.4469036300789186,0.4648308198633887,Iris-setosa
5.668443089756144,3.2732643282537093,4.207342898196807,0.9272477097418834,Iris-versicolor
6.719953818345757,2.923030406924295,4.74405676292236,1.4602756179201966,Iris-versicolor
5.083125563384876,3.06847997982765,1.1139080255548162,0.02329174128317571,Iris-setosa
6.934857223498338,3.397423318600926,5.37286163389219,2.4964436403892054,Iris-virginica
6.182788079559696,2.9099347152299955,4.087682007527658,1.4954546623775624,Iris-versicolor
7.141792774798254,2.6185562528903743,6.069937010154858,1.7069666552369194,Iris-virginica
5.615616972684312,2.7387375812897936,3.9617675575355826,1.0613096584638995,Iris-versicolor
6.430013827668957,3.3421136181344697,5.400976449334771,2.774164923127368,Iris-virginica
4.98395299658771,3.790424134243528,1.4255129741692136,0.3175311457746449,Iris-setosa
4.906375651239036,2.9470752935052102,1.278668971319006,,Iris-setosa
4.141626790492149,3.166897346159205,1.5314445155950125,0.3920074861696904,Iris-setosa
6.956893700736688,3.3661237885983475,4.612720333829848,1.2685591352642558,Iris-versicolor
5.664518982265356,3.1728155477839595,4.958104244806771,1.6489019601334218,Iris-virginica
7.0435068453751155,3.1274194513574027,4.958599942352302,1.248565397108436,Iris-versicolor
5.145082457003382,3.9738744158750965,1.6410765031125902,0.17946046164232998,Iris-setosa
5.851558612883375,3.0214744801933167,4.228166896920352,1.4038263763609726,Iris-versicolor
5.604431364275734,2.5922081914754442,3.6718097438754755,1.1354710389837737,Iris-versicolor
5.9854303453113245,2.921681609709854,3.7444525961366004,1.3444650915072311,Iris-versicolor
5.5225522626824475,4.04062107654493,1.1123969973761736,0.14156475378733924,Iris-setosa
6.051571894504271,3.277467355206873,4.403527693040722,1.5882548641951997,Iris-versicolor
5.14351582205203,3.469296149415712,1.202230160364768,0.12914104252197464,Iris-setosa
5.512030682162996,2.804415139961464,3.8602690652215235,1.07754932457286,Iris-versicolor
6.992348882530983,3.113831836620535,5.19272408879919,2.3876678948795016,Iris-virginica
5.782717023889733,4.237032879508382,1.3673742967014073,0.0750105753668451,Iris-setosa
6.943419256126319,3.301444911951274,5.599656953350146,2.5562935444367736,Iris-virginica
5.860175893335925,3.556295027970732,1.549454283185886,0.546658320614284,Iris-setosa
5.7719178468394805,3.1657987522604674,4.193583256649368,1.4808935678805246,Iris-versicolor
6.494729114224432,3.1741966481024466,5.674539592979482,2.151444688921776,Iris-virginica
5.317383473427053,3.5966193031779454,1.1150451093348968,0.056930080156629925,Iris-setosa
6.662992515356275,,5.243013058271007,2.293310055015278,Iris-virginica
5.568677902861109,2.8306113980207654,4.382246502485678,1.5741234220456297,Iris-versicolor
4.311314114816339,2.791261693565662,1.5926708807174605,-0.013301064657917305,Iris-setosa
4.38753374131475,2.08299601066678,1.3222009021140357,0.5347522266683018,Iris-setosa
5.386307057822325,2.764875990947407,3.889536145863072,1.5787961792331682,Iris-versicolor
5.421119968727942,3.062886265149145,4.774789706041422,1.4725492960182673,Iris-versicolor
6.010662393043245,2.848315285029327,4.8149781923466906,1.8982224160187402,Iris-virginica
6.330007787593304,3.2254741003920837,4.774230280232873,1.3634535649331807,Iris-versicolor
5.261991661826974,2.450120035016496,3.953804625999953,0.8694172844689982,Iris-versicolor
6.376823089924215,2.963100132061794,5.323046809424299,2.210129278637585,Iris-virginica
5.9560275850309665,2.8989742411310333,5.133254856946641,2.123447783739603,Iris-virginica
7.155303420116229,3.107770035540631,6.468712468510778,2.0215094186959646,Iris-virginica
4.948561554047789,2.024302989126918,3.3654919209252507,1.262466762248316,Iris-versicolor
5.953624578846732,3.098062150159275,4.185805086903718,1.5610790736930666,Iris-versicolor
6.785664578026118,2.8015415754897193,5.228717246387108,2.3576496941189764,Iris-virginica
5.718728221510455,2.6234865203165287,4.132568920179635,1.381354014779779,Iris-versicolor
5.652281161479201,2.168815541894521,3.7934144097032485,1.0730087052944093,Iris-versicolor
5.662301719605191,2.865006007628598,3.436953753722575,1.0183352132442454,Iris-versicolor
6.282600770916466,3.26331590163156,5.674479857122099,1.917612217817164,Iris-virginica
6.122232641435302,3.673428288306505,4.453579062102347,1.8123281705542214,Iris-versicolor
5.490671320665785,2.294080248708918,3.969101099001844,1.0647379882445547,Iris-versicolor
7.720891646439323,2.530372839262197,6.66389486248214,2.0191793678491754,Iris-virginica
5.22668196298937,3.8280931726754197,1.6638719682459033,0.1669220308835042,Iris-setosa
4.681407115664213,3.00416071114806,1.6646803429228356,0.43870803471981357,Iris-setosa
5.074275651748784,3.3905532574431656,1.113180867818076,0.1991327150226325,Iris-setosa
6.154485513008816,2.6841462028301337,4.6009607324255795,1.6891081726839685,Iris-virginica
6.655072699746376,2.863480947696211,5.694297535306219,2.462927215746546,Iris-virginica
5.932519622797316,2.756988648573805,4.435835877908923,1.5517447332632106,Iris-versicolor
5.413930244441416,2.6660621224666303,3.7092721950071974,1.0345300176762116,Iris-versicolor
7.690841970793291,2.819574799413059,6.4249103849435905,2.011429106043999,Iris-virginica
6.651557655357412,2.889462987229764,4.510145729520419,1.2318737180345698,Iris-versicolor
5.768956559672336,2.5084788331722665,4.327122822422381,1.2749104652912675,Iris-versicolor
5.4981171048315804,3.068920954956365,4.870052849767697,1.8237818708331885,Iris-virginica
4.751622919684022,3.4749422723653334,1.0394185469845811,0.21641423689630246,Iris-setosa
5.299099597724165,3.233674806840169,1.4921656623388366,0.7972128844217099,Iris-setosa
5.694909791377253,3.228388620372771,3.952444271583926,1.5274681944068749,Iris-versicolor
5.860709707318543,2.32507075221009,3.349255907988019,1.177264691152293,Iris-versicolor
6.978978248971952,3.3100357537776337,4.7422194352623785,1.298599442008429,Iris-versicolor
4.494340378940265,2.918279664558952,1.2442404000242722,0.2790275302593451,Iris-setosa
5.956117767810616,4.389304155339662,1.3953696567474716,0.24177645227255112,Iris-setosa
5.288992671969793,2.540101513793041,4.560371982608968,1.2470038378555939,Iris-versicolor
7.631621305879232,4.0622687921060425,6.635043487458714,2.4448810499438527,Iris-virginica
6.63356081360071,3.370935157123451,5.178749831836021,2.0402987905026664,Iris-virginica
6.580073239663769,2.862962968969315,5.297953690269246,1.4559502431691755,Iris-versicolor
5.1664474237257485,3.032742665215897,1.4022349565760444,0.32273974947681217,Iris-setosa
7.333612547608473,3.0326417803003363,5.932487236719307,1.5058885060959368,Iris-virginica
4.14679263115256,3.1781075504924665,1.5786699565204767,0.06683515622174266,Iris-setosa
5.388197408895115,2.842565287463415,4.545506624623909,1.0693125687008846,Iris-versicolor
5.213821532282035,3.6118856091186062,1.130648392629685,0.13729816285010332,Iris-setosa
4.64019420488135,3.3000691695344235,1.7946572917194328,0.2537692416275966,Iris-setosa
4.15471760327535,3.1734065616683456,1.4291556489657056,0.3850770673612167,Iris-setosa
4.895248158175053,3.4674992733036802,1.1461224544410686,0.3776924152538094,Iris-setosa
5.794498718375679,2.819995417245888,4.098921315466287,1.3355588552758175,Iris-versicolor
7.181586967314521,3.1017247388391955,5.174188507610614,1.539224390742274,Iris-versicolor
6.223253948453963,3.035229608490895,4.750560727595968,1.7351532927745732,Iris-versicolor
6.088170617672624,3.4427569209668594,4.463476027005922,1.3987706179549892,Iris-versicolor
5.125359388922255,2.441751912266274,3.0318801693144857,1.0875378324039984,Iris-versicolor
5.738499762239762,3.6784332628808176,1.0123940592449596,0.027608796627262427,Iris-setosa
6.741544218525667,3.3785792148861047,5.77058585872283,2.232233467004945,Iris-virginica
4.803327942570392,3.009292701623936,1.764278613997099,0.053008884028285935,Iris-setosa
6.4144750071686465,3.178237296181079,4.32758869593776,1.153680500389886,Iris-versicolor
5.137928395195498,3.665237828608768,1.8366033035959424,0.14402063287768951,Iris-setosa
4.427426924986747,3.259561978893659,0.8174676011971204,0.26473661878808785,Iris-setosa
5.987913014240685,3.7821617798520126,1.9789749143462458,0.44085401912145405,Iris-setosa
6.606968476412447,3.0529879692176265,5.551573413623034,2.3090279605099133,Iris-virginica
5.289588340501064,3.676342963382945,1.6220710570366799,0.320592378488147,Iris-setosa
5.9205654439032545,2.7862207423574707,4.051992365861436,1.3629480559523175,Iris-versicolor
6.400457560162162,2.7361097594484876,5.541409172376976,2.1215013018218167,Iris-virginica
7.410213792433369,3.038355517362645,6.014561132030502,1.6547597102088072,Iris-virginica
5.859261694205953,2.405398622613397,5.053207819541892,2.1298375220928247,Iris-virginica
5.573765310987733,2.598833274035642,5.222762166536853,2.279048359515067,Iris-virginica
4.822181362585089,3.9745491880203034,1.8135915707917267,0.34276684652111794,Iris-setosa
7.705943762145539,3.5103912235173067,6.7150763816241525,2.2641165895800106,Iris-virginica
6.868732345224513,3.0781084819230733,4.684197967448658,1.3836382085073522,Iris-versicolor
6.576053713485187,3.5923064023788176,5.3129558381172135,2.4770776980934213,Iris-virginica
4.699260170482668,3.21215532049765,1.5236893091835813,0.06767867267990163,Iris-setosa
5.262089563813286,3.2597438489280486,1.571817472436669,0.06972249856445578,Iris-setosa
4.442280550634379,2.7145162965631666,1.3319243081306575,-0.032451659665926724,Iris-setosa
6.627497761261843,3.482177712021958,5.447299231214471,2.322795422149694,Iris-virginica
4.392227303304084,2.9593559930449818,1.5363980414293479,0.15345773368854548,Iris-setosa
5.746660443951076,2.83746064508833,4.239888932457404,1.2114446591186276,Iris-versicolor
5.527742348888711,2.870847417518518,5.349171619613516,2.4084321634168386,Iris-virginica
5.9557240017448905,2.6238001750272506,4.2273529135041645,1.2248554316368956,Iris-versicolor
6.550730823495381,2.8129305552644897,4.822229552055209,1.5046980372928562,Iris-virginica
6.6383902721767445,2.943800239842336,4.479214164340666,1.570237279569616,Iris-versicolor
6.704444067589612,3.182732206601055,5.684214564059106,1.6000628626576068,Iris-virginica
6.577488293867693,2.9816736692788823,5.686345437737403,1.8498499992631903,Iris-virginica
6.79978550754468,2.8587937796479896,5.7011142122941925,2.181542074357065,Iris-virginica
6.588253793214452,3.0263768102206745,5.849734080341877,2.267609492791465,Iris-virginica
6.519168070037846,2.8695786540900894,4.580324877980842,1.4191384242853387,Iris-versicolor
4.578953396510245,3.4951788866374374,1.1520714054459567,0.3748085278467773,Iris-setosa
5.076271999889111,4.383915085422873,1.5013945482192792,0.302832194585559,Iris-setosa
5.100382912802089,3.64280637045244,1.480094074498655,0.024547548807953568,Iris-setosa
5.104777846813461,2.625888654524862,3.775734694047665,1.1439043133556699,Iris-versicolor
4.320681050703642,3.3057064831552223,1.3467504713250704,0.06939149345484918,Iris-setosa
6.857232390174017,2.7639646722329316,5.189059806500212,2.3498181889376366,Iris-virginica
5.45021294275894,3.8340403615904766,1.5856146787403542,0.3126297551178542,Iris-setosa
6.760430618891474,3.3484363337081775,4.580872295011245,1.2846424773995397,Iris-versicolor
6.299623709520217,2.84092033287542,4.2470432230818735,1.238206702439148,Iris-versicolor
4.979737083668374,3.284631806216537,1.4264958719403673,0.4331348920547466,Iris-setosa
4.868100713226217,2.1077083778149612,3.7792523131167526,1.0618865740843573,Iris-versicolor
5.751118703207406,2.6587379987191007,4.453766234334636,1.5030309708399876,Iris-versicolor
6.379027187015238,2.9905887721917543,5.710020225406214,2.4854900229948207,Iris-virginica
6.06210560915887,3.3912486787542018,5.043194209081595,1.8591792447291984,Iris-versicolor
5.471617930119844,2.347529570073974,4.930267075187929,1.7890737038175017,Iris-virginica
5.618415169671426,3.0148187353414224,4.2714839845557275,1.215890711962174,Iris-versicolor
6.055781074069004,2.7533191299908366,4.811851603634055,1.611536065135441,Iris-virginica
5.928300989016135,2.817616766770181,5.570211764521036,1.3868422006239483,Iris-virginica
7.310023116420568,2.9560884018330515,6.866873049388842,1.9715236474049145,Iris-virginica
7.25587923782077,3.47113353676685,4.540572979616818,1.329168955024308,Iris-versicolor
5.7459797476371595,3.1946740776220954,3.5383663482048267,1.250424495714698,Iris-versicolor
6.2677843584746995,3.578536482607575,5.209000127716111,2.2782761458722387,Iris-virginica
4.340060397249642,3.3019426173326503,1.3604159267618612,0.406498485199022,Iris-setosa
6.608371832250998,2.884771235298926,5.53502730251389,2.1383205141844734,Iris-virginica
4.465053353084568,3.3623468752467893,1.6040772120077564,0.1795445210763373,Iris-setosa
4.929397727748618,3.373719840251211,1.561583623825963,0.00732103612262508,Iris-setosa
4.774182471634201,3.0991928882205606,1.3036753852555432,0.4226564542786031,Iris-setosa
5.057465565644317,3.3465803724833263,1.1476072081781639,0.295802015025664,Iris-setosa
5.041338894584692,2.2475614426814654,3.0478969629704222,0.8706933975851063,Iris-versicolor
7.464592567855022,3.861121073755944,6.667838528134381,2.058690051865995,Iris-virginica
4.921128859364059,3.2236224863691607,1.6808048231503379,0.07142005067574092,Iris-setosa
6.277466345736234,2.649280580531708,5.685917771890996,2.0919853072588004,Iris-virginica
6.07341596282389,2.7375815592778014,4.919941045857678,1.513606756332581,Iris-virginica
6.990322345077612,3.22209156275604,4.900383601045856,1.7796956156992283,Iris-versicolor
5.139320684967349,2.6776907116615796,3.721179365707553,1.5008933772379998,Iris-versicolor
7.857529707990976,2.5758080005929878,7.082344191503642,2.4172406759348632,Iris-virginica
6.056022816319976,3.5695105736821673,4.824590989192208,1.4663500989226286,Iris-versicolor
4.968110698745373,2.440558271567487,4.1388411301464325,1.2212497543812637,Iris-versicolor
5.47735718736385,2.4109850506834705,3.251231861237835,0.7502008227930623,Iris-versicolor
5.810334906664756,3.266346584943758,4.772173099445208,1.6682170872133648,Iris-versicolor
5.001526624521197,3.5774622897773285,1.4727035998473579,-0.09117383950406072,Iris-setosa
7.83577910388788,2.430007626695378,6.96237874639523,2.034335408490512,Iris-virginica
5.546913401020274,4.246450638017797,1.4658373976238328,0.3814387391182546,Iris-setosa
6.439648421260552,3.0734435512513913,5.288809963852327,1.95640257948874,Iris-virginica
7.842483913848062,3.8946679019583055,6.327233398263475,2.0267919871930222,Iris-virginica
4.8464057109391705,3.3324707535094955,1.4804486950267128,0.21456897948633458,Iris-setosa
6.415744163334831,2.9361327180595946,4.747275139697976,1.347542263718816,Iris-versicolor
5.182767872569825,2.826692713311981,1.3017943729622752,0.04051601809110947,Iris-setosa
7.7580312844701895,3.2415187567346853,6.357683865892316,2.094520543712655,Iris-virginica
4.733226007245537,2.993970329847616,1.1027538376178612,0.4813548882527702,Iris-setosa
5.446593152573037,3.246887667316805,1.3455768336680818,-0.054399342702382,Iris-setosa
6.109561640497263,2.7008195827167665,4.6010683022310515,1.8552908341890064,Iris-virginica
6.500204702059977,3.010929901819758,5.876856897124,2.683805563580029,Iris-virginica
6.379645712110941,3.051801652655005,5.211858481999328,1.9510980883294233,Iris-virginica
7.656879772335546,3.7843330293385726,6.17540547892867,2.209416838339672,Iris-virginica
6.23692727251686,2.948483523802439,4.438576263674387,1.5687893386866623,Iris-versicolor
5.3028622993919035,2.2725571897257963,3.9169334040065062,1.2278719374857778,Iris-versicolor
5.154051281297985,2.987813272546823,1.343255810450262,0.28089476009603526,Iris-setosa
6.642429724806352,2.5828160342807,5.315248929816964,2.1121828639197036,Iris-virginica
6.32371239551497,2.777267629589647,5.505575862164501,1.236868127104364,Iris-virginica
5.38022538259705,2.8957131938818854,4.7314840653386145,1.965706002612605,Iris-virginica
5.191529128819174,2.170837465277644,3.1971609744186815,1.0190893494294166,Iris-versicolor
6.8555123643284235,3.186233640635371,5.587253096694916,2.0636329102224362,Iris-virginica
4.338698058324738,3.4767920668571834,1.070863182886872,-0.02121119849300218,Iris-setosa
5.566347808541825,2.5034361120473325,4.690219065274791,1.1103147408251883,Iris-versicolor
6.309763347808338,2.91829977533699,5.751306960402573,1.7306288222299664,Iris-virginica
7.454060017840278,3.8269777447321007,6.031144089523776,2.3581676183171676,Iris-virginica
6.824890153979394,2.940777382299269,5.000404125787731,1.498766015564328,Iris-versicolor
6.687698646951084,2.7539721966364996,5.324259851683091,1.6433396177109303,Iris-virginica
5.4425065421931995,3.846677005302432,1.5375399222107444,0.17234921157455868,Iris-setosa
7.2652220782924415,2.9201099368405807,6.26085987424943,1.6771629636416745,Iris-virginica
6.061929555999387,3.0985015709964268,4.922309703900747,1.0316451448100399,Iris-versicolor
4.513389789670601,3.2223216408803514,1.5918941164107951,0.2891901655280678,Iris-setosa
6.470648908542968,3.084811487216459,5.242727811343802,1.5661800083893624,Iris-virginica
7.140909305083456,2.853417776234807,6.246636572883377,1.9613086019639403,Iris-virginica
5.879978737862848,2.6439104461313296,3.6879542193675694,0.8039084546239192,Iris-versicolor
7.232807273962954,3.00794572809997,5.9309455682201175,1.603586389394971,Iris-virginica
5.901454686157044,2.89941151326914,5.318176217574861,1.9699635783858223,Iris-virginica
5.037445109305907,3.628860456296063,1.5473990498701187,-0.03831692072771242,Iris-setosa
6.345865827616533,3.0788618168337325,5.162376918633992,1.5808607240540837,Iris-virginica
4.768998239807148,3.246345286295617,1.2106129961256005,0.1737520325953832,Iris-setosa
5.899596262610799,3.5261698650697273,4.485748166769671,1.4826288291390841,Iris-versicolor
6.219266482163966,2.948312854462958,5.273795557586035,1.5838616358756359,Iris-versicolor
,2.567785314889632,4.165786090087333,1.3209850243508012,Iris-versicolor
4.8667938522613685,3.1420471024745917,1.5454863831410002,-0.09044818650151665,Iris-setosa
4.982882901193938,3.4895659188412873,1.4046329744296493,0.07301810352169422,Iris-setosa
6.338927783141726,2.8892449038281867,5.335466437855434,1.9849458786477494,Iris-virginica
5.332433695538565,2.500469189374551,4.388059597649834,1.1572075519252827,Iris-versicolor
6.231899156824781,3.4213483414278993,5.980207139922327,2.465910178753671,Iris-virginica
5.239181057607783,3.4633106528005895,1.3985816079620008,-0.08001005497878716,Iris-setosa
4.940564830574246,3.227216868524035,1.1636296964808126,-0.05976382307010536,Iris-setosa
6.114448438837315,3.3942416627449674,4.519484502456561,1.8642537523141258,Iris-versicolor
5.958496114006785,3.1908635765343485,4.7354036809959235,1.682342967407677,Iris-virginica
6.346450819704276,2.356011034774918,4.750490156589569,1.92134696934456,Iris-virginica
5.954154377866228,2.6411495433574177,4.461707433366773,1.519398901146157,Iris-versicolor
6.7599095628002495,3.4649730248151833,5.978140768170857,2.310813285813381,Iris-virginica
6.35217375379257,3.271366093280671,5.1885444839439465,2.2613688738328146,Iris-virginica
5.025705472407304,3.793846951481359,1.5128442366108998,0.193051105727838,Iris-setosa
5.9527151602675055,2.5237592312157044,3.6029092522147925,1.0369548809807019,Iris-versicolor
6.220472575478968,2.7162413625792587,5.369997399861237,1.70609898299981,Iris-virginica
5.943557725475049,3.886990518558477,1.0740724335030174,0.07795865252964942,Iris-setosa
4.9119319081446315,3.489278678421402,1.4840874657214687,-0.003612524555170915,Iris-setosa
6.224477790700059,2.2811402721375127,4.47675902804547,1.4357804940242644,Iris-versicolor
5.808590679432391,2.7964790610544563,4.664822327579773,2.024563471083755,Iris-virginica
4.39483740544683,3.1364894029072743,1.4282203577689654,0.5690222909186469,Iris-setosa
6.203275260332859,3.297797318316098,4.53011896431567,1.3080719023215293,Iris-versicolor
5.130715087861601,3.267851434447248,1.38296798431012,0.04895776274770064,Iris-setosa
7.632253609544386,4.070560121692678,6.659124871718482,1.923488778718332,Iris-virginica
5.6819117052625625,3.643176610322361,1.1322200735450287,0.19296844941966823,Iris-setosa
4.724602367063471,3.2997049231847466,1.2439822918862171,0.5555709221983633,Iris-setosa
5.105463724287443,3.6555500197553363,1.7608038189787008,0.12529508121210087,Iris-setosa
6.318298715422555,3.3321791077139875,5.228700142906616,2.4279751734067863,Iris-virginica
4.710053845537569,3.1799370895371033,1.4963278603984616,0.3946080441406921,Iris-setosa
4.810243499739694,3.486152958481002,1.2928543095713467,-0.04736850820762681,Iris-setosa
4.925200274545133,3.54939182822883,1.6129735838458257,-0.07731560065085719,Iris-setosa
5.2250388671715955,2.136222160947731,3.789997277879924,0.9777871484042719,Iris-versicolor
5.954487488627697,3.175416222429977,4.127920870594802,1.2002521625742673,Iris-versicolor
5.946818600908977,3.782776543115618,1.836716850529252,0.5658623186631812,Iris-setosa
6.717456170411697,2.783431336895398,4.5285579889292915,1.3253861055058318,Iris-versicolor
6.555368721498794,3.1422006486037564,5.285709382275703,1.9292128005260956,Iris-versicolor
5.7484954177505525,3.762505902024098,1.6868617778333153,0.0010457545858940653,Iris-setosa
5.058551863553767,3.540557650596776,1.7334791638058433,0.0005860938806536153,Iris-setosa
6.4811388672118095,2.297287508850875,4.833688481189131,1.600687252834492,Iris-virginica
7.628647856194909,2.9564546830716654,6.88946346003246,2.38302881848924,Iris-virginica
5.3981633267542515,4.071673091802982,1.2570767075985558,0.09517666311147746,Iris-setosa
6.665479729073214,3.146940255437337,4.599985214355215,1.3322724231255276,Iris-versicolor
5.018027685898701,2.815871192684317,1.6457151101263563,0.032800774791553355,Iris-setosa
7.485673400672864,3.2084733948624637,5.809229815380276,2.01401431772668,Iris-virginica
6.749148851324078,3.591206915979626,5.417677886380171,2.6080636311372847,Iris-virginica
6.712736566275302,3.171906639224214,5.935854871661488,2.341424814902676,Iris-virginica
5.8945246322268945,2.845141349484163,4.266925167614874,1.356699750101654,Iris-versicolor
4.873082827627725,3.3010025832640415,1.416827452621712,0.2191778515450411,Iris-setosa
6.894040625568123,2.9229224958098454,5.844863385504089,2.138141692366229,Iris-virginica
6.574710059543354,3.20617979455958,5.365702131102873,2.2166500091977186,Iris-virginica
4.7195315968643134,2.6497442514960254,4.6879798449437375,1.9166872809650923,Iris-virginica
5.9418846545817186,2.796462070216897,4.590475563231855,1.1746712790790206,Iris-versicolor
5.648726318704008,2.883977661574386,5.274817306289201,2.650430083963737,Iris-virginica
6.127765877755667,2.188692081587121,4.209971542857379,1.1772454522784788,Iris-versicolor
5.5777742890354025,2.8716221282443346,4.636746967080801,1.2363460170148541,Iris-versicolor
6.533491361097254,3.168415700262277,4.167626916905199,,Iris-versicolor
4.801736700035102,2.998264643316927,1.3247348522912699,0.030894001347893024,Iris-setosa
7.95300195450454,2.5200876580148197,6.951819360481003,2.02473742446437,Iris-virginica
6.065434463183217,3.1771992203612225,4.599992319632081,1.5888795533027333,Iris-versicolor
5.552167319184075,2.415857100682048,4.475486419279191,1.15913396998907,Iris-versicolor
4.943659671340076,3.2539296453647815,1.5233388230886065,0.2557480409411928,Iris-setosa
6.471335625658949,3.480731996453579,5.259633848151098,2.177476430743591,Iris-virginica
6.538433030913488,3.0303653970769395,4.891350994863585,1.7073404252677182,Iris-virginica
6.418183403529573,3.400573992935332,5.211221741926929,2.178582683970749,Iris-virginica
7.112280772845349,3.015771981949504,6.161008466249337,1.6676829979848402,Iris-virginica
5.909861215242502,1.9734883896480164,4.26496402738525,1.2633267882383454,Iris-versicolor
6.540002949170244,3.1853824380438818,4.7898509002580445,1.674796990204376,Iris-versicolor
4.311574518740032,3.3112017243565273,1.4099814882460306,0.027011585498334906,Iris-setosa
4.759964502230304,3.7637415607712628,0.9317167598120438,0.21340611650856584,Iris-setosa
7.098623475663447,3.4125492446031225,4.835223120899394,1.1925631741073535,Iris-versicolor
6.481494646706891,3.217474798367492,5.587829211052724,2.4177484271206753,Iris-virginica
5.250410332101466,3.649470615160148,1.5229473263784494,0.42833629758052677,Iris-setosa
4.905584701502814,2.700083496870027,1.606028586638857,0.5610067663763206,Iris-setosa
4.747143088168312,3.2439481052971235,1.3397806174426163,0.08193283398199197,Iris-setosa
5.538162018149284,2.539009807489784,3.824675433840514,1.442541315670801,Iris-versicolor
6.008747370827576,2.8726100165759707,5.130643268706901,1.697592298303838,Iris-virginica
5.41288630277785,3.6171997867482895,1.3231023420143717,-0.03468260074526086,Iris-setosa
4.24231316684341,3.0818883588340404,1.0553640290224964,0.13437690471782046,Iris-setosa
5.365559618294472,3.71758775980568,2.0409714469741775,0.2050384406901103,Iris-setosa
5.310513788391496,2.6007257303369045,3.605500207271879,1.2892398533514364,Iris-versicolor
6.631321014966968,2.7419242460823305,5.520644658595264,1.733246732284903,Iris-virginica
5.346539462434924,3.6041598529601497,1.7979458161831061,0.1889257113349716,Iris-setosa
7.68510340410853,3.5401506860814327,6.769346990729544,2.1983144351136676,Iris-virginica
5.5089391224153355,3.9396612089768865,1.4588987533664612,0.20899692313647134,Iris-setosa
5.968901595946654,2.7360481355997304,4.054477716452604,1.5398029051065323,Iris-versicolor
6.104527150238981,2.800914364791749,5.368613626609761,1.6972103429830208,Iris-virginica
4.851562477721275,2.8799349460580124,1.6619787764183531,0.10568821207670459,Iris-setosa
5.418631744102172,3.056149853366763,3.7064473292195226,1.1564359961326973,Iris-versicolor
6.410621573477066,2.9458544682350607,5.595209996431649,1.6768191202420653,Iris-virginica
6.347609065288483,2.6720499505446176,4.552934426958681,1.3413296065316507,Iris-versicolor
6.337772429148087,2.9246337208217623,4.496827489514878,1.3620916426716827,Iris-versicolor
5.446098677805415,3.7059604569945823,1.7631603469143127,0.13160928887116294,Iris-setosa
7.666570558185673,2.768148212838035,6.819074664445667,2.036303984873709,Iris-virginica
5.415480876489403,3.093861940614675,4.9257683346178744,1.975696124249848,Iris-virginica
5.73772945516247,2.412869562149647,3.8734976195557365,0.9783513354612939,Iris-versicolor
6.038411033798335,2.6693179473076327,4.91545465879641,2.4326616252915585,Iris-virginica
4.316387645708071,3.4991130231534004,1.2891116290283966,0.22503118340846723,Iris-setosa
5.555107319376695,3.4862126695016293,1.3692487784785834,-0.01011108663346122,Iris-setosa
7.119984397838567,2.8978738433915034,5.648896562456823,2.130228679257555,Iris-virginica
6.250718490031069,2.7289261331019516,5.728463391232655,1.641221268524497,Iris-virginica
6.738731332051962,3.3270100668345646,5.665064276612171,2.0960835916750433,Iris-virginica
4.916051948351018,3.273780131051595,1.5232585417420825,0.3628950659487288,Iris-setosa
5.525104771272338,3.509030551067722,1.5888664847961032,0.4352610464992501,Iris-setosa
5.423631280990071,4.274958277541681,1.4451100788128692,0.17735146790834858,Iris-setosa
6.252494290116011,2.666549474807357,4.170265006802383,1.3639260396671016,Iris-versicolor
5.191488884885937,3.613906138626185,1.2124245733518424,0.575398924057446,Iris-setosa
5.898734962121152,,4.099833433420735,1.146683506894241,Iris-versicolor
5.666551610792276,3.24240622457895,1.500000926159734,0.06362756302905395,Iris-setosa
6.273588316566189,3.2475208942628737,5.497857204134772,2.2483175283598493,Iris-virginica
6.508661258223142,2.7660372592640954,5.82274340700057,2.469118374430269,Iris-virginica
6.252027468952351,2.462651841368332,3.848825558622378,0.9570035735325404,Iris-versicolor
6.017202026726947,2.3402620191763925,4.156340491809307,1.187407895068768,Iris-versicolor
5.518591720145028,2.6502726067653244,3.306666351476697,1.1270166146212248,Iris-versicolor
6.698125217282239,3.391886983108894,5.130195298017709,2.339460250466785,Iris-virginica
5.7099360617146475,2.7384894565328057,4.603298580950182,1.2041290556408892,Iris-versicolor
5.178649684110603,3.732389094444216,1.3457735498382943,0.03435977872711954,Iris-setosa
4.868166498335278,2.5597229873915577,3.161042410943258,0.9999357062346037,Iris-versicolor
6.67700077802854,2.2899180344352668,5.642927867941715,1.6742176016484063,Iris-virginica
5.171698279192503,2.177654493270337,3.536754953777728,0.7619351412473612,Iris-versicolor
6.253679688382378,2.779492644501999,4.943098878727571,1.420724730879218,Iris-versicolor
4.989416362639655,3.802999932346464,1.2630744978606518,0.1320788555198653,Iris-setosa
7.957502323486313,2.825828728895351,6.382914382990566,2.3261006221122305,Iris-virginica
5.658254293898444,4.3900301145169145,1.2415993119200908,0.3268943557148963,Iris-setosa
7.042215955251113,2.954294082027503,4.9685800682380075,1.1116918369488693,Iris-versicolor
5.348175598321138,3.932461190021505,1.7801034060109862,0.05097163607410632,Iris-setosa
5.5430847370185745,2.86513273261878,4.347439181250326,1.1506336641448456,Iris-versicolor
6.334607176877428,2.3279958497138544,4.5183225856349125,1.4023199064727097,Iris-versicolor
6.070519774918369,3.0516191743942453,4.925660290372368,1.3100914760579028,Iris-virginica
7.901702988072472,2.8225945808870163,6.224239138744156,2.4327258082716305,Iris-virginica
5.582740615813686,2.474591263615132,4.379963065719919,1.528740578430417,Iris-versicolor
6.302504565572409,3.10387661773465,5.482630482843819,1.5822463554782595,Iris-virginica
6.477676632515886,3.4292454477174354,5.124977378111445,2.1024355831347443,Iris-virginica
4.200402631309654,2.745187734279669,1.1138853911225624,0.1987611019091538,Iris-setosa
4.265205595020564,3.2013821777870093,1.5754185032318284,0.20732379996034933,Iris-setosa
5.585380259646258,3.0510391012248395,4.247775598245643,1.5250475268412809,Iris-versicolor
5.146784810174607,3.8808748366833377,1.2783606647081533,0.20893132195638053,Iris-setosa
5.666813797428956,3.17583615965097,1.787632525825101,-0.025114128341969633,Iris-setosa
6.993533225497591,2.2947303075099064,6.039491146568812,1.7695212123807702,Iris-virginica
5.672821007413237,2.737084480886896,3.813793903248542,1.3691877759743953,Iris-versicolor
4.660755311581153,3.1329523119146625,1.8929961819509022,-0.07245587667875697,Iris-setosa
5.865773698524543,2.740387217725889,4.010082920534932,1.3636474666302623,Iris-versicolor
5.136725059794832,1.7863598630152122,3.3194506229194003,1.2210880518679676,Iris-versicolor
5.266654844227154,4.069322755647538,1.2274212047969753,0.3195854217849563,Iris-setosa
5.882644272431527,2.8815619423405474,4.2726324680116825,1.2184281011488995,Iris-versicolor
5.550412273510657,2.9229331081443535,4.195654155304624,1.5294799792156488,Iris-versicolor
6.7885403327320155,2.8769896500949916,5.014177764255925,1.8846711577769242,Iris-versicolor
6.222017590990021,3.1866130735616633,5.500858943540186,2.0691658674935596,Iris-virginica
4.904025122409605,4.301512659822926,1.4408458511402824,0.03349431044443005,Iris-setosa
7.153108249948344,3.3832848948194645,5.852599431427251,2.361393303002395,Iris-virginica
5.045844797775358,3.6266759115782277,1.2202874292245107,0.19886855588441102,Iris-setosa
5.229741348694828,3.486960304345791,1.6735750328496277,0.6897857054731893,Iris-setosa
5.675654037962566,3.0479487426788348,4.1629630404331674,1.3594543392659215,Iris-versicolor
5.431242512898349,2.7792881280355886,4.639468754468864,1.5264199459959902,Iris-versicolor
5.593455571661672,3.1645798410154344,1.257045385741045,0.5386123275536856,Iris-setosa
6.139134156152641,3.232174050574372,4.650586449579663,1.2344167483658979,Iris-versicolor
5.798403627570939,2.59872841650051,5.281288003213388,1.8417397281882024,Iris-virginica
7.515429187295405,2.816781931919073,6.609495535750235,2.0081766932033194,Iris-virginica
6.585457427791162,3.0770159768843577,4.654522426589773,1.6269077526826767,Iris-versicolor
6.0842482483024005,2.846470877759857,4.163967666102591,1.7596086992051818,Iris-versicolor
5.228432889843434,3.973988204232366,1.2936097693738493,-0.06759235245232231,Iris-setosa
5.619066321720076,2.5706061059897554,4.911792974558393,2.1814753726815237,Iris-virginica
7.029294462419293,3.0815752923595525,5.487299207645221,2.421971179167112,Iris-virginica
6.030345707711029,3.1531661418903374,4.26600757553428,1.2903805204222643,Iris-versicolor
7.077132404122683,2.8672836162674766,4.836627270073891,1.6021096558496792,Iris-versicolor
4.912515426966048,3.846162816839472,1.4277519785565596,0.3211446357411213,Iris-setosa
6.1057670842428164,3.1225348230133276,4.269869008249152,1.2433703602750728,Iris-versicolor
4.758738896257214,3.3405797156909722,1.4152492225008706,0.2883030017611832,Iris-setosa
5.438155473735943,3.2348922317865267,4.4466424667107045,1.7777796573607425,Iris-versicolor
6.111027832733603,3.564014358286854,4.391198675238186,1.4899815998265413,Iris-versicolor
5.781069690724726,4.254537627035932,1.4096559257836279,0.14235758544968707,Iris-setosa
6.609746369583486,2.9872349540295966,4.5844153261528815,1.3989305865511246,Iris-versicolor
6.984493970269321,3.05052246906892,4.505656096357096,1.285168412416753,Iris-versicolor
7.191166999786266,3.0348964040384216,6.133264018980389,1.8039458635614478,Iris-virginica
4.3491989586912005,3.0923234464592557,1.0668782848154232,0.3343223191470283,Iris-setosa
5.107751779442025,3.446608325974984,1.2513319067077635,0.14020654450447761,Iris-setosa
5.187835383847175,3.2175040164251056,4.4670815208603,1.3171931791688702,Iris-versicolor
6.148196748281307,2.923746381614634,5.040297508134913,1.6453040191144255,Iris-virginica
5.823330908354859,1.9341642908612529,3.7580575477290656,1.1893775402227744,Iris-versicolor
5.657118358553607,2.563908155532322,4.175798211987949,1.258179864623975,Iris-versicolor
4.977091948207932,2.713677956542282,4.091749170680374,1.184155669816156,Iris-versicolor
5.35716546232299,3.465539886111359,1.760787851821173,0.5322311045434299,Iris-setosa
6.382341833294569,2.8296668006270997,5.355618542629158,2.3455785361097843,Iris-virginica
5.218105103921629,2.4897434888863392,3.8932825493219507,1.0977160874081286,Iris-versicolor
4.982050942553993,3.50159248359875,1.9905606238919962,0.1672588326129745,Iris-setosa
4.928499151465994,2.9404768249305966,1.1640466156377571,0.013067256324530485,Iris-setosa
6.0281852969886405,3.1912547404349776,4.012925319695214,1.1159821720596366,Iris-versicolor
5.529322913507034,2.681313964572368,5.09755613095609,2.098245501812189,Iris-virginica
4.8403408622571815,2.4276091903196884,3.1754077858487224,0.713599046030122,Iris-versicolor
6.107380694948407,2.78099396130704,4.644013332832604,2.0938448720938716,Iris-virginica
7.400803703029399,3.892078866493281,5.988647271310012,2.604291422548169,Iris-virginica
6.478250114202237,2.722112260817083,4.3370381490587375,1.5852942862685242,Iris-versicolor
6.563338252653183,3.146829248020537,5.934455698370091,2.495340581546751,Iris-virginica
4.578147854161962,2.81316560798764,1.185951734730475,0.24464325944395207,Iris-setosa
4.924050240220362,3.4222854682969484,1.858170169241388,0.301612824819665,Iris-setosa
4.818185756422976,3.123463136529436,1.5922718788944876,0.3003000380866571,Iris-setosa
6.059923408569101,3.1250055875865193,4.475504403806813,1.510223190052682,Iris-versicolor
7.1809831189563855,3.427726933850623,4.703067378020757,1.5218201673940932,Iris-versicolor
5.037859649691557,3.581709820040656,1.5531053080926536,-0.06069598489438305,Iris-setosa
4.161241260714735,2.902620645906785,1.099475868941534,0.3471126994164055,Iris-setosa
8.156228945065303,3.7352792989847545,6.462393525816187,2.265818736595488,Iris-virginica
5.476952072931588,2.2628456253989215,4.931481248384772,2.15127347853178,Iris-virginica
6.333726464553853,2.973784411994072,4.8443357021490705,1.7823570075495072,Iris-virginica
5.218225728032475,3.696588400155869,1.6419847169174222,0.015361407529819682,Iris-setosa
5.66366272277689,3.6115953392557776,1.5012456090985473,0.6257142585576383,Iris-setosa
5.359566807264382,4.140810237062709,1.0965461965619803,0.2472434358964197,Iris-setosa
4.84715273178361,2.9862999601854576,1.590621538037761,-0.08516370544010299,Iris-setosa
6.878519087016092,2.932285786464365,4.737628072502633,1.60802435873976,Iris-versicolor
5.056566212918669,3.4490736236776582,1.504163222264288,-0.09029386961529351,Iris-setosa
5.34142146979993,3.702318803116548,1.3550800605058804,0.1485291237114337,Iris-setosa
6.736537008622627,3.162940544039609,5.542139106874038,2.3296972470123345,Iris-virginica
6.719350183657345,2.9990421108239973,5.8942186794078,2.189507079741613,Iris-virginica
5.733882999728512,3.0166894080929,4.185173268272449,1.372610248416562,Iris-versicolor
4.852533886923109,2.9458553546271764,1.4249264379703575,0.2141438020579323,Iris-setosa
7.391363073326585,3.1459651644003266,5.638631071299304,1.9622334182364436,Iris-virginica
4.879431589640693,3.9356046018234565,1.8110018509842882,0.1036486926759575,Iris-setosa
6.567394381672215,3.1604368089448056,4.508974011819502,1.0655330035816375,Iris-versicolor
7.033583004710475,3.074489816986568,4.515156331646735,1.320549765726658,Iris-versicolor
6.055285803557275,3.9757648636103653,0.9434165066977316,-0.013348172974921635,Iris-setosa
6.0944570105733185,3.302211045535789,6.1046216943242095,2.327398803581314,Iris-virginica
7.211183056360689,3.494973864770079,4.794088707567973,1.3795136767834177,Iris-versicolor
5.890792082806179,3.093565696391998,5.0736670737979415,2.159289313305369,Iris-virginica
6.1997321998141075,3.0614834642970568,5.675767266181207,2.316850575628709,Iris-virginica
6.201596165659909,2.7736435731189326,4.5719785504888515,1.731381827392297,Iris-versicolor
5.281897282378351,3.527870685119536,1.2366270235439774,0.3282446376576897,Iris-setosa
7.71010981784056,3.821089791797132,6.327791091470576,2.1190217582236803,Iris-virginica
4.5806407807737735,2.8263413338553103,1.3391608825036185,0.07357189952640655,Iris-setosa
6.313316717184835,2.2239714755645457,5.1277085957557915,1.9081690125217055,Iris-virginica
5.387493079515942,2.3219892121126047,4.0706246026145205,1.4108519850823595,Iris-versicolor
6.342497034376303,3.0634854044077446,5.142377348564971,1.9570137173669995,Iris-virginica
4.8554979373135625,3.4187987846741907,1.245627101089609,0.387343704241014,Iris-setosa
6.889833232236322,2.972970397190764,4.64253959261743,1.3397101524166204,Iris-versicolor
6.512846281901282,3.396639195826508,5.481467308146391,2.5702610583626817,Iris-virginica
6.289451256747859,3.0755155427605714,6.06899170371458,2.3854333677393855,Iris-virginica
4.518561512045468,2.795700288514555,1.5983593909431455,-0.029191752764475914,Iris-setosa
4.937496988387689,2.5441667717523844,3.2408671794546686,0.8251702035372577,Iris-versicolor
5.281917912255258,2.632318361154133,3.5981632587242034,1.3082577054441182,Iris-versicolor
5.985742477147518,1.9018781365598414,4.218676191018335,1.72812454803603,Iris-versicolor
6.127226706915137,2.793080643191303,5.410472766543873,1.2011183456260048,Iris-virginica
4.801337057645901,3.699744978320148,1.3243881742029742,0.43272541752756777,Iris-setosa
7.677731105873726,2.975192459393211,5.932408594545665,2.090293151651062,Iris-virginica
6.431517884280977,2.7696028750308184,4.703396718336393,1.5726190097363986,Iris-versicolor
6.189723136155256,2.257491101918755,5.147490554613971,1.9651330708978243,Iris-virginica
5.508189897130563,3.9976962584255498,1.4661430715696195,0.13410879395094538,Iris-setosa
5.64666837379226,2.8531380940412925,4.377234588976094,1.6901889211064378,Iris-versicolor
5.7352107615718975,2.781167737028617,5.294410909349437,2.3459612520637427,Iris-virginica
5.636402312423738,3.77921977836052,1.12622425154763,0.44434790025191573,Iris-setosa
7.882960780081994,2.9024810171147686,6.304213402518143,2.392854515428468,Iris-virginica
5.173432255715531,3.9116691314861174,1.296629941022721,0.45479247666788136,Iris-setosa
5.543106712064342,3.7239747622916695,1.351803217433811,-0.06423125653585438,Iris-setosa
4.7053478657709045,3.028979383434285,1.3777253028332632,-0.09220809257261259,Iris-setosa
6.715160590229058,3.293075533759837,4.80199138366629,1.6009061591851441,Iris-versicolor
6.6122910398956805,3.4990834345600654,5.2798481762128,2.072485330646499,Iris-virginica
5.104151627176969,2.457036652267502,3.5722490488504777,0.7836514895940999,Iris-versicolor
7.781833146650978,3.065489952403349,6.966641029969968,2.0294671118872225,Iris-virginica
5.508253555453919,2.6289134091761146,3.8771391890775706,1.159424456020988,Iris-versicolor
5.569184596732288,2.7264903298705736,5.132860647227849,1.8759322598860912,Iris-virginica
4.984657125321648,3.223721397436984,1.5997307445153537,0.3363696281226005,Iris-setosa
5.749844103059689,2.274588482589967,3.763981412815648,1.1822747094753343,Iris-versicolor
5.107481025637156,3.0623264748039443,1.4525398839863697,0.2702548257061065,Iris-setosa
6.749173888333576,2.710196476421857,5.865580695786811,1.9239935761671498,Iris-virginica
5.779518603592074,2.7429290028532174,3.3276382755960343,1.4709568512993236,Iris-versicolor
4.871868209217186,1.9252872887150294,3.4844710416819384,1.05225421377318,Iris-versicolor
5.605610598603895,2.5030977521031286,3.987780118950085,1.066411353524972,Iris-versicolor
6.924340263125399,3.0206129038299014,5.002943497849838,1.371682405881117,Iris-versicolor
7.374602683014475,2.8284421886541193,5.696331354163519,1.6355068533260053,Iris-virginica
7.710001378329273,2.725938255360259,6.858751394894364,2.003399168262712,Iris-virginica
7.167599752004888,3.405501726661696,6.17194593983545,1.8227733312888001,Iris-virginica
5.571041928289912,2.6233062688056523,4.06090524760245,1.0555132680693218,Iris-versicolor
4.763336652902154,3.2236754546142286,1.4774428547190104,0.2184699208314415,Iris-setosa
6.465001522414674,2.4138972211133436,4.663440144960458,1.7023934086025359,Iris-virginica
5.922712638715597,3.108066530318071,4.019311342824907,1.0867057880304802,Iris-versicolor
6.334467426075511,2.7191251120766946,5.835563611621917,1.9709588202559412,Iris-virginica
6.109130488441392,2.5164003658275838,5.324765428479734,2.178543971156145,Iris-virginica
5.7415514865054424,2.5501557708620717,4.4228681091967035,1.5312724964805378,Iris-versicolor
4.884085922969085,2.7514774673512434,1.6894300080747175,0.20198618287367384,Iris-setosa
5.2773077562990975,3.350464089689293,1.6428865342079177,0.593003517637399,Iris-setosa
5.454379014951562,3.098914646062101,3.956374968883092,1.152550438749051,Iris-versicolor
4.916471340356257,3.322606312035168,1.3507124721238069,0.4708117862578548,Iris-setosa
5.835590509549723,3.5729843876631486,1.4642488337637491,0.5462012405464332,Iris-setosa
7.071012146576936,3.8323643818376882,5.899721354993988,,Iris-virginica
4.866182971839263,2.183506950533643,3.5810112215069605,1.2880360408637508,Iris-versicolor
5.242977926302111,2.9584949345253095,1.3611481285570441,-0.05953942872924323,Iris-setosa
5.565007270268792,2.802964391890616,4.120943551285581,1.4821183571282788,Iris-versicolor
6.978472582697198,3.072699079161576,4.954329774281829,1.4912878616876173,Iris-versicolor
5.7353440232234085,2.978233921070383,4.918928864883133,1.664694820705282,Iris-versicolor
6.4567436166129655,2.8281870741665567,5.570600989761823,2.3075287514631766,Iris-virginica
7.159440762668837,3.168240973679005,5.960005355240499,1.8063314431721413,Iris-virginica
6.012353492073788,2.516873880970799,5.656006590242077,1.537516638238289,Iris-virginica
5.223116288263142,4.031195623994259,1.7868835481551797,0.3910555907621482,Iris-setosa
5.438867336723553,3.2006048890526833,,1.2225262356868176,Iris-versicolor
7.492568342625773,3.7686220869887905,6.284924844954468,2.4360455138953063,Iris-virginica
6.083242087062712,3.2344394523910243,4.914129481353267,2.090583310292632,Iris-versicolor
5.368279477287385,2.7282098263223884,4.321683466734373,1.0052542505503708,Iris-versicolor
4.990632428821772,3.4201265542673016,1.3600607020518145,0.06459210959529907,Iris-setosa
4.831258636045109,3.2203523247402055,1.514980784574248,0.16119703416419076,Iris-setosa
6.425723450531105,2.9212176396564185,4.176656069417869,1.1495448487591187,Iris-versicolor
5.1378241560605025,3.5810517740296706,1.701076382753415,0.8213734182906505,Iris-setosa
6.944614560765035,3.002401237043757,5.571418214173126,2.3917523563220118,Iris-virginica
6.0505124135983595,4.135303699977589,1.3867165412033609,0.05909963760697309,Iris-setosa
4.593693643045566,3.231825867485275,1.8319617408028754,0.4623707545049487,Iris-setosa
5.83219035517617,3.7416794518770518,1.4050878921367629,-0.003260774346027673,Iris-setosa
5.827250038277549,3.0389166003784087,4.8104009935897745,0.9102845154874033,Iris-versicolor
6.458471279870363,3.1799490995408672,4.920278379174722,1.9834134541130586,Iris-virginica
4.2763144518558525,3.2628784275673524,1.3541032971580307,0.30793106180543023,Iris-setosa
6.902475746166996,3.123012196356764,5.74536183286531,1.9701226289278186,Iris-virginica
4.2400721716786025,3.4796167870242014,1.0541010454069812,0.4252894018216681,Iris-setosa
5.308730182702999,3.370355804858783,1.4839042322346072,0.6878156238108335,Iris-setosa
5.1799022889361925,3.178400779574414,1.7181446427952785,0.4222284316962521,Iris-setosa
4.467711402106617,3.6329839926095087,1.2121778101881768,-0.05822864272161743,Iris-setosa
5.53882028589635,2.7209779974497526,4.3119575766635565,1.34300148453468,Iris-versicolor
4.586101097891587,2.884649076076187,1.1522331257725655,0.38960496810054757,Iris-setosa
5.46190242575143,2.5875207448986024,3.846417010538229,0.8390425226946883,Iris-versicolor
4.349813131856442,2.26854528607836,1.3465954205196253,0.4414429718185177,Iris-setosa
6.269187336789752,3.474981058405831,5.36205712520077,2.2380931724695565,Iris-virginica
6.252029114387385,2.8071265254737154,4.407517165099547,1.4209860628432127,Iris-versicolor
6.530641015007718,3.0506086064349023,5.7871781219794265,2.37765270278989,Iris-virginica
5.039323723314218,2.5033735581347796,3.5551876266716946,0.7359004657638784,Iris-versicolor
6.282054123191956,3.356918534161504,5.591564461370704,2.608907625614567,Iris-virginica
6.442420850536393,2.2428418829352204,4.397509899783505,1.091580029397352,Iris-versicolor
6.610537869588508,2.823662980045212,5.806495665676421,2.491079145991386,Iris-virginica
8.042686305708777,4.0086510995757205,6.502827112526578,1.8819605556709988,Iris-virginica
4.1145499874124845,2.732225236697457,1.069078662173618,0.3712110781474568,Iris-setosa
5.445672731620472,2.7871605472553096,4.4785631232164045,1.4709212450249516,Iris-versicolor
5.065701007226398,4.014713849803655,1.3408277427418405,-0.053120489736737886,Iris-setosa
6.785971431330181,3.0554710438995474,5.786120069031486,2.591928863081783,Iris-virginica
5.716257021152182,2.960831147149262,3.3912953223168767,1.0474826254703833,Iris-versicolor
5.06212089930897,3.1885451946282393,1.6859311356285798,0.24876040829177515,Iris-setosa
4.316377975354641,2.8034622751819214,1.630325433157448,0.007608779347360789,Iris-setosa
5.242626434270692,3.751243543540846,2.1300764456368535,0.24079403631483828,Iris-setosa
5.683201383730545,3.741076784357793,1.4900229286566837,0.1530657015957862,Iris-setosa
5.7224075241683465,2.619593310348061,4.051114419457717,1.037572613807416,Iris-versicolor
6.665614936253917,3.1881044570968013,5.6632313674586,1.8261482206162307,Iris-virginica
6.172895101114227,2.7718117337780432,5.393017921505256,1.1364380118946873,Iris-virginica
6.088510389753736,3.5448804535090037,5.475785916466431,2.0856088952853775,Iris-virginica
5.360036746499189,3.656602912382603,1.3526188326417803,0.45640562340670565,Iris-setosa
6.355709090788817,2.7906595807621626,4.474757789522829,1.4606732573997425,Iris-versicolor
4.665189628700191,2.7858143103503332,1.6899224477847552,-0.19048499799293847,Iris-setosa
4.9157199000043805,3.081725873732324,1.7342705232928872,-0.07823966605177968,Iris-setosa
5.325233383053331,3.945883053937116,1.4791083935609368,0.4146872462675055,Iris-setosa
5.9901432661383875,3.1020688948916355,5.377042038810844,2.0342242041672036,Iris-virginica
5.47154539313409,3.1660290523315604,4.724270128803177,1.3797032447818673,Iris-versicolor
7.004924988579907,3.2775673985095435,4.790828392311391,1.4568247406066457,Iris-versicolor
6.154266607724989,2.880164035956789,5.574904702727784,2.3414856515061317,Iris-virginica
6.091142703859691,3.227172378060389,4.538286008149226,1.1918263539013192,Iris-versicolor
5.1378553380124705,3.4075432897300213,1.5464434568277867,0.26605893617178955,Iris-setosa
7.2230033729754775,3.5343939802385735,5.924428245041791,2.777005172400834,Iris-virginica
6.742581742531866,3.361164269825152,5.669050924998895,2.4548333311264003,Iris-virginica
5.578336542469319,4.4679747346813725,1.3013319556255838,0.45237956295634985,Iris-setosa
6.4034177860443755,2.8900138297449938,5.40793735452072,1.6878379444897913,Iris-virginica
5.454024266165,2.528496196434385,3.613519787641744,0.8298710960315571,Iris-versicolor
6.2586250762054565,2.9013251836093295,6.02287499803297,2.1496453665639117,Iris-virginica
6.532228087109552,2.9616075690792627,4.296481051834009,1.2346295850782263,Iris-versicolor
4.927073536235146,3.582473401803074,1.4987140857566463,0.19680481282136647,Iris-setosa
5.5209317721007505,2.5567075896917397,4.110666817337491,1.332073430459513,Iris-versicolor
4.674545915192882,2.966034831865288,1.3497010779655554,0.20343361634945545,Iris-setosa
4.805063519691374,3.43981277167323,1.607948934824316,0.4670960922746691,Iris-setosa
5.836226733383457,2.894330900182328,3.6984810628206697,1.33703606978168,Iris-versicolor
6.379289196813032,2.831104260284362,4.617165658347647,1.6870125127205275,Iris-virginica
5.343281849664694,3.047555891394614,3.9736853730588138,1.573710949488839,Iris-versicolor
5.468802976180308,3.641783043182773,1.2747319122153304,0.3408472205333,Iris-setosa
5.205768466791008,2.288889420724531,3.8439992947362525,1.2382551574488658,Iris-versicolor
5.17741314241621,3.6499624512975277,1.2826018743299568,0.40174112728832145,Iris-setosa
6.034509808983523,2.706036197614958,4.010699398290624,1.3534274986152581,Iris-versicolor
7.073802712051586,3.0450029167572032,5.343309574878943,2.0267961732311,Iris-virginica
6.830109176361479,3.005289756956212,5.794879699433626,2.351222453336546,Iris-virginica
5.0199655558946565,3.167244512373176,1.2745197551397514,0.11638925948884735,Iris-setosa
7.404646126565541,2.705083968874347,5.807023918192316,1.5051180267396733,Iris-virginica
6.04581963232832,2.6359749037062,4.00980497228259,1.1911611758591079,Iris-versicolor
6.629450940981736,2.7648476459676345,5.190615326493182,1.775999452253272,Iris-versicolor
6.544879473042063,3.382734178882777,5.9624978753448445,2.047793014246774,Iris-virginica
6.646889557533851,3.0937184815330223,5.5974090213848235,2.353974979600905,Iris-virginica
5.041525375127105,3.810566748748379,1.6123703434996084,0.13800348218911251,Iris-setosa
6.1556983482450285,2.726501962685079,4.78729865373353,1.3166930284907377,Iris-versicolor
5.019157440277038,3.0510515862912264,1.7181864002847862,0.2969863394986307,Iris-setosa
6.223609173120632,3.115073354322019,4.343954113028002,1.1719896221449622,Iris-versicolor
5.477541579743057,4.3149174873728455,1.7507050419695538,0.5389339341617809,Iris-setosa
6.612663177084312,3.2029030771731386,4.69953899409804,1.1602671791411363,Iris-versicolor
7.824425877243543,3.861761096828393,6.4486150944661045,2.3929642899978565,Iris-virginica
5.485630561156152,2.980547476363101,4.498722959282295,1.144341728963801,Iris-versicolor
5.309119974591017,3.4469056892076373,1.571602346819958,-0.03876984167216149,Iris-setosa
4.770754918355803,3.3600319819594895,0.9134894368445694,0.3334768322406548,Iris-setosa
7.060531302336898,2.6421851536588865,5.063597673889034,1.3223195686487217,Iris-versicolor
7.682714469266013,3.2180563924083683,6.017846951029504,2.229378982350439,Iris-virginica
4.609207248419797,2.4525306847770194,3.347504506206573,1.0839611909615192,Iris-versicolor
5.983694968476746,3.631305926392353,4.364805500248451,1.302601142976505,Iris-versicolor
6.991148764936466,3.2298286135908736,5.4351887711442135,2.0791707287960626,Iris-virginica
6.532468750611542,3.063415667438124,5.209791749277658,1.8505460935495093,Iris-virginica
6.394863202210471,2.923605960444168,5.686317552775146,1.7924601956971822,Iris-virginica
6.591637828392103,2.6378786792470166,4.603200062146384,1.2813811262165995,Iris-versicolor
6.884437307169445,3.107760256232265,4.473722159841545,1.2147001612198565,Iris-versicolor
5.583974254776488,3.89681945703077,1.4090352271023947,0.30151355651421236,Iris-setosa
4.677027146456921,3.235052247289164,1.528702267464337,-0.05113588547488679,Iris-setosa
5.310150794972814,3.73627265219509,1.4168120201016354,0.4394273513950463,Iris-setosa
5.753439379193368,3.017827553135311,3.5600569956251573,1.4114737620067164,Iris-versicolor
5.779031328936253,3.706404609143573,1.1016737653373254,0.37891443695692373,Iris-setosa
5.3025393011460755,2.7676770088859834,4.166881433437389,1.4654569605012804,Iris-versicolor
7.320973432132608,3.0601848833064276,6.016946676547114,1.719816937012596,Iris-virginica
4.907090667566077,3.4877282639952334,1.2292764951805548,0.3107129991995204,Iris-setosa
6.0423106519150656,2.179226657547548,4.113618591120929,0.7286376598117882,Iris-versicolor
6.672431580285071,3.043502411495346,5.2351072184355205,1.9737716169979973,Iris-versicolor
6.5210738646549595,3.0810782150692266,5.503950513570809,2.071906265381421,Iris-virginica
5.937021537118423,2.9003466297426597,4.453834556179082,1.236017629067093,Iris-versicolor
5.388508854846514,3.3841249527149313,1.5258576141605358,0.5005581099404564,Iris-setosa
5.685801661631038,2.169555611536093,3.958058145015526,1.2127211138309455,Iris-versicolor
5.493147744050893,4.281737131915132,1.2443818591668165,0.39621596784508384,Iris-setosa
5.898282711997076,2.804626430771058,5.109014767777355,2.0266475009657077,Iris-virginica
6.93949842802213,3.4475510988976983,5.778187072599152,2.492690527713235,Iris-virginica
5.741821755903866,2.4705410181986642,3.973894591464163,0.9263806266166816,Iris-versicolor
6.494419825991734,3.0601119990527867,5.301898299584157,2.334116276139327,Iris-virginica
5.33760694940366,3.705847302746279,1.45921936801713,0.19880849114395716,Iris-setosa
6.364396926452875,3.0086708862596554,5.264967235406122,2.5706656850074125,Iris-virginica
5.079791665312998,3.015877175448281,1.513450796095026,0.3697939921226359,Iris-setosa
4.489858624201224,2.9418667427733682,1.430182109919889,0.1292848980610812,Iris-setosa
4.849783888412373,2.148016427946084,3.001993690104145,0.9087879066785257,Iris-versicolor
5.210880466920485,3.922780022393577,1.6291831743759364,0.20296332911393955,Iris-setosa
5.304761874356369,2.110755205169098,3.904769868385065,1.1008439781798336,Iris-versicolor
6.069983319526026,2.7127962151644365,5.000117789502036,2.238627031180954,Iris-virginica
7.498744647934671,3.018107256806875,6.400114860162656,1.5500327860400684,Iris-virginica
5.23835386640584,2.771619338670715,1.5422407268390799,0.43443413496201544,Iris-setosa
5.49208872257062,3.3447062828580045,1.408222308225481,0.2546703468822934,Iris-setosa
6.746243881673107,3.0962536211841902,5.380765596987235,2.324120635270015,Iris-virginica
7.947866042074093,2.725636001298321,6.6645489687305925,2.1264971326880144,Iris-virginica
4.80095040708898,3.1754926022677457,1.7050836098882693,-0.07821196966696592,Iris-setosa
4.8474273850457905,3.5992908000029935,1.852184458797844,0.4780758335234926,Iris-setosa
6.7003723604784735,3.3471236245165548,5.432324041034243,2.316043642577361,Iris-virginica
4.97048581590679,,1.2912389603214327,0.10364791657323527,Iris-setosa
5.029292824011387,3.4757637928628227,1.6346815243603767,-0.08207467645098865,Iris-setosa
6.075707325629191,2.4053416452674172,5.764006727204633,1.540491274589423,Iris-virginica
4.714935570133151,3.229280463407236,1.2334265114111567,-0.11965817271669396,Iris-setosa
6.112721599424645,2.599210067857838,4.2656834893585795,1.0284228088173362,Iris-versicolor
5.755401874210401,2.5879978254086895,4.17025977998612,1.363729307713089,Iris-versicolor
5.437664566160375,4.251684713457236,1.4124328330408487,0.2889011042565478,Iris-setosa
6.7163272583446565,2.9490654017502607,5.696742132724728,2.42673545433831,Iris-virginica
5.324093365172598,2.8898919534952117,5.179764514247554,1.8805221752333923,Iris-virginica
5.062532937633437,3.3303974348167604,1.4609634814423385,0.2438945600682863,Iris-setosa
6.901944913645777,3.0751507771047644,5.426720366158327,2.3817238317093605,Iris-virginica
6.169911127699082,2.932572219391074,4.1632348472001635,1.065939801411208,Iris-versicolor
5.668316220858878,2.819980004583476,4.049814428379818,1.0524288050917971,Iris-versicolor
6.410883036326323,2.413910223053942,5.805102439240361,2.0583578165656626,Iris-virginica
5.859519062517758,4.444235062613476,1.4004976999748497,0.17366890003282975,Iris-setosa
4.552684563935201,3.4169181049032282,0.9197408414531066,0.3316819154718513,Iris-setosa
5.865831339456772,3.0020983286084455,3.985768828167171,1.0160650670025855,Iris-versicolor
5.574012334482033,2.9975857360478813,4.3034057308535925,1.0797611337458788,Iris-versicolor
5.129968913249568,3.557746615393183,1.6307655316486722,-0.02875146072300777,Iris-setosa
4.949137635041086,2.8523151392830837,1.612264133889595,-0.016955811256830433,Iris-setosa
5.229047223588208,3.210640082177315,1.631870254291472,0.7705356433378581,Iris-setosa
6.052133657304465,2.813611505309401,4.034358937483003,1.4571886596170605,Iris-versicolor
6.549087117721941,2.7376640574670623,4.78232538300998,1.6707405974820495,Iris-versicolor
5.09554165409285,3.5611465667367557,1.5320259726878558,0.5916069955866305,Iris-setosa
6.401754559322441,3.014886905775198,5.633741649891629,2.0963791274382064,Iris-virginica
5.04771687305799,3.8737572944557277,1.8484138484212649,0.1261357969007374,Iris-setosa
5.54884254272795,2.972998932510672,4.994266965923092,2.1565575029279564,Iris-virginica
6.149100049937514,2.7122829520685383,5.0794836241318055,2.0506446904884323,Iris-virginica
5.59343346738858,2.23579277385327,4.210791254681452,1.0784805439637972,Iris-versicolor
7.4913159690236615,2.748642854574821,6.110857483581338,2.5892759739345346,Iris-virginica
6.74275816633263,3.249878890153669,4.92488268227195,2.2250565116756023,Iris-virginica
6.7064469710922365,3.167536358411361,4.998471404990641,1.6836753214174265,Iris-versicolor
6.869314645695029,2.866130773234647,4.775214426323791,1.7792445712932197,Iris-versicolor
4.741396410093017,2.705401457546402,1.4934933097082645,0.44870453672006116,Iris-setosa
6.087900181221463,2.5826824491963927,4.947561647237461,1.8596240277041034,Iris-virginica
6.937805209600759,2.9856722284873616,4.665199070670414,1.4837084731697612,Iris-versicolor
5.535142078350674,2.8035265238853406,5.001234775932434,2.583859487119191,Iris-virginica
5.57448160981168,2.8246091434776237,4.200865542155443,1.1176580280855188,Iris-versicolor
5.761936861672343,2.7195815368653213,4.480275416317117,1.4469056166028804,Iris-versicolor
6.692679111972325,2.9065079569525243,5.176173217800225,2.1315157925931625,Iris-virginica
5.686344155417045,2.7507250642162893,5.052349337579058,2.113483770473246,Iris-virginica
5.914975805714561,2.874667605060688,4.818501105738282,1.0205832008391342,Iris-versicolor
5.556191215127349,2.8282384060196835,4.401146229550778,1.2334718999047896,Iris-versicolor
4.728942736840897,3.557215958998923,1.2935457253611522,0.4033036455050192,Iris-setosa
5.839686674715797,2.8168050294012636,4.462454599185555,1.6800595287973645,Iris-versicolor
5.332960366061112,2.60916535489357,3.7377757015398885,1.24295534017719,Iris-versicolor
5.911740702381833,2.52965133350222,3.855040250436954,1.317623779288509,Iris-versicolor
6.397488951974607,2.891231057124967,4.309520715541366,1.129137838136327,Iris-versicolor
5.910158422089768,2.7048470771397155,4.708077484564843,0.948318705087859,Iris-versicolor
4.944992824459869,3.7673694409661724,1.1248243262483446,0.39543303907541666,Iris-setosa
4.9026824950269825,3.534472823812076,1.671992635414407,0.20860861099757944,Iris-setosa
5.53980559643223,3.7055163239719913,1.6486289866698245,0.4959994912973784,Iris-setosa
4.295665408664753,2.7204930099549847,1.585777600175078,0.31539841607905283,Iris-setosa
7.569026914047066,2.6290086053009385,6.13612952490038,1.7140749489447415,Iris-virginica
7.881949476498657,3.2681383083250073,5.815976747592233,2.0948247839838254,Iris-virginica
6.860332215776594,2.8470681180982575,4.813484093899197,1.6171278119226238,Iris-versicolor
4.336202930738039,3.8307764358975995,0.8112316046408325,0.1974274896017475,Iris-setosa
6.172747688063942,2.743039469450937,4.478556887212528,1.4616311029638793,Iris-versicolor
5.292453998792178,2.1529340149844387,3.8504432529776054,1.0794476576054561,Iris-versicolor
5.095702774336031,2.1368826639119614,3.5451848384743663,0.9802643732357521,Iris-versicolor
5.286902243203464,3.537718123669048,1.796328229646465,0.21057172936645824,Iris-setosa
6.5958471644935885,3.355649944655817,4.478226573919,1.648385718995097,Iris-versicolor
6.912826129959531,3.1699722736355396,5.706609375716292,2.0746654225313828,Iris-virginica
6.769307336922383,2.904655700142293,4.732109798191374,1.3344086702185425,Iris-versicolor
4.7401683010862214,2.915145088455434,1.2432403100670915,0.4921288880160959,Iris-setosa
5.797572029774839,2.3270407585461204,5.267494421955089,1.360030733107792,Iris-virginica
5.62028339809137,2.7727889260628333,4.474422225993444,1.3564230877475558,Iris-versicolor
7.3625100021943455,3.590304137229923,5.984008079223389,2.2709673779373176,Iris-virginica
5.480268457282951,2.7265403460307507,4.330532459236637,1.0885269689427655,Iris-versicolor
4.917088045206998,3.2566013893140777,1.3693584791484636,0.5163682692756942,Iris-setosa
5.514099847893957,2.3034773821718275,3.783347004170153,0.9884017029320422,Iris-versicolor
4.265326778497249,2.9438496297513344,1.3183600721596909,-0.1749577989841791,Iris-setosa
6.45864693016602,2.33372162145292,4.618677457641982,1.7908485970694514,Iris-versicolor
4.998603542352276,3.755529848148265,1.6653530319061973,0.4402920980033658,Iris-setosa
6.521700895529215,2.9814119566506543,4.017418369311059,1.391362968338891,Iris-versicolor
4.938303007312717,3.4468966681555426,1.2491632564658974,-0.006695340870346456,Iris-setosa
5.899338380799741,3.5364725147137874,1.7510352260969155,0.4229974863516162,Iris-setosa
5.81147043736431,2.8606030550986414,4.193551419139757,1.2095548511557284,Iris-versicolor
5.4391559260586115,2.2452568569875204,3.70748618183969,1.1335738059073368,Iris-versicolor
6.269000230595387,2.831510282022276,5.168294532441524,1.9669980161007448,Iris-virginica
5.034627523199683,4.041134681378711,1.4705373438200495,-0.06254189285913958,Iris-setosa
7.614786144270763,2.5685339633121664,6.347762666718126,1.9077576962391696,Iris-virginica
6.510210744602975,3.0662956519414,4.777103143759458,1.32015076647651,Iris-versicolor
6.163424000063788,2.851287184498776,4.867172465379283,1.4697794258612875,Iris-versicolor
6.056720850604014,2.6893599844538607,4.793444216374547,1.2552322463776657,Iris-versicolor
6.937950618591784,3.1239117201615394,4.614022008638603,1.506655979640525,Iris-versicolor
5.4594920348914195,2.999646327400386,4.479956113554908,1.476850913295422,Iris-versicolor
6.081390669995761,3.38619536989417,4.961364652613895,1.536742934675595,Iris-versicolor
,2.8897863343220616,1.37057504213834,0.28095728560618827,Iris-setosa
5.806676499800992,2.4932253993113043,5.185619994859202,2.0419149694298366,Iris-virginica
4.802327014429838,3.126118204536847,1.1359909955627308,0.41827107687592147,Iris-setosa
5.819934522830893,2.7745928217873637,4.8618389001674345,2.0402988509692523,Iris-virginica
6.122957565378723,2.2107443289184685,4.272190138370348,1.7084910866229157,Iris-versicolor
6.563154498590997,3.5295872343369314,6.1152155027542925,2.6904108548522614,Iris-virginica
5.810197245836827,2.9750616006603425,5.022595490235248,1.7668561014807416,Iris-virginica
5.247310952701178,2.1747901799495324,3.230427302021972,1.156468857011005,Iris-versicolor
5.794561815377731,2.6486389163662594,4.693918446192178,1.6543094964599503,Iris-versicolor
6.444258061380888,2.5559495046228706,5.179835669478068,1.395566628789601,Iris-versicolor
6.779880866106682,2.8153637736236705,4.553160076403444,1.680955203058651,Iris-versicolor
4.601275323158035,2.872816998281649,1.4066117470090012,0.06073221782234209,Iris-setosa
5.101416217064865,3.610390517113098,1.5116601987044518,0.18631606772334908,Iris-setosa
4.701277004776448,3.3444995006094307,1.3731819438252344,0.37792496005052456,Iris-setosa
5.878144447762963,2.489158985019327,4.833418024684975,1.755586650489116,Iris-virginica
4.54076646116192,3.5307392044729986,1.4879214566384897,0.12593622731734616,Iris-setosa
5.44915664939658,2.4878522273832684,4.044714864557392,1.2229049915934733,Iris-versicolor
6.9070934387225655,3.4257821759485294,5.824116664403008,2.075824546945675,Iris-virginica
6.679025610777551,3.1354516460535806,5.659508306654633,1.9736607186157185,Iris-virginica
7.997334995848716,3.8025087672908855,6.912217926217108,2.2634249715491146,Iris-virginica
5.3331899942225665,2.767693937895948,3.793777837911769,1.02427345160489,Iris-versicolor
6.482108229316622,2.3952292710497587,4.385302713109356,1.4580640358443095,Iris-versicolor
5.745098942142049,2.770646174674596,4.152355544481003,1.4065149114926188,Iris-versicolor
6.887615537381024,2.8252732837477654,5.235175561712863,1.7331795023518044,Iris-versicolor
6.440305465039572,2.341076871654758,4.905860239306685,1.8767892291744248,Iris-virginica
6.419454982665109,3.3231844652739184,5.542385278887511,2.559046520798099,Iris-virginica
6.567828891113615,3.334143696008644,5.009196189906973,1.875456584490155,Iris-virginica
5.50933937275333,2.8301578979107007,4.004011338774711,1.1434738006244551,Iris-versicolor
7.983479924616594,3.592308851494837,6.539505376825155,2.014587208275014,Iris-virginica
6.56829428785631,3.2900174080391023,5.191708370298972,1.9676262537253184,Iris-virginica
6.059585477612721,2.5484660970012905,5.650975881991288,1.5855451614009328,Iris-virginica
4.929797176464972,3.3201389432473998,1.0178610523864968,0.35768481422357973,Iris-setosa
6.482978786561146,2.9905095708880656,5.490032004972601,2.5829972032299464,Iris-virginica
6.504898427451045,2.827547180079212,5.159555743390066,1.505962057001089,Iris-virginica
6.255633467800179,3.3022498909245344,5.697976074808702,2.122437231952625,Iris-virginica
7.978252649874131,2.7989735236911653,5.901483301165529,2.554314944557193,Iris-virginica
6.213760702291449,2.899668348497755,4.065832951667947,1.0728831189792971,Iris-versicolor
6.620225030754969,3.0068743294308686,4.9268371539203955,1.8502867517493076,Iris-versicolor
5.817933171622454,1.9319114798836692,4.97459902163304,1.306480378229079,Iris-virginica
5.881183311568659,2.8662142316758032,4.600979532204569,1.5361710319068989,Iris-virginica
6.423919766632001,2.59198877827235,4.737457550296803,1.7754711052882237,Iris-versicolor
6.567563700544114,3.23169054652686,5.534215741707096,2.11575295649415,Iris-virginica
5.183980219533721,3.0015712888453434,1.8096960702761786,0.6254398675006141,Iris-setosa
6.5246683996732555,3.118530484357094,6.233775892014776,2.4276776592003793,Iris-virginica
7.330721841267405,2.9987261871054627,5.635758489538652,1.9399439202794115,Iris-virginica
4.596197646985458,2.839776042548972,1.500518000650622,0.18624303417238658,Iris-setosa
6.769991709949632,2.8261166551562087,4.709104062178069,1.534272948128351,Iris-versicolor
5.679557522799679,2.751384197322824,4.216605237220449,1.343434015246579,Iris-versicolor
5.38883964705098,3.991903435180322,1.3123842710427291,0.3624780753060277,Iris-setosa
4.892112335725333,2.35726117668919,4.381696180187219,1.6569704527114584,Iris-virginica
5.095118919944605,3.444186192406383,1.3901855732920354,-0.06686318073656261,Iris-setosa
5.949704406675296,3.0001499865069197,4.036284211740008,0.9704935734648458,Iris-versicolor
4.674393895552305,3.0212022465965465,1.263445027812483,0.495971916228643,Iris-setosa
5.2841186711381285,3.6380965658765305,1.5405634468170037,0.23326467497123488,Iris-setosa
5.711274259154775,2.893658051095294,4.5366104407475545,1.9337387270538953,Iris-virginica
5.177940353714909,3.5341922111136723,1.7885702563445876,0.3857291333889169,Iris-setosa
6.54532726388386,3.289682268324878,5.786861433310618,2.0662125988417333,Iris-virginica
6.89374758506076,2.880069925175614,5.671473050505006,2.0249553150299846,Iris-virginica
7.020646367906509,2.77714518781922,5.725884859660255,2.1486589601230976,Iris-virginica
5.024439419388673,3.689873803052019,1.7138808682959281,-0.07815857407871246,Iris-setosa
6.093210019223473,3.277905104357971,6.235945098826692,2.207529774151859,Iris-virginica
5.492103305804371,4.056068167156008,1.6788815829956985,0.3504815941510812,Iris-setosa
5.1859795682018,3.6627248618641883,1.781689953185187,0.6222978674343276,Iris-setosa
6.240116179013145,2.128686291618996,4.373339631079272,1.2581717804195627,Iris-versicolor
6.557497978528495,3.016971965791071,5.134615513753914,2.1737704678328513,Iris-virginica
6.004173922351642,2.809296272356139,5.38393610942176,1.3688832442797447,Iris-versicolor
5.19838199632349,3.2195608261681694,1.9645815114888816,0.5711060453808987,Iris-setosa
7.669214520386276,3.5005244889316,6.690192428163166,2.21243279258925,Iris-virginica
5.94289375480204,2.315204350098782,4.15468969255298,0.7229794662990936,Iris-versicolor
5.176573145924787,3.8672938203642806,1.4671188306606227,0.1615288258160987,Iris-setosa
5.4632707098566575,2.5063270190836398,3.951886556525886,1.4136514655299903,Iris-versicolor
4.694522537560207,2.994254993716314,1.43043946660673,-0.09898675254203748,Iris-setosa
5.345122452834482,2.913274074982814,4.7031791677779315,1.5207994547361348,Iris-versicolor
6.824288340646417,2.9120699764654883,4.991914047380698,1.63853739918799,Iris-versicolor
5.6252783329378095,3.0309667102185953,4.761754608719623,1.4334037258836734,Iris-versicolor
4.821003816603341,3.548490018518973,1.9461758722494953,0.2605688333694571,Iris-setosa
7.90041259995452,3.6854663285816067,6.368808819962834,1.747885530553885,Iris-virginica
5.828853029395431,2.2403869509554744,4.898217382984334,2.249966760960089,Iris-virginica
6.0104198990684115,2.832190896569975,5.631800723193327,2.0379295961854327,Iris-virginica
6.929043370768483,2.9486964112423113,5.761017804449992,2.230881004264038,Iris-virginica
6.693946045639098,2.9140135287259414,5.713490976894577,2.0210635565460136,Iris-virginica
6.434955239062247,3.088745547135001,4.979525371980307,1.6075409101943197,Iris-virginica
6.937353304068746,3.180946583955798,5.845956761247486,1.90400001011666,Iris-virginica
4.644159794003143,2.7022806101168335,1.2040680687420668,0.3667738583731831,Iris-setosa
6.593694651326815,2.4244296853325946,4.762137501076792,1.6409520438517249,Iris-virginica
6.12804169180441,2.946401989721728,5.34126210396595,2.2654958117622592,Iris-virginica
4.685012004302112,3.1970729625614136,1.8645183692974607,0.4806026335420138,Iris-setosa
5.1512369112807415,3.7611975524481065,,0.43889498034332564,Iris-setosa
6.173399415934065,3.1004639040178157,5.623888017727587,2.103275559421256,Iris-virginica
6.5664549973966055,2.950790259941282,5.647370052862456,1.9370587902799707,Iris-virginica
4.593562072145124,2.8989847073054027,1.076499393086383,0.20818383081928532,Iris-setosa
6.311898139773795,2.554904128097191,4.96144638747058,1.952565255615927,Iris-virginica
7.56189423261144,3.258208202650695,6.294312902198271,2.0423309839242556,Iris-virginica
4.94387400316424,3.5722880148182448,1.0347550605224605,0.40106710789348765,Iris-setosa
6.351323637031455,3.1192341116832782,5.296049233962001,2.0197294142536335,Iris-virginica
4.968534178163299,1.9819360245782933,3.7069825485305934,1.2347779063789612,Iris-versicolor
6.405782597488332,2.9266139367301203,5.0839777932631725,2.0317066902200582,Iris-virginica
6.876451123852919,3.5246075119027824,5.465343060276597,2.2002081005953205,Iris-virginica
5.0443750093238595,2.899433806038258,1.410107447766995,0.40121547725364665,Iris-setosa
6.236059408627815,2.2514795080859606,4.127081499325296,1.3561858621770988,Iris-versicolor
6.4011658111500305,2.9098025945528962,5.408383960495446,1.774348298123094,Iris-virginica
6.875748449069914,2.8043809995843327,4.697014094566911,1.4691302027855602,Iris-versicolor
5.548149799487688,2.5563861465908113,3.9582572686452875,1.1105321441700846,Iris-versicolor
5.568003675550505,2.593487967012556,4.6804946912317655,1.1173215965143384,Iris-versicolor
6.012142251089976,3.4357380794177006,4.596558167592947,1.6123245874530396,Iris-versicolor
5.058080865684224,3.202968933420589,1.4059253007107027,0.15851560772724602,Iris-setosa
6.19842944424608,2.7446013764719828,4.435300595329927,1.5551472752948214,Iris-versicolor
6.664355244340945,2.276523653291306,5.638112692865698,1.6054348552121451,Iris-virginica
4.906788924025394,3.494042697891268,1.2995616358395523,0.20116341118259656,Iris-setosa
5.430709375378964,4.157054318510715,1.7050383088257268,0.49223138689220075,Iris-setosa
5.370833548451531,3.8824540794699955,1.4189111624852921,0.39929270702589653,Iris-setosa
5.299326964921175,3.6180249766099375,1.2427988680950182,0.1661269122998983,Iris-setosa
5.493516945984947,2.837232064516381,3.756555904674311,1.3685237930750431,Iris-versicolor
6.070536909966038,2.5807481227433358,5.05074004959988,1.6972981095644375,Iris-virginica
5.563964330097222,2.5147383762854747,4.2022150821745425,1.5321834198268134,Iris-versicolor
5.820825819560323,2.708271550090651,4.053484199158879,1.397861453842898,Iris-versicolor
6.109647279714603,3.6138240175308436,4.238066769263298,1.5776650526503684,Iris-versicolor
4.742486130263709,3.206386445137495,1.4730220061978412,0.4342055441822996,Iris-setosa
6.583073725324192,2.249822900267217,4.140326960718684,1.3333879200430738,Iris-versicolor
5.426277565190581,2.702468112474304,4.3562560307819425,1.1612798270841451,Iris-versicolor
7.896005253833737,3.8903221681125135,6.539908842334893,2.174405030270095,Iris-virginica
6.582108362856323,3.028720950212793,4.516151637067381,1.5915231601199922,Iris-versicolor
5.83294217266396,2.4130589591009364,3.9609893119897763,1.3674042166646703,Iris-versicolor
6.910019941741937,2.9254240262436952,5.353401566697721,2.1027561420269714,Iris-virginica
7.446015598192047,3.2680161491877033,6.01736152397457,1.5208708073747834,Iris-virginica
6.915195461811507,3.1547045019654467,5.9152108566541965,1.8978872662066544,Iris-virginica
4.249182422566485,3.0692943181815524,1.094004251670203,-0.053430793783042496,Iris-setosa
6.767633791116346,3.1086560637522855,5.610523626313121,1.5845867125591562,Iris-virginica
6.413168945017011,2.7281944678331156,5.291617012993327,1.5216206668649943,Iris-virginica
7.196228305349601,3.161513868277161,4.8185529084182,1.2932581347155387,Iris-versicolor
4.695449705679036,2.5686434961549196,3.3043669286248254,1.004294759897567,Iris-versicolor
5.095917250723033,3.709369496326467,1.587229376629119,0.5941210967798712,Iris-setosa
5.367604244869328,2.8721434979077785,3.859252415737257,1.1115470639063756,Iris-versicolor
4.154445669406617,2.958452111199742,1.290477987941093,0.389414745970009,Iris-setosa
6.857790261788437,3.0628297811447442,5.646479400608795,2.5926759028936814,Iris-virginica
6.883591997565632,2.9526011145490245,4.943229236746376,1.676000557039544,Iris-versicolor
5.983350370107734,3.4546863019739966,4.387089995123427,1.8440983991753448,Iris-versicolor
5.885015169927777,3.1876847793169207,4.788967315996432,1.2618916031530785,Iris-versicolor
5.379677328727391,3.3127728328935078,1.2369430952233103,0.19852595560160347,Iris-setosa
4.880313772311946,3.1967781365731422,2.0137964150073655,0.44951239427772216,Iris-setosa
5.6242169090273855,2.7677900093175527,3.754766678299421,1.0237213098809195,Iris-versicolor
6.469716563509619,3.0013011396716673,4.624362225636242,1.6866969069844118,Iris-versicolor
4.9421497421254275,3.0412375629886927,1.2457172863514958,0.06792243758349503,Iris-setosa
4.85736247312896,3.8410651887328022,1.8847050416943374,0.04717956244300442,Iris-setosa
6.057056065143206,2.8195890918567637,5.510346415718426,1.5163636303238213,Iris-virginica
7.45513472088574,2.64453703677562,6.991321717164713,2.0219763340043992,Iris-virginica
6.3051112290382045,2.566081820679602,4.7534035020838585,1.4357642956941241,Iris-versicolor
5.230769869416741,2.0405151641475885,3.893025953890601,1.3450339831604363,Iris-versicolor
5.171991319114587,3.749102007537925,1.748520665685674,0.39540239823449513,Iris-setosa
5.373679484661963,3.5803440087670966,1.6552828015095231,0.09388943182135331,Iris-setosa
7.33827539765622,3.125613995830029,6.036751621834821,1.7455717651620466,Iris-virginica
5.247836808830613,2.510935953919768,3.9374036219227504,1.0496897581373388,Iris-versicolor
6.554730603891947,3.145695786248342,4.126050481327945,1.4929216361139455,Iris-versicolor
4.644355537699948,3.189502504300596,1.660391307561104,0.20456124183873442,Iris-setosa
6.5084162907672205,3.0121426594033505,5.465423799255159,2.3225755743111547,Iris-virginica
5.593207740287765,3.1878070060831982,3.6777735060990886,1.2704924821537058,Iris-versicolor
4.763683671042931,3.8926270854790648,1.6046774640213406,0.1952397627609057,Iris-setosa
5.826163343789837,2.8776924013350444,4.403230288832175,1.2996795158575225,Iris-versicolor
4.758154377563705,3.110342621956867,1.6444465752556026,0.4757035382476684,Iris-setosa
7.06807246671759,2.7107857456626334,4.590877441664678,1.315552170183406,Iris-versicolor
5.065270657894496,3.351170921348222,0.9876642454393139,0.1255671039621965,Iris-setosa
5.327119786028006,3.0020974741095943,1.702392215528869,0.5029444384604944,Iris-setosa
5.061848834037862,3.8484325002405453,1.3832302312344233,-0.051407891744640166,Iris-setosa
5.032283466921301,3.3675897476833723,1.2459354852318323,-0.03321444022254774,Iris-setosa
6.873764213655512,2.9514097594299615,4.6026002805114565,1.5195483066530304,Iris-versicolor
4.63178887113792,3.0048007339637106,1.1583065444604552,0.3563323179306771,Iris-setosa
6.177934481947254,2.2459692183938866,4.7376296681614996,1.4153470773522623,Iris-versicolor
6.242537514401828,3.295033264345235,4.806067672249261,2.043944239192235,Iris-virginica
5.2842913428824305,3.0557104787933187,4.507830337517279,1.6754727708246722,Iris-versicolor
6.280452004205666,2.908273570969403,5.330579045451169,1.7949672985250524,Iris-virginica
6.02867736822826,2.7372900747201654,4.6405847004998115,1.2783255237489497,Iris-versicolor
5.011203070118226,2.489445880176816,3.201113005943325,1.3158098057613932,Iris-versicolor
5.45412267983625,2.5724416512974666,3.698883611880982,0.9822674927066503,Iris-versicolor
4.660495393917863,3.132530805499019,1.1396851700262989,0.22270567004001995,Iris-setosa
7.735875875467336,3.740945718922104,6.4488563580694445,2.136306765840592,Iris-virginica
6.527736825365669,3.5373216855082643,5.542956568973977,2.4598582932990984,Iris-virginica
5.4933823288416015,2.3476826115759337,4.1409502142906485,1.0478051657271552,Iris-versicolor
5.455879144547363,2.9323734591283763,3.407263940825233,1.3750568989910394,Iris-versicolor
4.581222874602812,3.3323260931508987,1.3879770212458644,-0.0761405470510167,Iris-setosa
7.4862025939097165,2.899558326066042,6.085402221459577,1.8326744147545038,Iris-virginica
6.16582191240403,3.010009419361095,4.669347865935724,1.1665425507133018,Iris-versicolor
6.388822313447051,2.5737196410513508,5.567505785144541,2.2913292120348245,Iris-virginica
4.746170456535309,3.330812712358105,1.585240465315299,0.309774958402996,Iris-setosa
6.931999592262088,3.4124192137468374,6.253998220915299,1.558268328914009,Iris-virginica
6.324772409765364,3.0295168930389083,5.053360059174608,1.7625822269704658,Iris-virginica
5.268886142778579,3.7260914044003517,1.9431330744241309,0.5372130541190825,Iris-setosa
5.146802609255476,3.6287390442350045,1.4607843029781347,0.7706525718837003,Iris-setosa
7.034583976776649,2.7434526934105348,5.74105808716542,1.476568442043683,Iris-virginica
6.481768333544885,2.69523588763179,5.966333135953044,1.6142966108118426,Iris-virginica
4.763882491283202,3.368230861279832,1.6016928907719867,-0.019640594599864336,Iris-setosa
5.909171402066489,2.7810749045712213,4.98075526987755,2.0761769567746238,Iris-virginica
5.299482020316019,3.6627028873570304,1.6970623960792854,0.28473410058122894,Iris-setosa
5.462097915409543,2.835453127939792,4.369840079276974,1.2480964672654151,Iris-versicolor
6.427357993983227,3.0264536090142484,5.200281364918708,1.7579808319756518,Iris-virginica
5.092450730040832,2.9568891589178943,1.1309384152768152,-0.06493688874723164,Iris-setosa
5.000725603878335,3.0308164328440856,1.2898999385396812,0.15491663797551827,Iris-setosa
4.886785655305127,3.3629172907099214,1.4504798755262684,-0.08364662364941444,Iris-setosa
4.603440687650694,3.2238926016195704,1.3044240842665256,-0.018284595624046857,Iris-setosa
4.463969732684838,3.1078900764202677,1.453920840820462,-0.09918245107985058,Iris-setosa
4.885185375773012,3.46493571646673,1.8702878656487472,0.028679374777935585,Iris-setosa
4.899643328006018,3.386914645099197,1.4764863087193514,0.34292386086654353,Iris-setosa
5.436213633339862,2.657247342299716,4.76229059970579,2.2851100631936605,Iris-virginica
5.033850256443498,2.7230226214058058,1.407501689514688,0.31175314926085834,Iris-setosa
6.115403382045947,3.239089143180665,4.578481561774447,1.964825406550799,Iris-virginica
4.662698934918382,3.3332855085561954,1.1729453006024269,0.15948971139997897,Iris-setosa
7.79774325650825,3.6855004065813683,6.471817400024001,2.278085741108749,Iris-virginica
7.713806300661081,2.980120865231733,6.452599395186709,1.9496440115006908,Iris-virginica
6.025172181674878,2.118021091734654,4.67186684959358,1.4695782978244,Iris-versicolor
5.913451507040956,2.2754530954193424,3.8889675368972787,1.1004247261134958,Iris-versicolor
6.425839809644242,2.7939045044634447,4.619441307360289,1.832172234921115,Iris-virginica
5.3013073582827905,2.532389991201746,4.2894397798211905,1.4298580496105695,Iris-versicolor
6.2495926118252285,2.088260713658782,4.53875178919844,1.7301859202911336,Iris-versicolor
5.835384085307019,2.9074107355518173,4.044922668574056,1.1600774021992655,Iris-versicolor
5.115768140730768,3.702822717818199,1.407282968376833,0.5047680428959415,Iris-setosa
5.434787676767959,3.5313417617944323,1.946021859400231,0.15432462552335474,Iris-setosa
6.751336444553223,3.349011404243063,4.578503964973848,1.4930218428612094,Iris-versicolor
5.226905991565752,3.378386259540518,1.3568837135984912,0.020462876544398156,Iris-setosa
6.626483810824019,2.952575949976681,5.205882506057645,2.083728617016255,Iris-virginica
4.469822231126223,2.9745695893601427,1.7569526956534625,0.3657117667944996,Iris-setosa
5.128565355494473,3.5494218003338687,2.153732725441181,0.6164988883622122,Iris-setosa
5.877986337655357,2.6855613422603213,3.896114106742212,1.2928948707475745,Iris-versicolor
6.570056686696413,2.9403926379877308,5.26566592804208,1.7842995617072575,Iris-virginica
4.969759487764753,3.6105399323706826,1.766520186563475,0.6971713904616912,Iris-setosa
4.692963717565362,2.708127187724325,1.1686320982108598,0.3105682488253323,Iris-setosa
5.483088855237169,3.0340052205537282,4.071781230029281,1.1123269269335938,Iris-versicolor
6.0393782518982535,2.5521008726096803,5.129581424241762,1.7462840340825232,Iris-virginica
5.576907439236791,3.5037834687340936,1.1531880810848059,0.05839019960730024,Iris-setosa
5.989062402020703,2.996713512667473,4.2706792284721935,1.346232801139498,Iris-versicolor
4.841023641340202,3.419708841656251,1.3605792048174328,0.2542742353126877,Iris-setosa
4.769598014340699,2.368841773803311,4.644053626726327,1.9770386033465992,Iris-virginica
7.002385417111166,3.2085784559799992,5.591697625131028,2.1493399459834217,Iris-virginica
4.965719749019833,3.194016030694757,2.124806965801706,0.28363214233135076,Iris-setosa
5.566136214414775,3.182865369626957,4.170428506505642,1.4431493461222884,Iris-versicolor
5.6804497558700575,3.979658753446966,1.3817675116582593,0.11994810699553946,Iris-setosa
6.752204168129224,2.778511434046445,5.288444925269114,1.9331120266700628,Iris-virginica
6.411704551552632,2.645097701566157,4.963927899961449,1.7481576016418843,Iris-virginica
5.9706946869647695,2.652607851940158,4.1708834686738845,1.4731655758675002,Iris-versicolor
5.78617890184411,3.9621552726947558,1.5785033170869864,0.18266028192069678,Iris-setosa
6.021342314742985,2.5707842950301765,5.285965243303901,2.4751363925989582,Iris-virginica
6.2521095212113895,2.93269861160795,5.732176521311417,1.6403403280468216,Iris-virginica
7.006687764945068,3.207154279774001,4.445450584460641,1.6616413840369335,Iris-versicolor
4.946000701136725,3.6168487067074016,1.2927762784692116,-0.07813400619686173,Iris-setosa
5.159179432290075,3.2139779817602747,1.6666609008740467,0.16908721150150696,Iris-setosa
7.20301052434473,2.785966584104619,5.793687451114564,,Iris-virginica
7.778469785290356,2.8956828406511756,6.751864801715161,1.7229622827153366,Iris-virginica
5.557208485282221,2.5935051282968775,5.376615816764342,2.388388037108144,Iris-virginica
6.1650593766560275,3.2230932644753594,4.465327888560818,1.5312648022293827,Iris-versicolor
6.45024053680567,3.327947655319359,5.704120357817648,2.025036192123059,Iris-virginica
5.400450434894251,3.650758696753143,1.1298226359599295,0.3522322410079122,Iris-setosa
4.8803968856485564,2.2960650701013936,3.0988558360403227,1.3367956456666443,Iris-versicolor
7.881689300389714,2.7461346456650655,6.309673260930675,2.103806182372934,Iris-virginica
6.409241436535671,3.5125221694108966,5.4578157875266005,2.7015169399491565,Iris-virginica
6.430902643146824,3.2096723671521987,5.9190832795012485,2.483645808968337,Iris-virginica
5.1007463590196265,3.5182073245568755,1.8285836369570612,0.8686958898685233,Iris-setosa
4.862602800673569,3.540148783868474,1.2937959506468586,0.35330035675551075,Iris-setosa
6.051675654226506,3.1358708152727877,5.062556440106209,1.845782810265093,Iris-virginica
7.899458960493993,3.788349513936661,6.96856505723293,2.1184535392157833,Iris-virginica
4.61911277064921,3.125272822448489,1.267972949394011,0.3981683757379105,Iris-setosa
6.404081537464531,3.1018568835138662,6.137425219600608,2.5906492801583285,Iris-virginica
6.140517865353939,2.970302902418832,5.561374537733061,1.8050001426848685,Iris-virginica
5.175734742438207,2.9029521878757047,1.223190509213151,0.26691069755156094,Iris-setosa
4.672523869200438,2.1993670859251573,3.4735163384941385,0.725466446939227,Iris-versicolor
5.497567282806981,2.509021284139875,3.8352655108354834,0.8356909953277261,Iris-versicolor
5.543241639384253,3.613155349118648,1.6688625960989514,0.06817628338628681,Iris-setosa
4.666452267838325,2.849049501578635,1.6053858294185828,0.03789469791981817,Iris-setosa
5.69870521778975,4.017430344999234,1.1498007278812385,0.42987094406342324,Iris-setosa
6.154200850311862,2.5209339244606013,5.718641127811644,2.3350597978277174,Iris-virginica
4.810822544173669,3.2075903674856225,1.1300082929795443,0.48781566676713406,Iris-setosa
6.395571921330629,3.3191855794202656,4.575512561200222,1.7601739232267106,Iris-versicolor
5.644145547235352,2.516746034771572,3.908278871067419,1.284828388475521,Iris-versicolor
6.238289620352031,2.0455286495820872,4.820314535071932,1.4603410158322556,Iris-virginica
6.382255149996,3.4859333890375757,5.146797986121402,1.7612139540193592,Iris-virginica
5.8610186120453,2.3052386182136604,5.2615004301323,2.0732543603026397,Iris-virginica
5.6906423316303805,2.4783833212541317,4.028242103885153,1.3987847955275767,Iris-versicolor
6.119227429744929,2.1644754919124307,4.735925059400229,1.3640088562260593,Iris-virginica
5.538038085197662,3.2153105916499234,4.031729405576768,1.1203121281341435,Iris-versicolor
6.378107179421562,3.07592336845418,4.711802668777336,1.1339295899408006,Iris-versicolor
5.653029149809016,2.5323990651180193,5.289226600345486,1.7107897980603717,Iris-virginica
4.974140659176274,3.4122910787592144,1.2351004700711226,0.42490481414366676,Iris-setosa
7.4817277746236,3.00442749648417,6.486204002968773,1.8436128933190457,Iris-virginica
5.11433559412816,2.414361628032621,3.1741101308074313,1.1313539890527138,Iris-versicolor
6.530664911141601,3.2943599417428944,5.3938888385615185,1.9412045810010545,Iris-virginica
6.508269425308789,3.173295967936684,5.110671032517778,1.9591532574272976,Iris-versicolor
5.576022927375798,2.337306700607544,4.474198526870435,1.4793459341527606,Iris-versicolor
5.972846590041154,4.345793631439771,1.2134594521447297,0.6411878861320657,Iris-setosa
6.270219569304269,2.9113450310983278,4.566925066346908,1.3416902288209087,Iris-versicolor
5.105268625819892,3.873462012438613,1.769484898099594,0.5174579719986225,Iris-setosa
5.438317906436003,3.1706857912923554,4.1682870835217365,1.4167298367392454,Iris-versicolor
6.474031394100265,2.7260131961381826,5.524668862479643,1.5203844441657437,Iris-virginica
6.854324317785738,2.7892164127226615,4.5640690085279445,1.348345431182767,Iris-versicolor
5.941670701054733,2.6848699019914855,4.832944550229174,1.3468185839750075,Iris-versicolor
6.982458688934778,2.915835584192413,4.940140094202644,1.3011068420697327,Iris-versicolor
6.2699705275912985,2.5030984213044087,4.700254985328717,2.0827615452078185,Iris-virginica
6.259274445861337,2.6341898531913066,5.328771213797169,1.9149663021024117,Iris-virginica
6.316378289368871,2.9762410353293034,4.610843835070746,1.6263115385289586,Iris-virginica
6.139783708813526,3.3728439282702283,4.351501972274102,1.366575796878671,Iris-versicolor
6.7234065658058,2.52869626708676,5.00296291618958,1.3827144830541178,Iris-versicolor
4.756314680524872,2.113121829036364,1.068708885463723,0.454762296540357,Iris-setosa
4.784503004898794,3.542582257633993,1.776226169013524,0.3730207432033367,Iris-setosa
5.803750948833532,2.3219882642631076,3.8619229013403302,1.3939938740242266,Iris-versicolor
6.323959088899805,3.299562453690422,4.753927163731556,1.1906941523189727,Iris-versicolor
5.911984988476738,2.8998514977714858,4.376416708953844,1.175092799990945,Iris-versicolor
6.378391008911543,3.216454240347661,5.271782819958491,1.5588399023942496,Iris-virginica
5.961607285000902,3.09541077632046,3.914863217244244,1.2473736158252064,Iris-versicolor
4.619882004107355,3.475317929684029,1.86985240589316,-0.014173399172365542,Iris-setosa
5.763860658576429,3.04080487149,4.642807918256571,1.3279776444095388,Iris-versicolor
7.7403367035570465,2.967998817309499,6.620073108911956,2.1350696362187827,Iris-virginica
5.672947400031751,3.0577510664818317,4.351840884140481,1.117423939449752,Iris-versicolor
5.7295812736508225,2.8373974243009488,4.7451610399438735,1.3204918847304636,Iris-versicolor
5.518949820102428,2.7616291182708563,4.537249064350776,1.526151481967188,Iris-versicolor
5.676818010964224,4.108191480269287,1.3057427038003155,0.017024795747598964,Iris-setosa
6.629500042111569,2.917763633373431,5.371033404326899,2.2908828539100923,Iris-virginica
7.463444592149034,3.1335803253362884,6.367480767046657,1.5132529870431126,Iris-virginica
7.987895851490074,2.5086461896486454,7.1651632655336135,2.211749205972656,Iris-virginica
5.0897044203391,2.876961397615242,1.4626889442940774,-0.06868637888196424,Iris-setosa
5.872492692755937,3.7149552095228913,1.4228773019885184,0.3468029803422204,Iris-setosa
6.337999668400912,2.6042701195179863,4.715255930646835,1.3047777567487175,Iris-versicolor
5.005327820241254,3.2594877964979423,1.6954534211184678,0.05741878757670285,Iris-setosa
5.117163270750068,3.3304492637093985,1.170354735633217,0.0921200709936941,Iris-setosa
6.430082416170983,2.754729498891255,4.510585690167447,1.2662232940298055,Iris-versicolor
6.576249519874048,2.8989980339749253,5.508657255314046,1.694622991335846,Iris-virginica
6.220180008348332,3.1826833944502937,5.14009088712078,2.2469141380118955,Iris-virginica
5.715740233079059,2.8423687456584315,4.198691164155231,1.2147960186339088,Iris-versicolor
4.316750974173478,2.4972663743544046,1.0397018139620073,0.35706109172097994,Iris-setosa
6.206540365947107,3.365675056236186,5.310598587659034,1.8072504120380686,Iris-virginica
4.498288964235469,2.9848659542066933,1.3707388407332093,-0.13893941748716235,Iris-setosa
5.649607708124409,2.7780648146861653,4.124666727897797,1.2218980865458966,Iris-versicolor
5.895719567753524,4.121633304705817,1.1866598311333814,-0.0065932471714680585,Iris-setosa
7.076823646014222,3.0407170087061584,6.094266045558825,2.346138454482001,Iris-virginica
6.233548974110065,2.9683666413338208,4.998904118704613,1.5013084760259363,Iris-virginica
6.24269537314586,2.8691066626035067,4.514034038442437,1.8005834713783475,Iris-virginica
6.370439245157538,3.445187963861808,5.898220813021312,2.5483133166598906,Iris-virginica
6.576393217540696,3.136874265700495,5.521512863215702,1.8998653204612563,Iris-virginica
7.001963517858598,2.9616964210544188,5.869826908097936,1.8497332402258377,Iris-virginica
6.393226459404377,3.0994040114379025,4.755667652239462,1.5357329203910641,Iris-versicolor
6.014477013185987,3.408882222235151,4.636169384546045,1.699570997110413,Iris-versicolor
7.319315082465728,2.940633745845304,6.2618146614965875,1.5851145123477406,Iris-virginica
5.969051911222224,2.6321133315033083,4.481745646704026,1.5200740270836721,Iris-versicolor
4.7348815116660745,3.2597357970578025,1.4745893065800777,0.15424487181173974,Iris-setosa
5.357393466808114,2.51770109071979,4.271147950352141,1.473511449522682,Iris-versicolor
7.23905013951409,3.1601359421727837,6.097410448443045,1.580074070079268,Iris-virginica
5.66332035866015,2.7799604244468217,4.258937950954496,1.4409672308797152,Iris-versicolor
5.29804216051695,3.454045050976224,1.601564551812074,0.1472825894824854,Iris-setosa
5.152354241904395,3.156633756016589,1.7954350547541778,0.37688182937631864,Iris-setosa
6.5856999308829,2.7044466189051306,5.065942168601313,2.029679045123578,Iris-virginica
4.423639317440541,3.052796670826556,1.7908110824865837,-0.08955361836038578,Iris-setosa
5.554933151646999,3.9226143873392836,1.123406647025107,0.08474897378639676,Iris-setosa
6.262540965809435,2.2602957910469197,4.709945507893193,1.7245819622454899,Iris-virginica
5.0511229426453355,3.9731565755574216,1.5567937721222282,0.03489956543312192,Iris-setosa
6.325346974350323,2.797055899356508,5.707166354692209,1.753772470374861,Iris-virginica
6.034222660817427,2.775650740879304,4.2302783750858985,0.9201657308280153,Iris-versicolor
5.946232261986938,2.2546774903874436,5.117881322351367,2.1834384251066514,Iris-virginica
5.180912532895062,3.121303947300838,1.465506090203414,-0.04788132805841244,Iris-setosa
5.491788100570639,2.721744659950356,4.118388375784871,1.004106671165471,Iris-versicolor
6.964264112691129,3.2156220659352845,5.402199594377589,2.0654981687697793,Iris-virginica
5.087354181608363,3.203386955767096,1.3673066231548703,0.426546384265995,Iris-setosa
5.752981882188638,2.6218184184679454,5.231999351388849,1.8101312157689502,Iris-virginica
4.159423981018352,3.074404549107581,1.2220541651793315,0.4093822426182878,Iris-setosa
5.609343619408139,2.751162718108589,3.901850291960889,1.4688963391455054,Iris-versicolor
6.109309525063428,2.9676119849543086,4.392437900728217,1.2547711375406803,Iris-versicolor
7.533778096878524,3.017078719332478,5.80590067091656,2.278971039776466,Iris-virginica
5.636308081480986,3.201964868083912,3.9540350143552345,1.5211938177004019,Iris-versicolor
4.749607350466508,2.655317345561023,3.0911761381724445,0.9110358077742791,Iris-versicolor
4.904874045127968,3.4227575393547616,1.5144598302669448,0.22784694310349268,Iris-setosa
5.840747370077785,4.065802586691425,1.3295774560712346,-0.018259524029644925,Iris-setosa
4.91303629711517,4.214254116500756,1.3886003306911154,-0.10534161796082994,Iris-setosa
5.111392322924969,3.6934455622083338,1.7065940284117043,-0.013297133124356653,Iris-setosa
6.363025538701568,3.003772467660527,4.419259044826742,1.1541691299738162,Iris-versicolor
8.059890048558533,3.868381269038661,6.422195316959631,1.896281639162342,Iris-virginica
6.050609088401954,2.859356881967109,4.638629835385535,1.5657634002560787,Iris-versicolor
7.773107716881484,3.1275901406543616,6.586102786351533,2.263397412349623,Iris-virginica
5.133296877200654,2.8377501097654743,1.7781572433225534,-0.16057003895139485,Iris-setosa
4.745843669068262,3.6926552640803005,1.6653277112080498,0.14327014428609558,Iris-setosa
5.409971186611723,3.810067968111529,1.6659844215188455,0.1828769042673681,Iris-setosa
5.094824313862452,3.3204390430920387,1.3742976625164773,-0.0310208050137859,Iris-setosa
7.872485325513763,3.136774868282343,6.431376370105893,2.1275454369671962,Iris-virginica
5.776163428052622,3.9977789344504644,1.6363591158874433,0.5396130629099206,Iris-setosa
5.031501549057192,3.4683406610193255,1.6627777819424867,-0.04900972711411078,Iris-setosa
6.517203025822257,2.7027728287646364,4.938143778315066,1.6387673030772272,Iris-versicolor
6.252867072971576,2.9439280703881026,4.665864837658322,1.965099533975285,Iris-virginica
6.697409227087524,2.9642768266941335,5.204197233385363,2.2636546728617475,Iris-virginica
5.6416780062478225,2.304598407946605,3.407301293647879,1.2949651923531913,Iris-versicolor
6.2688147712723925,2.728515597583538,4.4555973467169725,1.515644860249423,Iris-versicolor
5.265806195524673,4.362838420082998,1.6774383437059308,0.13735385767617014,Iris-setosa
5.384374593692831,3.6532826079886727,1.792058141846506,0.16207424450066016,Iris-setosa
6.3221064113861445,3.152508873699106,5.044670337879826,2.2117419689560056,Iris-virginica
5.35955982154771,3.4819033518674356,1.537048007726409,0.5662625426115492,Iris-setosa
6.5637096697092145,2.4011570259657815,4.930739218773589,1.487210560974774,Iris-versicolor
5.2085217876995085,4.062091882999405,1.577741561377881,0.3589628420485225,Iris-setosa
5.0616276559159115,3.6282404606366736,1.6732843234951296,0.2049687666103862,Iris-setosa
5.746822751644909,2.630514949210914,5.182054099646768,1.64885651171674,Iris-versicolor
6.248059870014128,2.308429016823128,4.217197298023533,0.9313418296728065,Iris-versicolor
5.726071940416347,4.283925750023215,1.2634351475773662,0.2716483674667748,Iris-setosa
5.370131726972909,3.9332069742272084,1.5490396559709918,0.23381806102390967,Iris-setosa
4.919758922792943,2.005436324785428,3.1975559735273893,1.099646127809338,Iris-versicolor
5.043661467300427,4.284903955766658,1.553717245494953,-0.13190425364196348,Iris-setosa
4.873937733185678,3.575803558135201,1.1601932171111589,0.03357959830268234,Iris-setosa
7.796750280203025,2.8240294042485834,7.085311136353444,2.1899967253698054,Iris-virginica
7.294723959500032,3.164485072031572,6.343014807346137,1.853830992014053,Iris-virginica
6.142471193138846,3.278195890314463,4.732966417390793,1.6035674761264425,Iris-virginica
6.098666982884968,2.3686702581924988,4.175190824786393,1.1162791693626204,Iris-versicolor
6.152341536529786,3.252433030210773,4.881622109789108,1.5220382972845605,Iris-versicolor
7.765287031424033,3.7050134327931126,6.582218767127818,2.371142177442046,Iris-virginica
6.462374141932408,2.7289943215807435,5.037994974331241,2.126945981065011,Iris-virginica
7.107768363528409,3.3865875267977015,5.884390251276358,2.2011093122060177,Iris-virginica
5.832285989726825,2.469741725411488,4.178163557846778,1.3960900468646424,Iris-versicolor
5.579465212671817,2.4631816166418905,4.211793659095774,1.2508850443717023,Iris-versicolor
7.0980330993378455,2.859389344921407,6.1600241594356,1.6009598479452158,Iris-virginica
5.288196004619356,2.5034485407152003,3.838353235514992,1.6285437383688786,Iris-versicolor
6.676610564796744,3.0369675077319798,4.782541479728073,1.3766697052966645,Iris-versicolor
5.551653868192968,2.676712976652452,3.963462539008928,1.5339333275959455,Iris-versicolor
6.278146816815534,2.4367804878393438,4.662316222106748,1.557552655070112,Iris-versicolor
4.928719008524733,3.8357644054449427,1.6757670588306048,0.33481791801837146,Iris-setosa
4.189676130133184,3.0731891830845095,1.2060382099508034,0.24405101132291068,Iris-setosa
4.84451702446412,3.2909929974423857,1.6568742169517285,0.27744237969213426,Iris-setosa
5.192620774931552,3.301514318750875,1.311741569736251,0.20171104160238768,Iris-setosa
6.467961968540713,2.6580632666136546,4.805339898078788,1.612367150421937,Iris-versicolor
5.827005063092441,2.419633661948956,4.891317430575765,1.7761401103333836,Iris-virginica
5.790697678063739,2.784193853192158,4.131598472641357,1.3905946200634198,Iris-versicolor
6.028596560185305,2.445025703962475,4.921584439731407,1.7862742597078354,Iris-versicolor
5.320450029290334,3.1996612862050116,4.244208578529675,1.4933859926361053,Iris-versicolor
7.126566459621788,2.7327185890308137,6.488588957341446,1.8944580026987807,Iris-virginica
5.627215722266908,2.590039868439213,4.60566162631018,1.095152234000133,Iris-versicolor
4.769471668132197,3.2389186621561525,1.3667760716588844,0.17217108914477247,Iris-setosa
5.050041719383087,3.5160448323835785,1.1443622783244036,0.45639493259381203,Iris-setosa
5.899573261431685,2.4758000001045737,4.464768054016659,1.4568272046793758,Iris-versicolor
4.888569331792627,3.3362380780613305,1.5072904116092494,-0.14729378225055742,Iris-setosa
7.1048670178199345,3.677407844721062,6.15161195862233,2.2947055731982093,Iris-virginica
5.65902127272362,2.9745578389569607,3.9146706634961164,1.143046220333722,Iris-versicolor
5.5910812106243775,2.5698229170452422,4.905850172708848,1.9244810688231724,Iris-virginica
4.765023812463885,3.1092772320542705,1.5331870947995179,0.028985361958681066,Iris-setosa
4.469096434140145,3.3394884683263615,1.2292509245232597,0.0998133386853236,Iris-setosa
5.7733683251172145,3.78970314208424,1.0053186622632597,0.32312017970709983,Iris-setosa
6.507995722009604,3.114719309147597,5.743586060287008,2.2372066296258724,Iris-virginica
5.866140386265021,2.913376548268955,4.422139363049755,1.0499267594598618,Iris-versicolor
6.479517708885861,2.97356036650617,5.0592396677398845,1.608166818430632,Iris-virginica
6.215483378495523,2.8348684900030774,4.725046378537913,1.0605081730846646,Iris-versicolor
5.770254379745808,2.9718925246990056,4.089519707781466,1.416024912646236,Iris-versicolor
4.283603824338702,3.2902085105242524,0.9227179561284529,0.17453212174224067,Iris-setosa
7.153750210350242,2.9926826833691633,6.291637065109953,1.5032397584698853,Iris-virginica
4.6906429422791565,2.9033584845134808,1.4611137283740392,0.31639278554191946,Iris-setosa
6.3252293425604,2.958645115611514,4.339804280558846,1.2445640448098492,Iris-versicolor
5.807232738269303,3.1046447065643807,4.763175510966695,1.466741994607513,Iris-versicolor
5.298313413064603,3.7005122573332385,1.8581722569668844,0.1271207436246254,Iris-setosa
6.319450746518191,2.8547114228402606,4.012299595827596,1.4160179403421573,Iris-versicolor
6.112564638401223,2.7221792703100025,5.141664233605782,1.2912981890999298,Iris-virginica
4.430161408736945,2.8991601856609943,1.570650392890049,0.40950794787118017,Iris-setosa
6.502103119715916,3.0818138223856124,5.645773356500107,1.74705398565714,Iris-virginica
5.905256108550539,2.4439972015123668,3.8733412718539277,1.0973299522068274,Iris-versicolor
5.508705901896564,,3.8382430307005815,1.041111712188211,Iris-versicolor
6.128321325848615,3.194057993223437,4.642586469604457,1.3964542356499734,Iris-versicolor
4.812616145928733,3.221368640013762,1.1510762458387829,0.24900422586569165,Iris-setosa
5.011926657039239,2.8658345824845335,1.429046978257965,0.13224830594311132,Iris-setosa
5.516906827280304,2.735923039999258,4.503215494692462,1.512830802638705,Iris-versicolor
5.061068384143885,3.4601361103814225,1.626293032286212,0.10934540115216959,Iris-setosa
5.761703816644005,3.1553269984167556,4.487065156339947,1.5811934694856484,Iris-versicolor
6.615342757142356,3.3618952651486445,5.828923701141697,2.168840090777314,Iris-virginica
6.274221290631373,3.1394996900186243,4.816153531316438,1.604334079944413,Iris-virginica
6.573555238499393,2.7322823832876058,4.736334956838719,1.5848859477399588,Iris-versicolor
4.528069179597781,3.246346935206405,1.2447432997742869,0.057515709757179845,Iris-setosa
6.072116924673894,3.595389129650986,5.618312610243301,2.112431696324668,Iris-virginica
5.214055370455286,3.6558500166410712,1.2149278509985857,0.23732591252079957,Iris-setosa
5.524430858474083,2.957982678426795,5.347545280193596,2.394233597454332,Iris-virginica
6.502275580232469,3.346955966484221,5.959777679373244,2.2246654540462374,Iris-virginica
4.753785667812269,3.2989353061018973,1.360292166860636,0.4040206194553722,Iris-setosa
7.436142458986867,2.935619941393947,6.124475442119195,1.9748789939007396,Iris-virginica
5.129516548543913,2.7690603159037717,4.192119104275002,1.1750563288530442,Iris-versicolor
6.031741999718491,3.342886024382008,4.481603293911399,1.8974269538378592,Iris-versicolor
6.904489195759303,3.127877637473836,5.969288637388275,1.502576628188225,Iris-virginica
4.49665533873883,2.418576889707652,1.4659179614205389,0.26739755722993763,Iris-setosa
7.104583930549103,3.3383871919467705,6.287295310656233,2.2089288649137595,Iris-virginica
7.942390329766733,2.9630020645061608,6.988945569398359,1.7861052730893396,Iris-virginica
5.786058846136507,2.8415184173282495,5.148592735110679,2.0749487437527,Iris-virginica
6.491177569494914,3.364860924995393,5.854346405324002,2.6574278625650343,Iris-virginica
5.685308848987144,2.433757643267549,3.791582846904315,1.0001640855729983,Iris-versicolor
5.672031556595173,2.525790059233854,4.950718942282607,1.9067411368884368,Iris-virginica
6.300008949584587,3.376250578882153,4.9586942620456576,1.3591200128408096,Iris-versicolor
4.759608251236154,3.888984899823321,1.2020333172983635,0.20106445495558906,Iris-setosa
6.162357432518945,2.60517490879359,4.422674543373487,1.4260359058956384,Iris-versicolor
6.555145665838966,2.854755743681394,5.261569545239678,2.375133656475862,Iris-virginica
7.731788253849893,3.202870172401116,6.2527513461005,2.3243763759239933,Iris-virginica
6.086104409449629,3.3271299914958905,5.694453316893847,2.1235834341745896,Iris-virginica
4.894895867708605,3.0241920977410035,1.505440310669241,0.12286902372658662,Iris-setosa
6.3140735611992485,3.2579132938171482,5.861559914656229,2.0586364563807495,Iris-virginica
6.513123320322463,3.0734004051740818,5.03744047074562,2.2000067972074375,Iris-virginica
5.3409251882678905,3.3184567979414012,1.2727508767817093,0.27271349774909814,Iris-setosa
,3.4552436454232867,1.65755087583579,0.39334061637171597,Iris-setosa
6.351113639010745,3.038729940873164,5.257738686311243,1.8108776941669056,Iris-virginica
5.395838777615491,2.7590551632055993,3.234124421255842,1.2019658215401594,Iris-versicolor
4.821816310035756,3.8275220379582806,1.876419732909323,0.41339086148578225,Iris-setosa
7.140922847803707,2.931042903127106,5.931496819283821,2.406965580436418,Iris-virginica
5.8148138959027955,2.9884961055338977,4.423971336593828,1.3391513923340483,Iris-versicolor
7.130435782538654,3.001597235615226,4.679793283975254,1.2435587581626022,Iris-versicolor
6.233511383567886,2.878101014749081,5.295303732447299,1.7868012964358608,Iris-virginica
5.266147316440444,2.439018461345015,3.720853834344125,1.4053285087982705,Iris-versicolor
5.281650590443685,2.4523586160133393,3.756452161655857,1.2970738700619773,Iris-versicolor
6.976099609622888,3.440307840064808,4.669810109289434,1.1070175154766386,Iris-versicolor
6.807480889727497,2.76774693319501,5.339941902433726,2.1748147659181494,Iris-virginica
6.2372196088987755,3.1339243365212073,5.718148642043144,2.315361256796615,Iris-virginica
6.1975466809495225,3.043788850614265,5.579602006016714,2.142739550420067,Iris-virginica
6.583416294637043,2.95671120957254,4.921305684378466,1.531686164156654,Iris-virginica
5.736063361821972,2.704803134518874,3.7705506858116618,1.092553209873882,Iris-versicolor
7.754657408558702,2.455522505671335,6.767273035948556,2.164484465362281,Iris-virginica
,2.931078565521861,5.125480811860928,1.5888144581985695,Iris-virginica
7.358797895462254,3.3972224914885216,5.749502199342945,1.6058176557535329,Iris-virginica
5.283197930888399,2.310986835767695,2.993403158641505,1.0015750570371464,Iris-versicolor
7.2278944798770945,3.220638876536756,4.821519811821675,1.5368984233475351,Iris-versicolor
5.346902317043918,3.9480719698746687,1.3819728647271434,0.05929054191949315,Iris-setosa
4.97465236280921,3.133520794648161,1.842146918228441,0.6981970728136652,Iris-setosa
5.473974642523506,2.2138706517998603,4.004822982760612,1.2105270240933677,Iris-versicolor
5.471415084349395,3.614222201921388,1.0707253844274685,0.46426354533457526,Iris-setosa
6.206154526324643,3.0690830042086037,5.232335212946293,1.7357185324982038,Iris-virginica
5.615001913115175,3.4636228638923665,1.057782883985626,0.09525357954890112,Iris-setosa
5.229690297419636,3.5784999997177467,1.1406717987411066,0.14047625364027866,Iris-setosa
6.210086604972471,3.1926818026807786,4.894311495153515,1.5270773044086043,Iris-versicolor
4.175626522647736,3.051992822822087,1.3340666206263996,0.33458945321137645,Iris-setosa
5.526637691727649,2.3260898218610393,3.992296258044841,1.111024312497109,Iris-versicolor
4.528727437666409,2.96181371523745,1.4609251626863022,0.19286320622248593,Iris-setosa
5.825396756373853,3.979580321597502,1.6209484346838494,0.3139350044361757,Iris-setosa
5.922146919315982,3.2558133061688643,4.920912638394171,1.6911858266173718,Iris-virginica
7.020798660911845,2.9573454014416267,6.03650922177067,1.7661698359205649,Iris-virginica
5.826756615627771,2.8318587026431468,4.984438527724158,1.4200680526596117,Iris-versicolor
6.450801640975938,3.138052078754656,5.847418396207833,1.9146079661971092,Iris-virginica
4.81193834025598,3.7697788554302054,1.7021828508071875,0.8925254045154312,Iris-setosa
6.85888944585268,3.5429391376325223,5.762035746349365,2.242468036653352,Iris-virginica
6.165830506630228,2.7611852074672285,5.344135046017914,1.5701595652290412,Iris-virginica
5.993846846211783,2.8796438886051012,4.57805337899344,1.75893020893631,Iris-virginica
6.190816110037695,2.562778279473957,4.103554646082355,1.4226994968055533,Iris-versicolor
5.30378424037539,3.466331879746326,1.6114159966532033,0.0967684436681879,Iris-setosa
4.512919973911545,2.7091108030724933,1.4019254392778844,0.3349861900571794,Iris-setosa
5.545390315436035,2.6821348931869324,4.436338938262336,1.260683494443664,Iris-versicolor
6.1092318472114755,2.3861783910082526,4.868001223812391,1.6064847208653004,Iris-virginica
5.379763661059431,3.5327506606169776,1.200917110595465,0.3543819076332873,Iris-setosa
5.805566307007611,3.0398059077884314,5.216257269789959,2.296239116935466,Iris-virginica
6.489806958111945,3.0106446456091684,6.088100335556771,2.2202249331982498,Iris-virginica
4.695569557641162,3.3852105610026624,1.4712130411491335,0.06693353294779653,Iris-setosa
6.234363383125065,2.7204909052709434,5.664356537022947,2.0221789594882336,Iris-virginica
5.686355360924473,2.789673367524483,4.316210675316226,1.4571118261448777,Iris-versicolor
7.440633709743268,2.3919308846552556,6.966298913274623,2.4915314512877704,Iris-virginica
5.54678451107411,2.5759541220138904,5.059783732417311,1.7295812239039097,Iris-virginica
6.035833854913252,3.0187167068428074,5.84469748476357,2.288483524486952,Iris-virginica
6.578701234723165,3.1662673934305885,5.59922466087511,2.1660083525127396,Iris-virginica
4.909756420030982,3.6908588451879867,1.7027885981224256,0.1127162579156196,Iris-setosa
6.26311721749065,2.8842413270987617,5.485506505728655,1.8388622006526805,Iris-virginica
6.220135975834339,2.9762150150317113,5.394303065323997,1.941424144275275,Iris-virginica
5.773866242626651,3.196665428279245,4.775102894111207,1.5897763945141552,Iris-versicolor
7.080209481554461,3.093945473775396,5.23711811684256,2.140075434763558,Iris-virginica
5.02943715994881,3.939996161768265,1.4713506786683472,0.30698052284648536,Iris-setosa
5.19646949776028,3.2689582968408475,1.5895556664576116,0.24592399179724356,Iris-setosa
4.3355215784950465,3.085515935872254,1.5613795011096383,0.12897747936904022,Iris-setosa
4.752174993785608,2.365592384236431,4.511089867208844,1.8854417335999611,Iris-virginica
6.691437388874161,2.7455231098573543,5.726025554397801,1.9353183333707462,Iris-virginica
5.666234179900396,2.418394105364011,3.7546201106396584,0.9160376755822419,Iris-versicolor
6.081563130407924,2.9200290157952806,4.981211447274905,2.6553699912799313,Iris-virginica
6.329579367813299,2.943172076830536,5.2612032800417,1.9542594843970962,Iris-virginica
7.91016961189972,2.9747333794692716,6.299409616588753,2.236627325427436,Iris-virginica
5.919692697576809,2.4437108151798093,5.203169385751524,1.4054885023859522,Iris-virginica
6.649289675687473,3.19270055950089,4.3370868547023775,1.58937856081161,Iris-versicolor
5.895604737378576,2.7526361513047033,4.010452781168756,1.446749153615799,Iris-versicolor
6.866240630363168,3.0280627006068714,4.413118727763644,1.2770863560883157,Iris-versicolor
6.426444794498167,3.0201536834948985,4.52457711024575,1.450125434947547,Iris-versicolor
4.947671686199233,2.475651982499489,4.179212618007743,1.136961941275489,Iris-versicolor
4.513494973670952,3.082497038622327,1.5527772343422754,-0.006115606842200388,Iris-setosa
4.915752768231135,3.9831484287569463,1.5708884570033903,0.6404827963611917,Iris-setosa
4.565360739097292,3.0342741098249304,1.276903879197619,0.3378320275276137,Iris-setosa
6.6635173767998515,3.4085345246458707,5.6042410242962815,2.247084147048061,Iris-virginica
4.967509442032166,3.155922276508373,1.5265233808134082,0.1958056584076721,Iris-setosa
6.173998630510507,3.0927528808669256,4.9757865952241005,1.4820256243362913,Iris-versicolor
6.924130750795253,3.0079867102719056,4.129559386232043,1.1155212573363098,Iris-versicolor
5.412509198082021,2.735789327804915,4.104910430410783,1.1720245774066929,Iris-versicolor
6.768214811896589,3.3786204818422316,5.449837537376096,2.7448145063269016,Iris-virginica
6.202711787376114,3.3631149515785492,4.622712541679483,1.736692818432883,Iris-versicolor
6.443929321952761,2.889308567555669,4.429057016944288,1.571782703595261,Iris-versicolor
5.715709430084496,2.706685585619609,4.823352469569877,2.317617717380979,Iris-virginica
6.274242169717097,2.769133477681936,5.774117259935419,2.263478578232455,Iris-virginica
6.654146546391782,2.992943227506982,4.704528079288496,1.7638482980871595,Iris-versicolor
6.4055518280557395,2.456261286848729,5.5503663520566615,1.9588233543952251,Iris-virginica
6.376310417520923,2.5010324177080636,4.711222626819303,,Iris-versicolor
5.894953508025078,2.5227980910615884,3.896253237461695,1.1629477069524656,Iris-versicolor
6.40161262955041,3.056069160657822,5.067313950857332,1.8656760278881783,Iris-versicolor
5.438860659009693,3.406678210963979,1.7707545984203499,0.3634651573541654,Iris-setosa
5.483173704556941,2.863415504508716,4.044390861874028,1.383736295128796,Iris-versicolor
6.480327722946382,3.4142616015569938,5.890199611692715,1.9596412514155443,Iris-virginica
7.581994988499191,3.046003408881469,6.85616224346127,1.8690729943240578,Iris-virginica
6.278017564006838,2.9977523208909695,4.573825414711132,1.5036290528250704,Iris-versicolor
5.710698693188412,2.659963074608212,4.445769609026347,1.5977547595775161,Iris-versicolor
5.008088697676893,3.546500140616766,1.41089177249734,-0.09459178170638605,Iris-setosa
6.95946301265285,3.7442005475264932,5.882120521971519,2.4011670276810437,Iris-virginica
6.085569160057711,3.046615499707555,4.047659011471853,1.331580923890806,Iris-versicolor
5.625733802944971,2.7898696202797533,4.355102917465747,1.4193461370753717,Iris-versicolor
5.41795068539176,2.7869212051094436,4.290308484430791,1.3292492849968462,Iris-versicolor
6.968260398324599,2.991037066897459,4.689988591407961,1.5627275137888084,Iris-versicolor
4.7389402347760985,3.4390985875874045,1.1399966879221057,0.4941794661027462,Iris-setosa
5.025163414267328,3.1046126608358318,1.297963617271033,0.08793903343045203,Iris-setosa
5.072858266463639,2.4910829643033594,3.0052033810944647,1.2252248137653179,Iris-versicolor
6.394383201646335,2.5703731690736875,4.331087184734969,1.2637824555846906,Iris-versicolor
7.889093060068241,3.9052492095875344,6.702707612004751,2.0160647185270166,Iris-virginica
5.27637920726432,3.450595004708584,1.2684760306839618,-0.034167516790553354,Iris-setosa
6.176814362717845,2.770885408904128,4.089565137536692,1.2521861772988732,Iris-versicolor
5.902800025874427,2.6374156947695484,3.606201746069388,1.0939570527899467,Iris-versicolor
5.681339036982517,3.6545878249440453,1.5701046773211278,0.08081814995132217,Iris-setosa
4.633240948066962,3.0531505155196497,1.2121998670269734,0.2162685362172015,Iris-setosa
6.248799509374598,3.264996473247977,5.6745889058445504,2.047893395281832,Iris-virginica
6.195479619285067,2.896501954466355,4.899721331943153,1.479284289083187,Iris-virginica
,3.356232509743452,4.595498381258367,1.8134080466789528,Iris-versicolor
4.956416620862218,3.6043838280107403,1.4676858961925725,0.4495760743167107,Iris-setosa
5.572811690760976,2.6011383472198806,4.690083256775455,1.4102797458004803,Iris-versicolor
6.725779174806136,2.826873552830356,4.994937217061452,2.202719734881817,Iris-virginica
4.453953371756179,3.1146514366801465,0.8285199474141323,-0.10233840280295334,Iris-setosa
5.60860299125527,3.1935560367061306,4.282256499130554,1.1806480051251533,Iris-versicolor
6.119300030589182,3.1473774128452585,4.4089697780141925,1.2302674292988958,Iris-versicolor
4.66468902356919,2.826061922143235,1.370228848070635,-0.07420456225928984,Iris-setosa
6.552935516502631,3.050620164322655,5.211059694968996,2.280412602596338,Iris-virginica
5.922665453447974,2.506543297349154,4.4533969801756905,1.4212662240004628,Iris-versicolor
5.190149318002405,3.125700079426216,1.438504489081271,0.18054838825784808,Iris-setosa
5.351753482998123,3.6049220901972534,1.356571918426472,-0.07611651774103345,Iris-setosa
4.861043283949718,2.99678721431618,1.0362932336147381,0.0548907073391596,Iris-setosa
6.402759837460751,2.860093866675349,5.408457736818136,2.3474044390265174,Iris-virginica
4.6095525282054295,3.060797833979439,1.848317483791055,-0.08697545261868472,Iris-setosa
5.156220872825024,3.0910469427599363,1.7126555554055611,0.03958603445842279,Iris-setosa
6.582678134750304,3.2720144492714036,5.169010237124089,2.083528369241953,Iris-virginica
5.759088371610166,4.697855016148666,1.5405418774097814,0.5412789050743572,Iris-setosa
4.905903197826527,3.2806408867527828,1.611191380951746,0.34907137864168636,Iris-setosa
5.333624425825177,3.167925683897777,1.9303638981485742,-0.07768600701769018,Iris-setosa
7.144030597829428,3.120539838225415,5.538458502456076,1.9282707866992053,Iris-virginica
5.083111187970559,3.0152852044437255,1.5367761200726258,0.36073644526874227,Iris-setosa
7.240631696482441,3.296765138205239,6.065159755917799,1.7349582886641,Iris-virginica
4.874768486160118,2.550797243762858,3.101586135852296,1.1547008544666209,Iris-versicolor
4.854823072893165,3.6754739043882636,1.5685657322291817,0.20971839945918452,Iris-setosa
4.743199204514017,3.656546577334275,1.5080898457143497,0.21730408849297508,Iris-setosa
7.152372113869448,2.6737794531481813,6.0569346942160545,2.045822257846399,Iris-virginica
5.397693505919936,3.839662392649375,1.509859850372499,0.5237804170749623,Iris-setosa
6.592960685812871,3.169087198814757,4.944511639492268,2.0804043541309736,Iris-virginica
5.137468385734191,3.2041035076221998,1.4924605618352844,0.21528216926715005,Iris-setosa
6.54277336991015,3.0189278538428272,4.431232891037414,1.5460117727469664,Iris-versicolor
4.590662321514441,3.0547393832367926,1.3778057966472197,0.31464753991584477,Iris-setosa
6.6406352997634075,3.215590537746585,4.270965300518458,1.496682883687223,Iris-versicolor
5.997168519598938,2.5261166745180605,3.288833798226298,1.0066428243261012,Iris-versicolor
5.3282572272786055,3.054630287753134,4.329610505350031,1.589169690282382,Iris-versicolor
6.519907838941142,3.1744164180328944,5.785868231282478,2.3517155041094444,Iris-virginica
6.424875182174076,3.454788873099321,4.944236230664964,1.8654535663356966,Iris-versicolor
6.388717322269363,3.278607344395312,5.18099264807757,1.9174795471914037,Iris-virginica
4.855136902417325,3.275110276616621,1.7230041896379111,0.3205539600063484,Iris-setosa
6.178910428151522,2.5949330799655392,4.694748260681562,1.4051494403417564,Iris-versicolor
6.239295756409507,3.358326111205653,5.242936788875184,2.1303454313239,Iris-virginica
6.441253138731137,2.903205101449808,5.489417095188583,2.0845774167196027,Iris-virginica
5.008760092085203,4.1469601886327645,1.411824034849826,-0.009386466774437413,Iris-setosa
4.516438280328742,3.246583726382003,1.3209157808849823,0.4904646010210071,Iris-setosa
5.860989942476058,3.1579980136998533,4.830921852334761,2.077814373257172,Iris-virginica
5.194485659714765,3.330577374522786,1.7633781223149416,0.06724501324146712,Iris-setosa
5.265290249706673,3.2651048032776817,1.8588414084892977,0.8992321874167162,Iris-setosa
5.091989178079872,2.2170883653753837,3.275180914707835,1.044700840512911,Iris-versicolor
6.0412652094878245,2.4473616920215227,5.130770658037185,1.2944013339293732,Iris-versicolor
5.366703624696091,3.135821190549124,1.2230886616911238,0.2463853536894147,Iris-setosa
5.306065122416591,3.4521655600968923,1.342695985086219,-0.09159854236673742,Iris-setosa
4.888365842204412,3.201619809596339,1.5212299806062057,0.04437290218740203,Iris-setosa
4.912228143961363,3.7545770152937434,1.2287334979408095,0.04590010076858647,Iris-setosa
5.60207171844627,3.1291202461108107,4.007062535789964,1.180512077600591,Iris-versicolor
5.316505232428929,3.536936161931941,1.60586831114194,0.17391395377494673,Iris-setosa
6.27623048326344,2.799182718135709,5.581993721795046,2.153910741845048,Iris-virginica
5.458580104438118,2.790134531182925,4.694730959025105,0.9980462338680307,Iris-versicolor
4.962164448707213,3.5008377556579484,1.4631275398278956,0.3371722670564526,Iris-setosa
5.075900532783303,3.380321707577143,1.358898977815692,0.41441675444500714,Iris-setosa
6.6758452040386205,2.8229508429088783,4.990501894009066,1.6435939366933918,Iris-versicolor
4.978457960880002,3.7858860821223357,1.1179925933791222,0.0012085754269909321,Iris-setosa
5.643545186890158,2.9068221763571986,3.737446446372096,1.372056759740067,Iris-versicolor
5.752631591145402,2.5812348522351467,3.718462676958194,1.0919325870272711,Iris-versicolor
5.079944803611171,2.768933813486854,1.4782593937712851,-0.16343233446813107,Iris-setosa
6.794984186144459,3.038825475935629,4.508224642569817,1.4159360571668926,Iris-versicolor
5.588452115317598,3.732759654664559,1.624554109086831,0.45580141203994895,Iris-setosa
4.873274150748073,2.5914592351572843,3.0930748575276508,1.0219678854305614,Iris-versicolor
5.8703321824531765,2.783805346279203,5.409614581136462,1.3571098340666907,Iris-virginica
6.500740365944432,3.258219201013661,4.401834007232584,1.10395980743155,Iris-versicolor
6.1069253079464305,3.1358785850117514,6.255357772539821,2.346814857180844,Iris-virginica
6.704635568282953,2.6944726951546714,5.547120446519642,1.7409898479628239,Iris-virginica
4.678909388222248,2.864039036948673,1.5291561699752494,0.3412350997426307,Iris-setosa
7.701911217503094,3.041460387412277,6.548841744134288,2.087445673004249,Iris-virginica
6.081735384963081,3.3060830821739193,4.434511443436301,1.7009269116219767,Iris-versicolor
5.168243172577595,3.3120729299532186,1.6811132440070982,0.5399002537212158,Iris-setosa
5.433685062864156,2.663818000973245,3.758979357025463,1.1165860981008318,Iris-versicolor
5.532405062046169,3.2772880585275503,4.445133928378503,1.556747814275457,Iris-versicolor
7.922205301694325,2.8851086503227332,6.975564034249675,2.038674314027097,Iris-virginica
5.997015817872069,2.4526576468566272,4.06079028436856,1.4449444553766948,Iris-versicolor
6.398474527901322,2.907964197539544,5.726743216863543,2.2490417453202705,Iris-virginica
5.170949981310074,2.7356855779902327,1.7693788639406138,-0.0032909015958205168,Iris-setosa
6.120518057344225,2.73502319979575,4.179155660300243,1.6391205191405898,Iris-versicolor
5.500073142581697,2.7684821583203822,5.322966281442099,2.008699666988125,Iris-virginica
5.342320118403388,3.7398965536995568,1.397156797481574,0.1733042539609692,Iris-setosa
5.397039597102069,3.2924305118101227,1.249519637304883,-0.03478372404278357,Iris-setosa
5.441750998034003,3.062254955122139,4.450214368555446,1.284347293261485,Iris-versicolor
4.999942736464255,3.3091675976988477,1.522751033254918,0.318076443256361,Iris-setosa
5.712013498428539,3.071144835243944,4.743958217235305,1.2790901773692958,Iris-versicolor
5.791557451284123,2.639617072375906,3.7166054518834657,1.267163050129436,Iris-versicolor
5.027528615853719,3.7631396753875825,1.313081693221657,-0.026158779949802036,Iris-setosa
4.5986621109235,2.9051468042320985,1.1966101539631993,0.3286283929681131,Iris-setosa
5.689811427685662,2.6816143144091957,4.296809455492707,1.1589481147442278,Iris-versicolor
6.6883325990989135,2.75553795253303,5.146773425423514,2.3619141523704967,Iris-virginica
5.752904988652075,3.019175039813919,4.222252789724718,1.280010864034986,Iris-versicolor
5.1306980437898035,2.649936818455224,3.787501921391377,1.2694841662055683,Iris-versicolor
4.591317886275838,3.6931653240134046,1.1372574035856557,0.27361270692242123,Iris-setosa
5.674301638728527,3.4422035611750874,1.2272606142972682,0.17127554068513456,Iris-setosa
6.329533745884846,2.7597171913658047,4.6619674198256895,1.3961749754816464,Iris-versicolor
4.343758948173167,2.711126407237226,1.3194637800893463,0.038697339945987064,Iris-setosa
4.91323668114786,4.248145996873422,1.27241508404151,0.33486895925190674,Iris-setosa
4.4453718941232845,3.3830043885814662,1.3454206904406978,0.49694082102354575,Iris-setosa
6.623909252026458,2.6106971097751743,5.342022201554125,1.9719431373016805,Iris-virginica
8.125799752698036,3.571463113822889,6.177266496871944,2.241934385382197,Iris-virginica
6.102705373055562,3.418290587299823,5.582169353967109,2.4220284155968956,Iris-virginica
4.301712602324899,3.7386865290365776,1.2973189529574949,0.26508431422881024,Iris-setosa
5.784966365235485,2.93189837071566,5.179124077964997,1.9326866932307194,Iris-virginica
6.909072545206201,3.09739690647131,5.862137552687047,2.112367402852785,Iris-virginica
5.605044935142528,2.6758716841704873,4.086095311582941,1.5004952698016178,Iris-versicolor
6.293522001230752,2.6919224521538845,5.856510237109318,2.271846196457884,Iris-virginica
5.681085372623707,3.664615691108401,1.3324681291623754,0.0008231003510196788,Iris-setosa
6.224686784604275,2.895563659516352,5.173810962157911,1.6391704867632484,Iris-virginica
6.3580147520537915,2.728478139780754,4.205403197836018,1.1952338315072737,Iris-versicolor
6.102440710618006,2.8247435041729276,5.293669966012106,1.6396100877410755,Iris-versicolor
6.98933197673988,2.949789172046214,5.571083880450336,2.2984865389204394,Iris-virginica
4.921985642255364,3.937796140473829,1.6375433637200245,0.2690369635625627,Iris-setosa
6.918931870934638,3.8571710085214623,6.265077512331846,2.6001492081967057,Iris-virginica
5.263992296962781,3.0870307374034334,0.9718460358426719,0.45956498304311244,Iris-setosa
6.2182990225792,2.7257323771302455,4.8588801015414855,1.6612340424724281,Iris-virginica
5.873346542091162,3.1630788258162155,4.429275224366649,1.0200899137427042,Iris-versicolor
7.193208835993669,3.4987642554711176,5.969518619498531,2.3183012823358284,Iris-virginica
6.679467179809295,2.4147973896821378,5.791598224601388,1.6158962588943933,Iris-virginica
5.76242040456556,4.462490496811689,1.6803754470653298,0.6855959239370366,Iris-setosa
4.828391780009836,3.663750727387721,1.2851706003345815,0.14944953899196628,Iris-setosa
7.066143490669515,2.922763356947607,6.229942198368113,1.8843982542565756,Iris-virginica
6.58883633061203,2.754367944885509,4.790608717215047,1.8673925759294525,Iris-virginica
6.1629000853734475,3.2355627654558368,5.46986609764484,2.5056139960582637,Iris-virginica
5.857681967415561,2.843469642208565,4.760263688774121,1.5825082510480053,Iris-versicolor
6.72284699445889,3.327404314696776,4.7495584743647274,1.2923947020491426,Iris-versicolor
4.611299975587797,3.3688468057288663,1.0384184630772697,0.09891495080189733,Iris-setosa
6.3564044711801735,3.425539592231969,5.746465693044305,2.1998012202832258,Iris-virginica
5.127725534327027,3.415219636092407,0.9231437499805271,0.10829112275328673,Iris-setosa
5.74204734436664,3.138168647352978,4.747126388551107,1.7099004301453509,Iris-versicolor
6.449152710692161,3.4272593781805365,5.814011975073383,2.7148250392924824,Iris-virginica
5.107690726306626,3.216991885871158,1.657595511547055,0.22658246219596906,Iris-setosa
6.959635659475312,3.273243216164946,6.145406200921032,2.4815768616415848,Iris-virginica
6.197750870449822,3.375333053589356,4.514370176740333,1.6296995595474078,Iris-versicolor
7.64441456411611,3.0447349707674136,5.8224331497593305,1.7355682325745834,Iris-virginica
5.720490519249193,3.5065932645027873,1.9188366038327236,0.5181502463027787,Iris-setosa
6.751148291232868,2.903200388063595,4.923528887117993,2.2053252866960347,Iris-virginica
4.5596740998233996,3.0561630628944583,1.2207253768309934,0.34051667861221346,Iris-setosa
4.79254625035731,2.975006854282075,1.1450577799356874,0.2998201673039754,Iris-setosa
4.3931372439434595,3.0324583365477773,1.5333335860846258,-0.0006664788837114632,Iris-setosa
5.618644476568752,2.7845182913091153,3.9714004909834513,1.2548286971301505,Iris-versicolor
5.153999704521802,3.5942575504495324,1.331904284684224,0.15174926893798912,Iris-setosa
4.613834107578264,2.1857313271814114,1.0801390129653197,0.1407050202945018,Iris-setosa
4.861031098730474,3.2686694488751593,1.7197284840019658,-0.07740201216639289,Iris-setosa
4.611707597399112,2.7861528609668853,1.3260511634339136,0.02131466554865541,Iris-setosa
7.584548755885017,3.0905007139634657,6.5720632617332555,1.7876690796285015,Iris-virginica
4.581394641209171,2.8750711447384694,1.3908494911701763,0.32457553885794366,Iris-setosa
5.336623744135236,2.905819112169756,3.653241829725318,1.5829633264371699,Iris-versicolor
4.908763741144667,2.776894223583119,3.754182277119398,1.6550251953837873,Iris-versicolor
4.719068305629009,3.628219249739307,1.6416374575575705,0.2807955711119919,Iris-setosa
7.6932127061656175,2.6260737291378144,6.605526013977062,1.8787122113980297,Iris-virginica
7.028165083602568,3.280369925799026,5.341389198202233,2.326270355869486,Iris-virginica
6.833851864811606,3.3733821741616374,4.217059911806097,1.1269659608319909,Iris-versicolor
6.696831540333071,2.91699934720512,4.5739673022937986,1.6645186740937041,Iris-versicolor
7.799097584810017,2.767663104248861,6.246645158055794,2.44073765048311,Iris-virginica
5.145881561135343,2.1236972839550328,3.526037824280595,1.1201342801843155,Iris-versicolor
6.7335569676685205,3.1649456478485307,5.010711764934603,2.042317811443577,Iris-virginica
6.582170879819275,2.910736272008678,4.504035337400706,1.2628642432737558,Iris-versicolor
7.723654674607387,2.527896043066607,6.934851716866726,2.2327643197371865,Iris-virginica
6.504019514793898,2.5217855784730627,5.799138872411862,,Iris-virginica
7.768667109568261,3.0031950403205974,6.902235855124804,2.224463162137841,Iris-virginica
5.040350382227323,3.6603501121898283,1.5107716152435402,0.3344036225891359,Iris-setosa
5.90028512297638,2.742661684738812,4.231454860998528,1.795145180953506,Iris-versicolor
5.620533873840204,2.941017662177395,4.331819240205937,1.2480786559947321,Iris-versicolor
,3.0931951671872175,4.5069320457217525,1.334917402919098,Iris-versicolor
6.3645351424706735,2.3340111099787677,4.725043530121831,2.041327281163328,Iris-virginica
6.188972502778462,1.9038366174129617,4.096541420316746,0.9791889810060335,Iris-versicolor
4.767472882642828,3.21016942817324,1.1086685468784372,0.13209703037712048,Iris-setosa
5.4684492071741255,2.4649222072692196,3.7683721169334206,1.5816447042470014,Iris-versicolor
4.414181828608148,2.410117480473957,1.40998840268314,0.21272762662143907,Iris-setosa
5.839953404898577,2.892000328988833,4.709990155832801,1.745329610316946,Iris-virginica
5.942018893352379,2.30102910900532,4.7868949519101,1.4695764230515183,Iris-versicolor
5.4288587001834525,4.013323538511709,1.4496974930818824,0.2305768970151788,Iris-setosa
5.209878826113405,2.7832253329941614,3.2703503996648338,0.8185451762809619,Iris-versicolor
5.245709929050717,4.038425946441728,1.6561284694404514,0.31188514155641645,Iris-setosa
6.4257429069515855,3.201713669856162,5.438147936469258,2.0435877597068233,Iris-virginica
5.101231059530002,2.0476297878599485,3.3599868959965864,1.2504620736426546,Iris-versicolor
6.2744398127750145,3.002895248055567,3.7890247714533944,1.4893762252062361,Iris-versicolor
5.859217813269488,2.4180669253954887,4.489871986616636,1.208064468391671,Iris-versicolor
4.339185554825361,2.905267202284398,1.3230028431854266,0.3739416190672445,Iris-setosa
6.345770899748569,3.0355420352704727,4.539389192192307,1.7092261538726332,Iris-virginica
5.972784467807125,3.2494960086260494,4.961947139907501,1.9953653510039306,Iris-virginica
5.253413942514627,4.28604016722249,1.2114757661214102,0.04392654575241442,Iris-setosa
6.330985557740387,3.182771764070702,4.30909729927701,1.0794048648310701,Iris-versicolor
5.845632999195516,3.3975836360462583,4.942276435503324,1.9013189355808588,Iris-versicolor
5.756243229559354,3.0849818074842092,4.748954949220368,2.0946931103518174,Iris-virginica
7.001096353019773,3.3143814739701742,5.915468256950923,2.3592863540101665,Iris-virginica
4.9438724363745825,3.9480244220361986,1.7156243528728146,-0.05674435345532769,Iris-setosa
4.923134741313114,3.1765903487196376,1.2005527995077678,0.40745914048549303,Iris-setosa
5.814872197345757,2.8723049329851738,4.7561319716053045,1.3755968526104416,Iris-versicolor
6.410818904295902,2.5937711171955535,4.642456443355816,1.6295682449345716,Iris-versicolor
6.394622014642528,2.6107146028416692,4.3269041128926435,1.0505862538689001,Iris-versicolor
6.449251883873446,2.3206301645540828,5.2161732747356835,1.666172527120462,Iris-virginica
5.384592355824638,3.5349509058667374,2.0025625668367297,0.6298328031207043,Iris-setosa
5.205975591157162,2.5040184383285617,4.173712193586643,1.101475168015201,Iris-versicolor
4.864384422903169,3.349271059084769,1.5559762592190782,0.09631076331055194,Iris-setosa
7.168484535106676,3.1543834232603167,4.817213066947369,1.314056038550487,Iris-versicolor
6.442732966197311,2.7671047427720117,5.111719772086795,2.280274197491816,Iris-virginica
5.283431903385802,2.5755408528490795,4.144282242834047,1.0198946689045996,Iris-versicolor
6.20018324223976,2.7008165397095985,4.735959767380412,1.6364394053567473,Iris-versicolor
6.238988291883625,2.6724080157533345,5.722491531500261,1.4410995200455827,Iris-virginica
6.722867014981181,3.192929862397461,5.187734909433992,2.074929289505872,Iris-virginica
5.63465781678053,2.024494542166533,3.9799240628936596,1.104007263003324,Iris-versicolor
4.604967889367088,3.397666779081436,1.6921080421745147,0.32795627592286425,Iris-setosa
5.061486309038722,2.5226362244613965,4.675639402407141,1.8019850130095239,Iris-virginica
5.452982271357685,2.530297668260372,4.268457476983793,1.2082927006364788,Iris-versicolor
6.3921911845405415,2.685666361367617,4.272132575677187,1.3185775377666364,Iris-versicolor
6.290308244453334,2.276551764163196,4.084297514456678,0.7093087956175168,Iris-versicolor
5.008811771768316,3.8452259631732346,1.4095880410837884,-0.0182953510833177,Iris-setosa
6.201724578285598,2.57272615034066,5.5137271141526165,2.3763037737259327,Iris-virginica
5.0479119600797775,3.6479583584818878,1.4825571214523987,0.5065716279132889,Iris-setosa
5.924430706026643,2.951708578079308,3.9194664855274626,1.093813269780324,Iris-versicolor
6.123903175014391,2.412961042937755,4.21784501212084,1.1068712610396487,Iris-versicolor
7.750436288235293,2.794108915999431,6.424435927809819,1.7758945865522584,Iris-virginica
4.773012709180056,3.203077109720415,1.10892709045582,0.22032709056273153,Iris-setosa
5.018455657654052,3.3423574551008324,1.5094242421350936,-0.06027663373021691,Iris-setosa
5.7972092139928195,2.6972852409811683,5.318203909743862,2.326318336763565,Iris-virginica
7.963434172682184,3.8047245783484134,6.375536410514598,1.9295098928235994,Iris-virginica
5.0624157823750755,3.12377127537016,1.6650184793964573,0.48587088681138746,Iris-setosa
6.351741419467264,2.3819763040476456,4.438030401737243,1.3692909593829796,Iris-versicolor
4.929374403433291,3.3557266162595876,1.1109212561065773,0.25547268746945223,Iris-setosa
7.269249747724428,3.211351020890743,5.704500872158586,1.9531894760637554,Iris-virginica
5.195969503416166,3.7389487674438056,1.4293356207379027,0.5833967954950858,Iris-setosa
5.019545804299447,2.6527024582376235,3.333393097860292,0.7581201663720373,Iris-versicolor
5.727893467641571,4.333681369547462,1.6569856645438685,0.4286811832271519,Iris-setosa
6.677060462366942,2.8457771149767854,4.912074181850577,2.5968072119016967,Iris-virginica
5.667591981599012,2.506372562203696,3.913033330206839,1.3434858613995115,Iris-versicolor
5.355855736382674,4.080886983546816,1.6494716769045668,0.33501999872693483,Iris-setosa
5.265330053059039,3.50417102846942,1.4900211633728586,-0.05035133085742327,Iris-setosa
5.7939611415487615,2.73219609991214,4.739409808244319,1.2333493354520964,Iris-versicolor
6.421364927876922,2.8275535772427154,5.274877452543486,2.528320791753702,Iris-virginica
5.963804126032483,3.090762490674039,3.8539050618230837,1.594206532263258,Iris-versicolor
5.733061501011542,2.999669701628784,4.561503495930564,1.6974901617321114,Iris-versicolor
4.832447310184924,3.751511406030749,1.612254032763105,0.23091100860165792,Iris-setosa
6.481237508249192,3.4508105794748283,5.924537240534632,2.2324786356842923,Iris-virginica
6.695449833071313,3.3670703441372507,5.7650067925240425,2.482848535947551,Iris-virginica
6.61529342371805,3.104281467635113,4.960329184773497,2.381102990131359,Iris-virginica
7.671225895030369,2.7893060066899107,6.312995342248669,1.8594534076656455,Iris-virginica
5.417834722814341,2.7290945661512063,3.963411059459508,1.2297525754439695,Iris-versicolor
5.361555893178919,2.8726676813833616,4.3878406598245965,1.479302509429626,Iris-versicolor
5.681942533545096,2.93374251485682,4.380221669274056,1.6201687598038548,Iris-versicolor
4.803991420374192,3.737263332216196,1.3779369690903054,0.3559287521969968,Iris-setosa
7.0670520976650115,3.0100157448516662,5.180098790847486,2.3278559680934934,Iris-virginica
5.644535507057169,2.736394834221289,4.034883706007332,1.5461966975970944,Iris-versicolor
7.632530096546622,2.839486670199842,6.228493729943524,2.2425000680362803,Iris-virginica
6.683602812876245,2.5600762037464406,5.122333456115,1.7842880042901583,Iris-virginica
5.311684821429753,4.342980950239631,1.7409740800767104,0.30181848695628954,Iris-setosa
4.334089847659444,3.746341977344293,1.0133335004647401,0.21284498592068463,Iris-setosa
5.613063674855023,2.8264140801430906,4.72036187677186,1.6650553807979303,Iris-versicolor
4.95467216965901,3.431714439602015,1.346920337236702,0.35167704353322227,Iris-setosa
6.666677755435619,2.9325540423952727,5.788601285860048,2.2281178252967178,Iris-virginica
7.829453463174363,2.991736297368883,6.661327066650223,1.8539932406549904,Iris-virginica
5.875014627182511,2.559692071985077,4.5053029480370395,1.2782668989039623,Iris-versicolor
6.198191775625346,2.8774071484382615,4.285790315185851,1.3627735386694244,Iris-versicolor
5.483375986983271,3.3143294497120928,1.4428313048402028,0.4059144106430619,Iris-setosa
5.451361366267251,2.828507456675774,3.3316556072687273,1.0811258629510205,Iris-versicolor
5.051528840096941,3.167475104866472,1.2093665787104926,0.31692511703967724,Iris-setosa
5.281034479986629,3.1627314533253457,1.901529369905622,0.04786533967108647,Iris-setosa
6.623265783753254,3.1039181735262695,5.606357510228338,2.5122233476379567,Iris-virginica
6.1322216777968706,2.9095080588228295,4.465627074799351,1.1060986028376554,Iris-versicolor
6.148216761543491,2.2067833075899044,4.567679350131749,1.7170813643374674,Iris-versicolor
5.060455571614354,3.517205506553243,1.4156173189559003,0.07235473377275908,Iris-setosa
6.756316496104941,3.3008328090729857,5.718709598186303,1.884336422159605,Iris-virginica
4.013591288098317,2.957846110247288,1.3784122790922972,0.2096610443549035,Iris-setosa
4.921279718436237,3.339987475977923,1.461103094420781,-0.02742470982708689,Iris-setosa
5.630672005372414,2.0252534735100545,3.9342708807744597,1.558274850294427,Iris-versicolor
6.794182663005199,2.6437856608337396,5.0319240901622155,1.240863599220305,Iris-versicolor
7.427916972032775,2.7685253400772294,6.442617752097604,1.951707073170065,Iris-virginica
4.665806733331222,3.178313716070065,1.6062469834928468,-0.06864671600992411,Iris-setosa
5.393432566340561,3.5343212589433946,1.6877555140235212,0.3752551674189454,Iris-setosa
6.429882709312446,2.0582396585775147,4.282393887234252,1.6286242627682468,Iris-versicolor
5.606943082960227,3.1637295716680565,3.9119407816358756,1.5598227653275583,Iris-versicolor
7.154296639954043,2.8039609205945326,5.523516660952485,1.624807505545974,Iris-virginica
5.092570453291657,2.460048904545257,3.252954730630373,1.2070226783053297,Iris-versicolor
6.508754671936736,2.725370621286463,5.258120291223007,2.2746477259047615,Iris-virginica
6.149900468940675,3.0624948465687516,5.864599379862644,2.0097536796513817,Iris-virginica
4.653198562890465,2.809455409982115,1.3637793964569123,0.31561593464506216,Iris-setosa
4.705979359487881,3.5742347302056685,1.3129525774519246,-0.02243130475550617,Iris-setosa
6.198266914431953,2.960232175028583,3.8546390706402107,1.291972758718858,Iris-versicolor
5.955426205161624,2.8931339818665904,4.33560177160809,1.070393018968299,Iris-versicolor
6.589771737124276,2.831644036437862,4.420458869300126,1.2462764074935075,Iris-versicolor
4.944722668524077,3.6841652802807237,1.5681826489668662,0.359968248208526,Iris-setosa
5.311869341179666,3.6152074321315313,1.743241012997779,0.45167649909792307,Iris-setosa
5.403417288182755,3.875685846968455,1.9263253383603858,0.34322050328299225,Iris-setosa
6.664845628760996,3.211403480731896,4.54280960833093,1.12091833273612,Iris-versicolor
6.15919330549008,2.476309060247187,4.202454286615673,0.8817999025640136,Iris-versicolor
6.475056894241069,3.1698004207351884,4.145006487281249,1.3612407191697102,Iris-versicolor
4.9390946695255025,3.2414569921437746,1.3857744417385742,0.02680383775270742,Iris-setosa
6.99081534430263,2.8649396930189024,5.460220206641304,2.1219992619693584,Iris-virginica
6.497604972835024,3.0163897567290374,5.764197269823596,2.2819559428998595,Iris-virginica
5.094042428625472,3.1108409399293944,1.3950848668235594,0.2295108850185313,Iris-setosa
6.451827161597233,2.9909036920845598,5.690749928926138,1.967282271744179,Iris-virginica
6.652122702409454,2.8851355244089714,5.45826984508477,1.9508318555810171,Iris-virginica
6.689216308227729,3.228882194370692,4.801269676258785,1.7345375312714175,Iris-virginica
5.482312863120386,3.0499032149786895,4.177604893681137,1.4522881546891107,Iris-versicolor
4.635256459173842,3.0823148748430707,1.5746327427541713,0.053518733437570715,Iris-setosa
5.1403941445149375,3.0715905034073323,1.5931630285029919,0.5343198086908515,Iris-setosa
4.3697527405421255,3.5286364077644503,1.2194070187008983,0.1320034812454428,Iris-setosa
7.188580045916274,3.076613740169817,4.928878757166385,1.2734544538100312,Iris-versicolor
5.08441409720683,3.910973189058029,1.9972673214768923,0.3467341833759327,Iris-setosa
6.177453799347371,3.2468545780329965,5.310645940895291,1.9603188565013887,Iris-virginica
5.73175060860523,2.918800023188063,4.281582477870026,1.3505744276639753,Iris-versicolor
5.910754232983906,3.2695177037507945,5.660313767040789,2.2057631179536896,Iris-virginica
6.6740713182983376,3.262885177636736,4.707838224177282,1.6517201602183873,Iris-versicolor
4.947972375957152,3.584548479002462,1.1868926659919374,0.025782839478826758,Iris-setosa
6.293527153168508,3.213357192850922,4.462708936283897,1.6295412881203475,Iris-versicolor
5.028770311294999,2.459788689646065,4.3861111804268695,1.723963908492953,Iris-virginica
6.032527493342181,2.8275697609164374,4.381388558780632,1.3756808973274992,Iris-versicolor
6.123934176970172,3.5192184974575245,4.868033208577055,1.6279656885783196,Iris-versicolor
7.869972089708805,3.6785503745102806,6.745813787385478,2.263741659295338,Iris-virginica
4.786008245477821,2.278585694512218,1.5161865550579179,0.2637306148677858,Iris-setosa
5.760029424309932,2.789800079961039,4.610292559276292,1.7029524109753194,Iris-versicolor
6.3300276218156295,1.9193861881905614,4.648955178478907,1.5851340002983338,Iris-versicolor
6.079826921211215,3.2065420443784496,5.1410467390858,1.8289265652013107,Iris-virginica
6.028276779185536,2.6504153239281885,4.120896864466063,1.5279316643846401,Iris-versicolor
6.1396507505317235,2.882493633431948,4.926193873982552,1.1412752171635552,Iris-versicolor
5.71239368491619,2.7654434737448272,4.375620116352516,0.7382788689605871,Iris-versicolor
6.696421657781607,3.437064766330532,4.393509663773181,1.3373710661862102,Iris-versicolor
5.669549213145674,3.1818926862437276,4.560346500458234,1.2270605678472983,Iris-versicolor
6.546882004477,3.281590698981432,5.734037176258191,1.6349665051195166,Iris-virginica
6.4924101779499255,2.88266955356318,5.63182325942654,1.759973722952498,Iris-virginica
5.298776819532989,2.6835231414024276,4.253316329893091,1.207982450231029,Iris-versicolor
5.11358785589914,2.540247550894629,4.037073419916124,1.3289553317184577,Iris-versicolor
6.904800292339386,2.7201044897135342,5.570863597304932,2.3975881453194816,Iris-virginica
5.5988261982154075,3.7430489104568068,1.4115008399871234,0.18243750467862396,Iris-setosa
6.7156404465803226,3.0161232518307326,4.538204706625326,1.5256957503201962,Iris-versicolor
5.387113166431542,2.647193336439449,3.332379962487463,1.489889625028914,Iris-versicolor
6.551815502235639,2.5461259701067678,5.754201523432425,2.0437669080954652,Iris-virginica
6.376410692778605,2.3094562160233085,5.835178269477255,1.6349732379059247,Iris-virginica
5.3954848624923955,3.127645319911118,1.7529815858100073,0.006804596454954237,Iris-setosa
6.183420323288752,2.7751567022869446,5.735890182203699,1.9957490650331684,Iris-virginica
5.242175949761121,4.266824824028098,1.609393768750467,0.22032221386614806,Iris-setosa
5.7539380972652,2.5063896553097016,3.945275561714546,1.2261077948772674,Iris-versicolor
5.422675726511685,2.702563184505071,3.661989139884394,1.2481079545464602,Iris-versicolor
5.142039555381108,3.508189136474007,1.5046730174872276,0.04506740023674441,Iris-setosa
6.199582255970708,2.9924666101847377,5.069249128845566,1.6917094106355295,Iris-virginica
7.116903541680485,2.964373335930706,5.321294344461128,2.1846399586878773,Iris-virginica
4.762436448875443,2.9534409981111525,1.3237998332548042,0.31747843989260144,Iris-setosa
7.2937930385219545,3.8837039795678776,6.012548836884058,2.4366103248602577,Iris-virginica
4.928699291991619,2.951507763264188,1.5409663160762528,-0.06569402731745844,Iris-setosa
5.2780325319526975,3.101420830353945,1.6404742317374823,0.17478091970102153,Iris-setosa
6.001451165455403,2.7836092251590094,5.145180985342845,1.352309566936707,Iris-virginica
7.007448845651522,2.9849604484116754,5.403370110333835,2.359829151263726,Iris-virginica
5.598631259750148,4.168779161749087,1.2304422362405942,0.5975316450982622,Iris-setosa
6.121801329799175,2.7127611522637802,5.49366617852727,2.2402687124225213,Iris-virginica
6.9038098418366225,3.4176539109926347,4.993899786731373,1.6573084679198173,Iris-versicolor
5.333580512347587,2.46019055875013,4.299032963107449,1.3832433217576783,Iris-versicolor
5.386357781899988,3.240421963574167,4.764698741568291,1.386309862932897,Iris-versicolor
7.7849619595522705,2.6585944045613923,6.745534767447686,1.812136487029929,Iris-virginica
5.719027732674609,3.0379948017402385,4.657511099133761,1.0336325281159524,Iris-versicolor
6.210743988683149,2.416800883703022,4.376012472735011,1.374538059618825,Iris-versicolor
5.20042571288745,3.5354849538360766,1.6175175785167328,0.4192166467243751,Iris-setosa
4.272971812070524,2.952316794599702,1.5943133828756144,0.48384820590417366,Iris-setosa
6.5482430087905135,2.911611292447927,5.248868516094613,2.0854185378551566,Iris-virginica
4.723492041082018,3.152817995101605,1.270233717109862,0.33372916320697854,Iris-setosa
5.048097455385268,3.311027774511705,1.4563466349751364,0.2104623251795551,Iris-setosa
5.524762707948323,2.998703005071172,4.137613111649911,1.3437117245101642,Iris-versicolor
5.333391863929156,3.568503586644594,1.4074614683728053,0.12598833685926125,Iris-setosa
6.716232561232144,3.458720706125477,5.9791693378352875,2.2909129375290824,Iris-virginica
4.8968471321222085,2.4816163890359912,3.2753881379146446,1.3777553604898214,Iris-versicolor
4.738662478664781,3.5297901364494573,1.4151133305899506,0.4407323963076566,Iris-setosa
5.304840885815132,4.0135775210804345,1.3883630809012055,0.213459411297739,Iris-setosa
6.715564246858534,2.9258960717255857,4.6404436794461,1.481715207409897,Iris-versicolor
6.935396911762916,3.261118976871954,4.867902194662962,1.5532554822922398,Iris-versicolor
4.4368967366806835,2.451790731597502,1.5178494765161932,0.3346688579975607,Iris-setosa
6.883412968219988,3.387079533551899,5.427212832749592,2.313578271184075,Iris-virginica
7.179359983832759,3.0807794775032606,5.640341138577202,1.3110954684157707,Iris-virginica
4.972867585844922,3.3105811145011845,1.4633532708867798,0.49031131325286936,Iris-setosa
6.423742593285736,3.0835109582673677,5.781006617398252,2.775049520591513,Iris-virginica
5.246692981109412,2.923286602447536,4.630014743060491,1.6061686158920558,Iris-versicolor
6.292682876279458,2.9402746454378854,4.247307936592964,1.5830671960264564,Iris-versicolor
4.86275564410963,2.949071571895852,1.7784281567187268,0.06613440176796057,Iris-setosa
6.0700337071989745,2.3277683538284526,4.280797641692982,1.555664527634745,Iris-versicolor
5.812090642422313,2.54196804661959,4.705785869044596,2.222185900153314,Iris-virginica
4.7197131928685305,2.9198724450603093,1.5307126006588763,0.06633206064107774,Iris-setosa
4.987153688169875,2.31192679883993,2.836797310613335,0.8097239606103761,Iris-versicolor
7.7725406208793775,4.043339360179384,6.5886520245719975,1.70828316611619,Iris-virginica
4.862200389210076,3.5775474540164236,1.1423997751945212,0.014566586921997304,Iris-setosa
4.255419245374441,2.996581427305638,1.2855565132488755,0.35289714923514365,Iris-setosa
5.214736703681618,3.686937037792313,1.6884238200003447,0.016233228260384952,Iris-setosa
5.901369969966222,2.7011417724880458,5.330978109613947,1.9104175994032189,Iris-virginica
5.533747949285156,2.3513964464049493,4.438139671550951,1.1035268847210147,Iris-versicolor
5.287454398986757,3.1739316182180803,1.4101353249725446,0.3093530138308422,Iris-setosa
5.0662460053144684,3.4912390037252448,0.931754945155802,0.44422999460887,Iris-setosa
6.137374625817317,2.521148958754103,5.77091988342472,1.9591401942186837,Iris-virginica
4.913504992349279,3.4099731465865677,1.7803907706320956,0.13696092830484768,Iris-setosa
6.28262914575963,2.854673659200471,4.653484219743481,1.6724914224830167,Iris-virginica
6.782941502183336,3.217910064938426,4.68462736239465,1.6387229827781722,Iris-versicolor
5.268003312953689,3.5104415342368114,1.4822472705781666,0.0022639527927516556,Iris-setosa
5.934411850726201,4.4789437891940445,1.7193794243334182,,Iris-setosa
7.1438138916757286,2.6173006428321024,6.300469037870311,2.0515653148565067,Iris-virginica
6.829037236028846,3.0175092248132684,4.610258753554946,1.460595044729272,Iris-versicolor
6.749233902372928,3.0152506195255597,5.843003982237903,2.156519946199311,Iris-virginica
4.950748652737866,3.3477785427897646,1.6005021439336442,0.25254202425890737,Iris-setosa
5.499514911806053,2.579685729870759,4.319431945915225,1.372323752291451,Iris-versicolor
6.042908255499997,3.0204968710733753,4.997543125835029,1.6390962868029673,Iris-virginica
4.275952140032169,3.17909209241467,1.5800660797770179,0.22577597076158012,Iris-setosa
5.871454653281718,3.055830735937811,4.885886215085078,1.2091690130881538,Iris-versicolor
5.663415418620429,2.719111873407016,3.7398949737176803,0.9416236672501358,Iris-versicolor
5.882494647235965,3.144151908382354,4.53190312084257,1.6572738150622264,Iris-versicolor
5.520755166217234,4.222743949997911,1.597025585775546,0.22621550102652577,Iris-setosa
4.969342047332059,2.9514962510867653,1.3526063857723567,0.33382180336242706,Iris-setosa
6.296047463370193,2.446728472797885,4.319852163735718,1.0540171015122848,Iris-versicolor
4.987980332551177,4.015639901534623,1.2400941715008436,0.1917523601064531,Iris-setosa
4.8400331261302965,3.8736092562247095,1.6436946334950033,0.4706186550454517,Iris-setosa
5.251283340985819,3.552256613226635,1.5721752807713665,-0.02244156682890397,Iris-setosa
7.688222228341375,3.6420370554474615,6.423785031719601,2.2120124718111853,Iris-virginica
6.1684123891158045,3.0483060601643457,4.845320985812246,1.6725585566102497,Iris-virginica
5.925305424853105,3.08018926900078,5.046385108753393,1.9271645332296172,Iris-virginica
5.313021334618814,3.2338029185620134,3.8836297124461914,1.0096681552654898,Iris-versicolor
5.293892886197824,3.855523390316691,1.805148403844899,0.014183112197500292,Iris-setosa
5.221803448968218,2.7535351001292447,1.5646666405438792,-0.05949527067466287,Iris-setosa
4.285098759372361,2.680580873952691,1.4229812749578348,0.45614627767914984,Iris-setosa
5.377474352880874,2.437954532197871,4.079663319033852,1.5396491851703065,Iris-versicolor
6.8266905051258915,3.5492598574318794,5.823727760735897,2.325208211047477,Iris-virginica
5.935550783836315,2.6423479736467472,4.528440670916815,1.81382941881702,Iris-virginica
5.03681437250272,3.063276870371371,1.7581035626444912,0.3880674090788304,Iris-setosa
5.281763404737131,3.921829044422092,1.3015507242355795,-0.11238864490713213,Iris-setosa
6.3712635267376605,3.5642032798858394,5.997091184297521,2.7314185043882593,Iris-virginica
5.026033094797912,3.4319869918148482,2.1574222277603483,0.243756789282844,Iris-setosa
5.646802141401898,3.017260530272049,3.4467380219403436,1.2969209226833538,Iris-versicolor
7.716121045017537,2.9082305496432848,6.909763438154637,2.2697583685208587,Iris-virginica
5.879306631349335,3.0686725026274084,4.381287660349016,1.21874232388747,Iris-versicolor
4.537726008303739,3.6163018055810316,1.4726338242741577,0.5773722274670444,Iris-setosa
5.697789215595459,2.8084789975914726,4.34544064323387,1.0279747692056118,Iris-versicolor
5.208416513852466,3.839501197482691,1.217579190721714,0.2713563559078287,Iris-setosa
4.302271627418198,3.316572777890443,1.1102514467154423,0.5933613495770824,Iris-setosa
4.855759017387605,3.719548537809259,1.6570399803310398,0.469228361610626,Iris-setosa
6.561980725942057,3.0245050206846718,5.701397564252284,1.7643599016279639,Iris-virginica
7.040337973738724,3.140630098976336,5.996131328837088,2.5797589226908624,Iris-virginica
5.18626369061023,3.2277289495746193,1.319216814973755,0.39142129529315817,Iris-setosa
7.261721729547559,2.9043716669598494,4.5023289678884915,1.1927619007564203,Iris-versicolor
4.9061816801379,3.082499957759486,1.2820005829392833,-0.19392824324960298,Iris-setosa
5.918118759496505,3.864362222371521,1.6204030074970455,0.4104560721164199,Iris-setosa
4.4336101952594005,3.162006579415002,1.6387314795505954,0.08049447021023518,Iris-setosa
6.266354848126791,2.9187188033861498,6.020897554194731,2.1059477617173403,Iris-virginica
5.5598022049978,4.604291084901136,1.6456152374761541,0.5266644318139009,Iris-setosa
5.404063788909134,3.1216405072487503,4.353172481534052,1.3472351347951104,Iris-versicolor
5.847711493842226,2.5703763876890804,5.217821690143189,1.5998501009118922,Iris-versicolor
7.450182240606215,3.246249774861721,5.5949897473750765,1.3070730708239648,Iris-virginica
4.588849759770735,3.1090087652401603,1.1166296032623615,0.001317787876152443,Iris-setosa
4.514704579067036,2.9554994755540345,1.047102083298965,0.16989819872241133,Iris-setosa
6.269169148902735,2.929093147575249,5.460887127931024,1.988918656510101,Iris-virginica
4.683487076069428,3.0847130054447294,1.4828691309091686,0.1478790812960661,Iris-setosa
5.466785058940881,3.6025067314592243,1.2055234646743074,0.06399066598342654,Iris-setosa
5.6656832711059035,2.9875133834072565,4.071953596623624,1.2563732177442877,Iris-versicolor
7.474349547847924,3.056404093176168,6.083978391851004,2.247220165087268,Iris-virginica
6.293130066525598,2.562111452847043,5.018561104653002,1.4861466086781143,Iris-versicolor
5.821672695281878,2.939514749562233,4.101972752433053,1.5588524504156165,Iris-versicolor
4.614283474561922,3.2032528715026016,1.610556305462275,-0.0897545657202381,Iris-setosa
5.781853542901076,3.1519322654283517,4.252652198963227,0.9637297901128306,Iris-versicolor
5.217413930884634,3.7490527621884544,1.7625271004907415,0.15404168446756472,Iris-setosa
5.264060397068805,2.676784958239745,3.8484130624935005,1.4700218203813442,Iris-versicolor
7.929122682865964,2.5641976808993827,6.67229659229257,2.468717505871898,Iris-virginica
7.010892146131787,3.3316924220850983,5.257604423444587,2.114393198763895,Iris-virginica
4.725108593349396,2.861877499183264,1.464561570661173,-0.08042890074636583,Iris-setosa
5.588775006578795,2.947218724693141,4.385349173896362,1.528076371454362,Iris-versicolor
4.908986477350517,2.8246670736879755,1.1944852617823178,0.03693269105600522,Iris-setosa
6.718069165335415,3.027665760430289,5.219977889683982,1.9533714995084561,Iris-virginica
6.538861416005609,2.745176860806983,4.8795885839165996,1.646857799432016,Iris-versicolor
4.803229838409813,3.0256514784628483,1.4798735461757082,0.25369577885895034,Iris-setosa
5.687379187073157,2.5302392096547797,5.353384454172256,2.4834674757762,Iris-virginica
4.609618892764693,2.940676250820425,1.5191278245524937,-0.07904066408852573,Iris-setosa
6.839480361944377,2.33414511843578,5.643616725172468,1.6804206630046041,Iris-virginica
4.1803575108994915,2.785519418622262,1.1250843422601435,0.3802802202436,Iris-setosa
5.649497414118402,2.948648063800174,4.930644730621421,1.7281003978635556,Iris-virginica
5.767667788229119,3.615172169476183,1.627753604027573,0.5110063795966188,Iris-setosa
6.3666059905785435,2.6972618748894086,4.892401216334985,1.4965272576717343,Iris-versicolor
5.3552832160504495,3.9820078528147773,1.4037774125944367,0.13535404367988946,Iris-setosa
5.821878674848802,2.1784701703929263,5.1522806618173895,1.560366844444229,Iris-virginica
6.61644754793406,3.376840070268169,6.0303799460223075,2.4051154784631437,Iris-virginica
6.837447631518097,2.946982134007692,4.7750231583192235,1.5371835521645325,Iris-versicolor
5.899083195405767,2.935036085619423,4.932905867739015,2.534325435310255,Iris-virginica
5.60983334067506,4.0633213497083585,1.5943257066500036,0.43828444563831603,Iris-setosa
5.2276559686006845,2.2990652390155617,4.035831878136916,1.5153068921429906,Iris-versicolor
7.8810885155097905,2.555465239389592,6.966644487072333,2.0209798664712237,Iris-virginica
6.230017811500457,3.089973300400516,4.074114546287816,1.3299472646806545,Iris-versicolor
5.135629113055242,3.679678328284631,1.2804141924647967,0.1154670029184468,Iris-setosa
5.33442455670835,3.715385063873751,1.3821547409117405,0.32346192999409534,Iris-setosa
5.16315127414206,3.8958863643187227,1.3363613939374888,-0.03270655960691726,Iris-setosa
7.048781961153552,3.0906136267245414,5.701947239828278,2.564255803401218,Iris-virginica
6.866515000962795,3.5142419862469207,5.830641289730006,2.251451199446867,Iris-virginica
7.028628513383214,3.3729483566128597,4.907644752481017,1.2062722766340153,Iris-versicolor
6.972117911583152,3.00369899145948,5.861693352767505,1.944897334106474,Iris-virginica
7.033293843637727,3.006250477295368,5.62773663597678,2.2508374955670165,Iris-virginica
4.493625040004215,2.7490761243849473,1.343530476528984,0.36563307586327654,Iris-setosa
5.370019464175529,3.235948517458894,1.7803336155157319,0.15706358168916562,Iris-setosa
5.10875091198461,3.6778864673026446,1.5801386015671932,0.4567031972498627,Iris-setosa
6.994429274565274,3.12864816140277,4.465971143780657,1.4814162322000812,Iris-versicolor
5.7530371309938575,2.789724469657514,4.427556212186658,1.233828891397927,Iris-versicolor
4.143446202598005,2.9722729587866303,1.149910508446999,0.2947114320464491,Iris-setosa
5.139073946326779,3.9049549424887147,1.3211609824434745,0.18246597801140735,Iris-setosa
5.357945545024959,4.304867441600334,1.5317455091299503,-0.07848935783686073,Iris-setosa
5.11939831409091,3.685065118608329,1.6736199826395377,0.03096238634714893,Iris-setosa
4.722055350608747,3.0581655357910122,1.456883683703679,0.12321399200471256,Iris-setosa
6.283154788249487,2.986033311468432,4.837478848894255,1.5244742732963956,Iris-versicolor
6.059086624799635,2.7607218383341765,5.3903206517428615,1.7395036424684833,Iris-virginica
5.891534247144489,1.9886887615089957,5.265179890566936,1.7564912703687428,Iris-virginica
6.507997765913466,2.9458695728433972,5.297563403399878,2.1389698816235336,Iris-virginica
6.737582285116732,3.099572829803829,5.319810583894942,1.5011948137178015,Iris-virginica
4.996319964649621,3.218506902760358,1.2793081937549375,-0.061730501689695405,Iris-setosa
5.76203752620423,2.506232469556669,5.339113231549195,2.377860396447745,Iris-virginica
5.3611625834835825,2.7433799476899536,4.119962377425735,1.3476860411887603,Iris-versicolor
4.699685027807341,2.7812810814816795,1.2422395403154947,-0.010238548394604585,Iris-setosa
5.520809868622194,2.9784948041795634,3.977775153984834,1.5637582046428704,Iris-versicolor
5.308673991987663,3.6077346623930806,1.63059047700822,0.4502236745108934,Iris-setosa
5.253892886502505,3.6748844058108747,1.806362577633453,0.3611974091743576,Iris-setosa
7.455281163290802,3.4429292616266483,5.896403622056602,1.8203615624436633,Iris-virginica
5.670089769212645,4.386515563122492,1.3592728443333433,0.4254341079562647,Iris-setosa
6.194530087353013,3.119016692353151,4.8676979889103675,1.752755001489855,Iris-versicolor
5.105510432958782,3.4347033061485357,1.5259880547335027,0.2361338388688048,Iris-setosa
5.965533663958532,2.99882876363415,3.9804946329652573,1.493718869540254,Iris-versicolor
5.299322119961409,3.6164164381694768,1.876994751011665,0.13628170238852153,Iris-setosa
5.784744621760822,2.9051191797318805,4.700211456074331,2.2391299547367933,Iris-virginica
6.195026339332495,2.4941086957681953,5.149878399098397,1.4455916788565368,Iris-versicolor
5.94247658359135,3.0834152465185762,4.445728623796248,1.4677655665538245,Iris-versicolor
6.080637447739096,3.3934203850050597,4.430858046356657,1.4418199341975335,Iris-versicolor
6.480022765639293,3.211564531227931,4.144898728879198,1.477453831181056,Iris-versicolor
6.65877115918707,3.138611905859103,4.231575955624601,1.50645579038035,Iris-versicolor
5.085962717717251,2.428247488074024,3.10684056446286,1.2896164224472597,Iris-versicolor
4.959567215618759,3.7699772553779654,1.7831472093388847,0.44355238810329073,Iris-setosa
5.362004019837261,2.3970059317429797,3.9973018426521,1.4101039775765078,Iris-versicolor
5.561208121369035,3.5295805312716655,1.534520590912671,0.19249737927467608,Iris-setosa
5.082159559511997,3.594203461465381,1.1531744120468663,0.39118397850302766,Iris-setosa
5.127899839108872,3.9160711753186632,1.7648319205042062,0.4122024345189186,Iris-setosa
6.610246460889643,2.8636415517328335,5.439912381775619,1.6127061167943404,Iris-virginica
5.553378110345339,2.884358277242862,4.257915702897951,1.084685781614139,Iris-versicolor
4.555411190917031,3.384403359258319,1.3699226261207251,0.07675456453811316,Iris-setosa
6.529027173654654,2.9792807606149276,5.8588681419596345,2.310659972580058,Iris-virginica
4.886125504072188,3.5083423526314226,1.369084365334225,0.06969282024507639,Iris-setosa
4.695894403715351,3.3092600775279792,1.3458455124155093,0.33559251051256145,Iris-setosa
4.405572721304307,3.094584692887047,1.461670422343138,0.35711298740266934,Iris-setosa
6.958757715362742,2.9495793951112335,6.066603174340845,1.471960833980117,Iris-virginica
4.88521835996046,3.659725433554319,1.749360126411235,0.6342266624804629,Iris-setosa
6.536225366147959,3.57169001879424,5.891662485383271,2.3300243611894493,Iris-virginica
4.851471630226081,2.5775367469905683,2.780058951234208,0.8555650175635467,Iris-versicolor
6.653182845237264,3.4270990663514294,4.616818966354636,1.2469876602578076,Iris-versicolor
6.3119469001355695,3.071663399609114,5.020423781828022,2.13349690406784,Iris-virginica
6.562758180243115,3.301492126506746,5.691411512720149,2.614942152741116,Iris-virginica
6.723495714303044,3.3302101554371064,5.008578836062327,1.8608453375954686,Iris-virginica
6.487657046687529,2.7445618443670474,4.918729544769146,2.4883716483879894,Iris-virginica
5.525766295257461,2.99413280387259,4.225442420222568,1.2438386639549845,Iris-versicolor
6.977973063272627,3.5022834861225287,5.418198520447343,2.210536643053774,Iris-virginica
6.914302539600962,3.10998621508191,4.632742517094586,1.6490766676203035,Iris-versicolor
6.018304382418915,2.7498608527072324,4.542610703478101,1.3572935234443761,Iris-versicolor
5.14548978498235,3.4744680451250103,1.3635774405225498,0.44636352749602237,Iris-setosa
4.902076523965251,3.324583103625078,1.120321376588095,-0.09672599721677894,Iris-setosa
5.5983123903677985,4.036977329702868,1.4363251716951493,0.2794717484267077,Iris-setosa
5.38694819008548,2.9076695876688605,4.031311610869876,1.2009391420997275,Iris-versicolor
7.018560148980328,2.8728297354862584,4.757778483690869,1.3770682927693425,Iris-versicolor
5.53699558755151,2.9211644500272054,4.625416159231344,1.7761643678037426,Iris-versicolor
7.685848477314162,3.584685618008821,6.407794934316667,1.8604305282669245,Iris-virginica
4.820525917868426,3.9044542668493265,1.6928524445433584,0.47519498586345277,Iris-setosa
7.651873698997778,3.610057476055714,6.8482660909972655,1.9833027996653372,Iris-virginica
6.879419727746386,3.271342163513488,5.41762261644044,2.3469890473737802,Iris-virginica
6.283089011115203,3.0432470744003113,4.390474727071063,1.2011549223408928,Iris-versicolor
4.809863166167472,3.335884311068312,1.5552249770619926,0.4017849643912584,Iris-setosa
5.286626709221364,3.644076354653559,1.6383550984602042,0.12266919732430295,Iris-setosa
6.035043947227759,2.3543934401937405,3.957629634107947,1.2061311961079408,Iris-versicolor
5.596249934276799,3.8056311485622705,1.3790589497465047,0.479877623998476,Iris-setosa
6.38187840340057,2.8805114282915443,5.46012853730751,1.174666948278917,Iris-virginica
7.2629671690042255,3.133691812691687,5.776274142514186,1.6271660065796822,Iris-virginica
7.512196032032458,4.063291868863206,6.4197703356317035,2.1497644966035323,Iris-virginica
6.247911584961259,2.627187076683909,5.279179235219574,1.2733110461765984,Iris-virginica
6.967505635999174,3.083927940663735,4.909919902009897,1.654166950407272,Iris-versicolor
6.5190974927992364,3.063904301585399,6.276121051699341,2.243321560765606,Iris-virginica
4.849982417021202,2.620267324527206,2.7823095307423165,1.3414382906191633,Iris-versicolor
6.280025829494911,3.2500976504277466,5.229930602225492,2.1446554131309106,Iris-virginica
5.290289461636125,3.891659554198728,1.512011819674557,0.17615118060326998,Iris-setosa
4.269725261275296,3.21327095233784,1.362802049206702,0.45273477561142694,Iris-setosa
5.50248453583605,3.858906424120943,1.579986506273609,0.2882373971790528,Iris-setosa
4.857506008381126,3.6342207019069406,1.3668926756960882,0.38466882278339404,Iris-setosa
6.760401770482565,3.010664049985179,5.780829307044693,1.883911334196817,Iris-virginica
6.298469201340479,2.663570715381725,4.896418076454211,1.1946598327620883,Iris-versicolor
6.699250191157645,2.9682472580654213,4.316477967334364,1.3765467703810692,Iris-versicolor
5.813595356807628,2.9163346590828603,4.19511793193431,1.7129969788973973,Iris-versicolor
4.35011311769293,3.181856489103457,1.4438099511057372,0.21374025686029158,Iris-setosa
6.58101836857507,3.0264242749371535,4.732734977013621,1.713966768600198,Iris-versicolor
6.286625074745779,2.738019753623431,4.642206409627738,1.297860472650353,Iris-versicolor
4.543934989222521,3.583346822354556,1.3357004489836548,0.265090350787636,Iris-setosa
5.519956183828519,2.6313824114234863,3.9096321544753416,1.187745225618569,Iris-versicolor
5.0592300507935155,3.62249778426453,1.6860872947872412,-0.0927454329692704,Iris-setosa
4.935740475864509,3.6989844884459333,1.673508525192822,0.30572985727441093,Iris-setosa
4.943202094265628,3.5131862260753626,1.3184504912617505,0.16494225717534358,Iris-setosa
5.959063209901125,2.707956130596489,5.197042569805,1.6263517639201035,Iris-virginica
5.527044103329149,2.8452022763287075,4.255715297985632,1.162907633528518,Iris-versicolor
5.425360176235712,3.923255477253159,1.606284814377068,-0.07338733428434624,Iris-setosa
6.429329511758054,3.335673230176832,5.6249668134652335,2.4233876153889886,Iris-virginica
4.983564285729552,3.7944650901703127,1.2556354491191979,0.47638414861099626,Iris-setosa
4.91944956366287,3.101284223432151,1.4206138776450434,0.331165122755201,Iris-setosa
4.787013056066232,3.1139897821699165,1.4672595272843867,0.21427949520364592,Iris-setosa
4.770281192894649,3.233717834298063,1.1738956498368882,0.4987702143340347,Iris-setosa
5.09877053586764,3.170433921577981,1.7030312632993347,0.36053057292217106,Iris-setosa
6.117427286296951,2.883005737683203,5.844858820342666,1.3649850426129282,Iris-virginica
4.832876218008225,2.7122870716426934,4.615534148295611,1.5309105091346482,Iris-virginica
5.181803967643071,2.827422674924179,1.3704269420920765,0.21751365216282076,Iris-setosa
5.348180973064219,2.866458311850155,4.803239236851316,1.8061834515935808,Iris-virginica
7.748539897745496,3.8010349206583562,6.992212865134185,1.9399094769140306,Iris-virginica
5.68420801560106,3.0407825276266265,3.312074612201225,1.0937327319017753,Iris-versicolor
6.261460359902664,2.6355069762881804,4.290387684952449,1.5608270318350117,Iris-versicolor
5.673131054904097,4.1322004457288655,1.1722915298398842,0.24379084806398088,Iris-setosa
6.292980734494677,3.1131892078755117,4.868695060217508,2.1521932436937585,Iris-virginica
5.5657656037400836,2.828732263719047,3.446570567294664,1.145584304768682,Iris-versicolor
4.449150924067947,3.2279064285453667,1.1313593014086956,0.46612987717578985,Iris-setosa
5.8561207317949675,3.6137431672514557,1.767968812142759,0.4557939248503905,Iris-setosa
6.640574325439013,2.4217635614822117,5.586557128602528,1.592050503338093,Iris-virginica
5.547014369519632,2.993821800428375,5.1485157164611834,1.6502229290480126,Iris-virginica
6.761687497373086,2.823480550468452,6.046450131041905,2.1994902951606408,Iris-virginica
6.357374873966811,2.538028221846456,3.74560521739561,1.2037123745304679,Iris-versicolor
7.350127119355674,3.3560748185684925,5.925903778753218,2.241250237927045,Iris-virginica
6.361630153956088,3.0176336459476336,5.835466967671073,2.170304960143897,Iris-virginica
5.503962107929684,3.7833377059101108,1.2703997328145649,0.556608474827889,Iris-setosa
6.018912977281117,4.0753347264729225,1.0173061658710634,0.05557258909209287,Iris-setosa
5.050235163517047,3.293060614466542,1.6254289307698018,0.29546587347689196,Iris-setosa
7.390722570926472,3.1795237744448617,5.55050145145089,1.4451488770726995,Iris-virginica
5.332449371538329,2.708770859764827,4.233837374175656,1.4319433528883574,Iris-versicolor
6.795089046259147,2.268485139839004,5.82914688433867,1.5245620170629919,Iris-virginica
7.95330465868426,2.661587564575136,7.079290832635902,2.503734772640818,Iris-virginica
4.440151194599398,3.0810148235408255,1.4577828934628154,0.056976508706024914,Iris-setosa
5.384838476243053,3.4028189678279777,1.324025148473265,0.024498981305352857,Iris-setosa
7.625406513651176,2.7704658727894125,5.8576562621214325,1.7196452348276032,Iris-virginica
5.954782358266795,2.616278555096185,4.892461876004214,1.794275535875803,Iris-virginica
6.4751629044713,3.1048495458771694,4.621938038931157,1.138913905654058,Iris-versicolor
5.748511804639679,2.4703426467270093,3.601050270521704,1.1471244308226825,Iris-versicolor
7.020992749789769,3.403070677670229,4.9253190376303015,1.4618819332283124,Iris-versicolor
6.125643231628235,3.284039713871364,4.635358901907097,1.6421468207865997,Iris-virginica
5.0660478222495575,2.7992502522476945,3.8110045124604564,1.3062642558573503,Iris-versicolor
5.234989352084249,2.244152651627571,3.7556082963241577,1.4658556729303291,Iris-versicolor
6.3370401737332545,3.2363463307176947,5.633942731047836,2.6607922250555,Iris-virginica
4.195016325816459,2.7714344665111312,1.3497591893653882,0.26165207994716294,Iris-setosa
5.271089343472686,3.3069217818251238,1.1142614779715856,0.3357175973815001,Iris-setosa
6.378902004427151,3.1156643892489435,4.736385975659388,1.300027911165001,Iris-versicolor
5.216263604172526,3.2782035843573607,1.3817321126869733,0.07423191248434077,Iris-setosa
4.49377291321164,3.22563016580358,1.1080462769953867,0.1258262490714247,Iris-setosa
5.120858718083227,2.2105360106027723,3.3934466430982146,0.8006978536569875,Iris-versicolor
5.603850587453171,2.872860552075329,3.78183488432684,1.5457875311260427,Iris-versicolor
4.904912988576308,3.244376737690282,1.6036392526731342,0.15219995573569495,Iris-setosa
6.457841479066976,3.1860632103411444,5.85343773954785,2.236192798546936,Iris-virginica
4.32332540907189,2.962586501739123,1.3952190925918369,0.03145097894517032,Iris-setosa
5.846246883148494,2.9160772771090615,4.462246783879385,1.551664136582557,Iris-versicolor
6.393716909891226,2.694325168943632,4.391651214343461,1.4474578900229158,Iris-versicolor
6.306340358076163,2.9539290432730803,4.2219032293146475,1.7557454757770534,Iris-versicolor
5.370253750303292,2.2908244648428298,3.522887849708045,1.113217244799376,Iris-versicolor
4.645475222988973,3.266868993151349,1.276703561254313,0.14156578538357925,Iris-setosa
7.576169380338384,3.000109260123298,6.314459550879679,2.1874081500693507,Iris-virginica
6.604004212506068,2.988641432219555,4.421192040748612,1.120458451810788,Iris-versicolor
6.478078701288759,2.534794654583739,5.375057895487048,2.0816841772655095,Iris-virginica
4.88599266992176,3.3228607330028006,1.7694215348759794,0.11708068593607862,Iris-setosa
5.899572279671403,2.689998748910712,5.691324176006173,1.6065746367701987,Iris-virginica
4.744692118273896,3.094474715544252,1.4532557502055528,0.2369876259552272,Iris-setosa
4.7037914134342955,2.9967989660043015,1.2321831369711895,-0.08228850552020167,Iris-setosa
5.712424192711164,2.8060308003480894,4.947013234253176,2.3950326751952637,Iris-virginica
4.5266502171435485,3.1251640802239087,1.6088374995559906,0.44853733478314856,Iris-setosa
5.055982828160067,2.2172379130948223,4.394309477131058,1.7342578309467522,Iris-virginica
5.9714231297007885,2.4970178508322887,4.769235654315787,1.680684055035538,Iris-versicolor
5.965809439374909,2.8181657915986174,5.479229493204023,1.1124541776500037,Iris-virginica
6.173329608721769,2.571298660020605,5.026869682098109,2.172113475699339,Iris-virginica
5.189435041746178,3.10515047210656,1.678593757554634,0.35864055975886505,Iris-setosa
5.33757943474591,3.196558446086404,3.5773926837099217,1.0954806908062096,Iris-versicolor
5.57387652056783,3.8500246149301085,1.4108221985154399,-0.07015890370617106,Iris-setosa
6.488363116445428,2.8922054008340385,4.965644287780719,1.2903286202886213,Iris-versicolor
5.491413769919948,3.7034656237554753,1.6741266263712946,0.5902972318690394,Iris-setosa
5.579050602070576,2.8850705510521784,5.181505181632124,2.0680179460945896,Iris-virginica
5.527428996372104,2.9617681202413975,4.146069684160835,1.5219251518954784,Iris-versicolor
6.502072418586505,2.6404826677203346,4.908555495393702,1.3126163843741403,Iris-versicolor
4.805456254839072,3.104418498441404,1.7440051449956386,0.23049613310721068,Iris-setosa
6.762149325763271,3.2388273984109697,5.450723645725099,1.8228003901156073,Iris-virginica
6.983089222841405,2.8812111302175856,4.662713496134157,1.2417306988280776,Iris-versicolor
5.425188447733596,2.4106659086418207,3.784742050585162,1.3857682291016884,Iris-versicolor
,3.0507583876100477,4.341630701787191,1.337809616068292,Iris-versicolor
6.577091255404596,3.241632092721259,5.792184722556937,2.081586711348816,Iris-virginica
5.873809676434374,2.7253823464076157,4.829108439293652,1.5469407459514093,Iris-virginica
6.114735983244521,2.992554258384742,5.8030167315000405,1.7014621257724722,Iris-virginica
4.296630618019207,2.5740109788819474,1.336288051809591,0.27656561442328986,Iris-setosa
4.764865121523113,3.06662035560369,1.7827284435066526,0.0023817808754205694,Iris-setosa
5.157469286657034,2.861113478154302,1.2591980444305662,-0.03772575792227384,Iris-setosa
5.318224199836762,3.13757801736009,4.385551317017663,1.7515402850429873,Iris-versicolor
4.501924593708526,3.0372648139849185,1.4981793764644955,0.28132672694767685,Iris-setosa
6.579861405330988,,5.150490979926306,1.582610313151366,Iris-versicolor
4.716231228398402,3.6006621293621035,1.8497210884350257,0.46671159748304736,Iris-setosa
5.377632095380718,3.7976461257806164,1.6239150282411092,0.13524656499023946,Iris-setosa
5.485673752981817,2.7348528106144308,4.613530136633618,1.955307458046594,Iris-virginica
5.962843220726283,2.626429346348848,4.58325499111628,1.247544692845858,Iris-versicolor
4.785187101308853,2.146128516244194,3.160384508594922,1.012833245559374,Iris-versicolor
5.459424109879015,2.3736039630587302,3.757629249652984,1.2582701633111029,Iris-versicolor
5.6248950224551315,4.299590095710284,1.4249116312002106,0.17353064161335569,Iris-setosa
5.172706594652346,3.617153239936547,1.8100392974880763,0.2762861924754962,Iris-setosa
7.556219424374297,4.035314218656003,6.679116631955194,2.4815246647929743,Iris-virginica
5.523544452355704,2.8408659257461544,5.040178238177777,2.126136980438972,Iris-virginica
5.109803047233379,3.582863250167002,1.417410802069692,0.508987558915146,Iris-setosa
5.439313626838888,2.7032510952428934,4.331821775261619,1.1018173586031184,Iris-versicolor
6.2324352604833395,3.2753737109979566,5.445240697978136,2.293957976133209,Iris-virginica
5.050474684071065,3.571384623993207,1.907382070867568,0.531265874767205,Iris-setosa
4.8748233049887615,3.6146643196930315,1.1854568124655174,0.433313427686953,Iris-setosa
5.073825030512628,2.532956903315212,3.1804665570169806,0.9604751474797654,Iris-versicolor
6.905302989060875,2.7251597397806377,5.194503884599064,1.4594890332327892,Iris-versicolor
6.3216079366140905,2.9556756046458696,5.940173976791985,2.4628037256205286,Iris-virginica
6.26539492592528,2.5948466076056222,5.339114034014362,2.092089405105152,Iris-virginica
6.753207283505122,3.4416143656412292,4.784500461100024,1.5805630491712375,Iris-versicolor
5.624762052740212,2.596238164775894,4.905884136597683,2.192351324942691,Iris-virginica
7.250640173280178,2.962469006039841,6.472662040059792,1.5423730226623102,Iris-virginica
5.571306236555439,3.0434565877516975,4.335551770772824,1.5571439063299595,Iris-versicolor
5.70899834868418,3.0369715850617474,4.263188223591922,0.9317999024603318,Iris-versicolor
5.89457176805788,2.2176356047676125,3.7891139899829174,1.2264677705497717,Iris-versicolor
6.2957073108218395,3.440338541554499,4.622109978195435,1.4144520801972642,Iris-versicolor
6.2455517938374445,2.4505464315380765,4.238640781368539,0.8008947538364078,Iris-versicolor
5.2180181948980096,3.5193348192660405,1.4111063872058742,0.11481010678859924,Iris-setosa
5.3292884319613245,2.321211236118306,3.8440271954171243,1.0057067105562172,Iris-versicolor
5.848705057828012,2.798304637908494,4.191822251712367,1.4323827593437257,Iris-versicolor
8.197521014406739,4.009567379856767,6.532506774743419,2.1339981308555176,Iris-virginica
6.187183751870985,1.9820152914070086,4.643005302857211,1.3379905280719628,Iris-versicolor
5.774844389353246,2.6355620207228796,4.3012287792225745,1.4069020015543159,Iris-versicolor
5.438967248322182,2.793707399190787,4.087383416987027,1.11124487961398,Iris-versicolor
4.501473473754522,3.205030765666533,1.6199459722987257,0.5318777374515284,Iris-setosa
5.770495639730159,2.5840334988281732,3.9903461142969356,1.4238826627350842,Iris-versicolor
5.709185028127461,2.4057566119905336,4.853865120036991,1.7856251290159495,Iris-virginica
5.481956199056592,2.8553912300909645,4.249874827216527,1.2034122925362287,Iris-versicolor
5.461486492944609,4.3231830622703935,1.4035682296324492,0.6405897056828509,Iris-setosa
5.70269079064461,3.101065436056399,3.34060787092563,1.4140767419650113,Iris-versicolor
5.912603628797191,2.7720860423475986,3.97087224237418,1.2995039301320719,Iris-versicolor
6.252721801207969,3.103627517994092,5.960624033271605,2.0618494906125666,Iris-virginica
4.665012004762362,3.2399000960408095,1.028091800268574,0.1884097079577639,Iris-setosa
5.747566252163599,2.789641259548003,4.008158316741138,1.2942952041837343,Iris-versicolor
4.996763875458669,2.9614576206019625,1.602995098541299,0.25151370600343526,Iris-setosa
5.635950349143455,2.9730492579637944,3.3469791021082793,1.1130815023447815,Iris-versicolor
5.012260230992718,3.25727389490961,1.5970645837240824,0.47445687078669163,Iris-setosa
5.75234966880739,2.5137242949368073,5.276856798161807,1.6282966542367265,Iris-versicolor
7.8274662741693355,2.555730227129457,6.40898756336572,1.9239970328803047,Iris-virginica
5.135383713865008,2.029000585358266,3.5320582662833013,1.24939048390165,Iris-versicolor
4.915140207721339,2.0172757854568104,3.118657271757135,1.1343605471492901,Iris-versicolor
4.985167066336111,3.468667494390713,1.3181805567723872,0.3437416796398989,Iris-setosa
6.44461918744029,2.948900503012456,5.410310301942388,2.266043670612031,Iris-virginica
6.035688465709485,2.5221207547229625,4.692455099038259,1.9317516039327678,Iris-virginica
4.915877911264585,3.9750362353055113,1.367486792378485,0.42706264131319904,Iris-setosa
4.55756876905481,2.9870268854831656,1.5010235724014906,-0.0029571796735352596,Iris-setosa
4.797926927981082,3.657449724663559,1.4535018725264308,0.47039621043809177,Iris-setosa
4.940882022681413,3.107585333823021,1.3001305030759311,0.3511318697401229,Iris-setosa
5.995718627395445,2.9038107091981193,4.4056257148029925,1.4153988823730885,Iris-versicolor
6.439486876939853,2.639888774213258,4.799223716536878,1.6382112163799785,Iris-virginica
5.115249754320946,3.336689597133929,1.16626348905928,0.3193935783692941,Iris-setosa
6.465607215386267,3.1603486205658133,4.540583143814236,1.5240628649514871,Iris-versicolor
4.829932020467715,3.1452052326100914,1.4805851436204005,0.18530141036635334,Iris-setosa
5.170049717299352,3.793104487557403,1.6596482556950936,0.3708628294508242,Iris-setosa
4.84394644095138,3.964384402640802,1.6205854180095383,0.6336884106093967,Iris-setosa
6.2649328950417456,2.28305492764516,4.729284424834356,1.322596131871872,Iris-versicolor
5.620476376352279,3.4217791805527744,1.7580556860381022,0.5836337374798857,Iris-setosa
5.428612933710769,3.126976646819385,1.3861211387232326,0.5652082830192995,Iris-setosa
6.477664318766305,3.0749420528011164,5.224284935824246,1.7613309003846855,Iris-virginica
5.306097837311737,2.2580161620220127,3.831787140234813,0.8404740314105149,Iris-versicolor
5.953080498328035,3.092009447402554,4.993533841230142,1.3959700384583251,Iris-versicolor
7.2805665320495825,3.4849422898752986,6.277366859695839,2.074621532821751,Iris-virginica
4.60014866376071,2.969081157284983,1.6849731088880358,0.16190751087333402,Iris-setosa
4.818579271214981,3.3417315043977784,1.0727500947688302,0.5772896678885908,Iris-setosa
4.536283225318748,3.0605002820935447,1.6739014675296453,0.23347747459748208,Iris-setosa
4.4283020548102785,3.437826741370031,1.4438354189179725,0.18414363449754184,Iris-setosa
4.666479501938043,3.245197641968327,1.4948773182949473,-0.023341202605408617,Iris-setosa
7.903931438502857,2.6807732271291314,6.822933554015829,2.1987000914223924,Iris-virginica
6.675797652831375,3.2629526279379224,5.2959582901046875,1.907276331492561,Iris-virginica
7.8365945380720925,3.17414313729152,6.37500231430578,1.8713485116960915,Iris-virginica
5.867515870262474,2.2336610069703666,3.7107787182659218,1.1839373253907808,Iris-versicolor
6.321655348392914,2.321775579658942,5.2324424512418455,1.8594210807530762,Iris-virginica
5.416564679455883,2.7863090933789607,4.772132317854263,1.3538997871484426,Iris-versicolor
4.882805149150895,3.9783077770392796,1.8690753157863067,0.21749333142431337,Iris-setosa
5.496030969121896,2.685868221913309,4.83896446710084,2.29116256657266,Iris-virginica
6.092281811481406,2.537983353851281,4.948462571866362,,Iris-virginica
6.722344131873984,3.222616557778768,5.877040064752331,1.9414312209557327,Iris-virginica
5.814344396809903,2.1342726549367277,3.964406503531952,0.9029911633257581,Iris-versicolor
5.0547529893575,3.1469014048050994,1.8853927613722552,0.22783519463969354,Iris-setosa
6.867581281363432,3.0681811689449967,4.722613343780838,1.13677565071583,Iris-versicolor
5.564330496173392,2.7449220684555717,3.5354096211416683,0.9669098730993106,Iris-versicolor
4.59589633077822,3.2972105964605083,1.1662901289094352,0.3254688469892391,Iris-setosa
4.972312808429191,3.363529382494184,1.4109774387965754,0.4735695072665149,Iris-setosa
5.433029270361496,4.175512101540608,1.35895425441581,0.2850170789944876,Iris-setosa
6.094282701083868,2.7483267800747466,5.428943471402662,1.6282434250929663,Iris-virginica
4.922618491541627,3.113955629573719,1.3870980552813452,0.21570450017690648,Iris-setosa
5.479069661574753,3.717359083236433,1.5735289991053276,0.587447520688247,Iris-setosa
5.041299931674808,2.9892155579964945,1.3373085389970139,0.4162452182319373,Iris-setosa
7.759118985888383,2.841523167715905,7.178755677450134,2.288033250968908,Iris-virginica
7.7768706374606404,2.7374145694746668,6.854253362859815,1.8025838875337286,Iris-virginica
7.2576780565953065,3.3686263420891898,6.129614255450964,1.6968512908903992,Iris-virginica
4.727645142747727,2.7636479296702783,1.4412327982648152,0.28573327205995863,Iris-setosa
7.127146878097697,3.349500070100477,4.82240596764489,2.1469256527886618,Iris-virginica
5.209839788505602,2.699590416039582,4.106454225405251,1.1229676433634577,Iris-versicolor
6.331113406897338,3.053415384562249,5.364458936972842,1.9230978736340902,Iris-virginica
4.748683898241756,3.6700715476779084,0.9007367504962418,0.21526137999658435,Iris-setosa
5.809910820604313,2.767571981056216,3.9701191459078116,0.7506584541266343,Iris-versicolor
4.884380556027042,3.10704448762469,1.383328013087467,0.34954300529259136,Iris-setosa
4.371406395157213,2.28052041417976,1.4373248647293022,0.4546013996540061,Iris-setosa
5.739178343629468,3.1237754096090775,5.0969773111606225,1.940382661770939,Iris-virginica
6.710571088464483,3.263186927302738,4.955923380443781,1.2609079825837952,Iris-versicolor
6.026946804923261,2.3981868238216357,5.714364393364724,1.254483646343283,Iris-virginica
7.687924977922566,3.839497587272488,6.169094246907634,2.2129944098743923,Iris-virginica
6.651711393299809,3.140626647799703,5.045841166238488,2.068494240169516,Iris-virginica
7.849216021834659,2.9618075314382777,6.621874311801875,2.381439116995123,Iris-virginica
6.793805546291648,3.003112555142914,5.7247586591961666,1.9876278683185675,Iris-virginica
6.331426694307816,2.870883632406864,4.636867925263008,2.0485255939108282,Iris-virginica
4.286171037041594,2.076101870874592,1.0532011214156307,0.4477804003498305,Iris-setosa
7.158064459537867,3.048980983855458,4.953955019332506,1.5229644483206148,Iris-versicolor
7.868545525483277,3.973492348992164,6.43378848058624,1.9727093450280757,Iris-virginica
5.248885275387849,3.4229615854472275,1.4213966669998108,0.11747353404463906,Iris-setosa
6.173439056614125,3.1457895242968923,4.565029725623544,1.531747675065654,Iris-versicolor
6.674338326446076,2.9090482136412765,5.803979209603301,2.3955073711331965,Iris-virginica
5.204570890318675,3.556455897040503,1.4273375666751897,0.30292622728378743,Iris-setosa
6.089796978117851,2.5645469763505666,4.698608270475503,2.036305771678569,Iris-virginica
4.778903420323875,3.181103517810381,1.5578745590459537,0.35764495326008955,Iris-setosa
4.7765834558833005,2.7861744074189536,1.6882456892240771,-0.10596084316282287,Iris-setosa
5.430019319789641,2.2962775750802304,5.203526064934134,1.8991248867619326,Iris-virginica
5.333261985746874,3.7234507865671382,1.7278464150243877,0.27255958971737887,Iris-setosa
5.044551810609488,3.6293534133928764,1.2764839833725474,-0.09871859239901842,Iris-setosa
4.677913388142959,2.6964917435947777,3.3049282486951497,1.0882498687236022,Iris-versicolor
6.462547973654641,2.5854028635828303,5.425652470928664,2.1267086341862163,Iris-virginica
6.013547604768628,2.5692962038799125,4.902973137207253,1.9058634825946787,Iris-virginica
4.874858938073726,2.667856041293633,3.3683308674179133,1.1731457396421294,Iris-versicolor
6.792229087756716,2.8180319694152214,5.876784830220595,2.1637746761396306,Iris-virginica
5.927426188525686,2.669747211541838,5.650834369842573,1.1208410860463351,Iris-virginica
5.227290384434539,3.6177367245670347,1.435473227774041,0.41280189897345576,Iris-setosa
5.91664688163043,2.8713561668322907,4.831357965079411,1.7888708438087737,Iris-virginica
7.498101882361858,2.8169737865542857,6.637611906575443,2.3682811579496206,Iris-virginica
5.614238889371663,3.3229784074212456,1.4054763784008222,0.48867141401576375,Iris-setosa
5.79986765041615,3.8815895936654017,1.8147099471985348,0.19672643604663867,Iris-setosa
5.90456598208079,2.901113000147943,4.985299750431266,1.1210193708774983,Iris-versicolor
7.155499791359394,3.084807376772512,5.51486777782276,1.868369408562043,Iris-virginica
5.317741525815801,4.021102423109454,1.8382613834239097,0.1889369189045984,Iris-setosa
5.8350256660080415,2.343042190567679,3.268922219803396,0.9155733998407206,Iris-versicolor
6.69577754827488,2.898826949710774,5.471163354716377,2.0686428722663917,Iris-virginica
4.682420405792422,3.490017266808905,2.0144232924394627,0.07216513398929181,Iris-setosa
5.503896881842389,2.8490332732623957,4.34291292990833,1.4914956967492747,Iris-versicolor
5.2991888751731775,3.3225429978686924,1.450678857909857,-0.03559025056025522,Iris-setosa
4.728430759254205,3.61743258413894,1.783488628120645,0.42119676541915485,Iris-setosa
5.382594582655364,3.432395400712194,1.5167687513593335,0.20322405252425757,Iris-setosa
6.097233718312628,3.3784427410089948,5.599370699769847,2.3995288081034842,Iris-virginica
5.881621737371737,2.6261465864385727,5.012907390008661,2.2041865704284778,Iris-virginica
6.176374746879206,2.4127790292531004,4.407090129233158,1.37498556927846,Iris-versicolor
5.270173826668425,3.438442304225183,1.5380120659812646,-0.0563376105242655,Iris-setosa
5.822932371809406,2.6584156787453734,5.254908232397818,1.6497919513323376,Iris-virginica
4.8467208433062945,2.1928146987518193,3.3167925783600607,0.7438238203643772,Iris-versicolor
5.98410212655731,3.1523116544590226,4.901064710001857,2.0140281741545345,Iris-virginica
6.661654365499269,3.50044832954246,5.918140685410879,2.265958899863931,Iris-virginica
5.197954660605894,3.1309832805785494,1.5228363578653292,0.02898034031895602,Iris-setosa
7.910688726786558,2.690054237601974,6.725725792439174,2.2890392187806516,Iris-virginica
4.730800339923258,3.341766033730479,1.615972447172093,0.27231676577013536,Iris-setosa
4.893666450573734,3.2940213722516463,1.7790424720575595,0.44816459000432296,Iris-setosa
5.6981706217051045,2.524199071553743,3.8555170290187504,1.5153746187055461,Iris-versicolor
4.337365054145538,3.2412424784044718,1.5122090861467314,0.4341890229247697,Iris-setosa
5.404520289759768,2.2736527198939918,4.029587773985409,1.582412711941726,Iris-versicolor
5.319067654128544,3.4739485820826905,1.6943551299089075,0.039040997051860954,Iris-setosa
4.841515755946736,3.113128456163387,1.5677337422440174,0.11988780599875457,Iris-setosa
4.447226327783318,3.2631971254484284,1.6554963034100305,0.2050507573564265,Iris-setosa
4.628033418578418,3.6916550481434554,1.172678314712311,0.39831543918936224,Iris-setosa
4.992448462572295,3.7414740746100152,1.5940391459859777,0.14918553433569587,Iris-setosa
5.190477406631859,3.429796934591906,1.4112065686089803,0.012454051140462441,Iris-setosa
5.114851320303547,3.1826963696625006,4.545810513687088,1.6253400354812046,Iris-versicolor
7.120475355769673,3.0123710485542823,5.2466065820974235,2.4401917987803037,Iris-virginica
6.3704500519570715,2.7990429294110273,4.819470264191066,1.541340027320481,Iris-versicolor
5.435510609639134,4.156240592881031,1.6963286675676623,0.5000441427258889,Iris-setosa
6.107123680405007,3.5450205498907543,4.761516961504371,1.71892490835963,Iris-versicolor
5.568499107295856,3.0987497156716715,5.1544563597690605,2.1764361395444354,Iris-virginica
6.489576523198202,2.7594329081329545,4.605205033696809,1.2204984996034793,Iris-versicolor
6.7615929423917605,3.0667709298601475,5.027921380653448,1.9814353252316224,Iris-versicolor
4.98564454046943,3.186869295864627,1.8154701366494772,0.4076461251182158,Iris-setosa
5.405250398154021,2.9461340157248745,3.9574712072234854,1.5127834625591032,Iris-versicolor
6.952536042481946,2.9487034306674365,4.5959808029287315,1.5405464463748406,Iris-versicolor
5.095941061012301,3.431393060815715,1.674759412529186,0.14748882102956185,Iris-setosa
5.901055242787095,2.987951822434258,3.728516838582073,1.3096177446104726,Iris-versicolor
5.826036977089705,2.503083545514645,3.6192056400638277,1.0691263715192116,Iris-versicolor
6.589870409793822,3.478194294235066,6.163029121973926,2.3526424048571988,Iris-virginica
4.813701277920289,3.7440581438204457,1.452969104285987,0.5537494320485086,Iris-setosa
6.109459511819983,3.105472055865694,4.758899015970484,1.8079231589654103,Iris-virginica
5.926172765819939,2.9378052215796995,4.687705373880368,2.086846679865697,Iris-versicolor
4.99273727190095,2.879233241125356,1.4621837391241361,0.3209556530833244,Iris-setosa
6.576812665311155,2.998587393187653,4.515113810729795,1.286861952707564,Iris-versicolor
6.700573624112492,3.2397691846910024,5.283049613941194,1.514904971409436,Iris-versicolor
5.433542731217886,4.222225856955109,1.3463973014965698,0.41062465376158297,Iris-setosa
6.161174903792143,3.227980303680555,5.661131424689503,2.3172685489778204,Iris-virginica
7.225188067992034,3.1602426877952627,5.816143648814557,1.8385617015222346,Iris-virginica
5.327062781685372,2.941864455422742,3.4543728663517803,1.3545362724902268,Iris-versicolor
5.367985343100711,3.035576705043036,1.4580035352508076,0.36934694848448274,Iris-setosa
5.702722319428668,3.005541067790281,4.1515034325915,1.1531697231219895,Iris-versicolor
6.699456929187857,2.8134525532660954,5.512581433965953,2.343703347732804,Iris-virginica
7.172399000394257,3.400039028922352,5.918264435338602,2.07060043232539,Iris-virginica
6.767682260637222,2.979508266005573,5.615762890035089,,Iris-virginica
5.070517788957179,3.686006435378414,1.5243954154151869,-0.08062965763830543,Iris-setosa
6.294413319867065,2.6294342535991095,5.562194225048765,2.045239069705309,Iris-virginica
6.702499616731065,3.5021181639507777,5.489399048738877,2.342315385764878,Iris-virginica
5.179961474682985,3.2227175974476596,1.3901064064588438,0.20240406050689452,Iris-setosa
5.612165761153119,3.5681531535913,1.425950412075938,0.11660006117006963,Iris-setosa
7.128946096250869,3.3263812844658527,5.664373373420948,1.9014765979814414,Iris-virginica
5.7686626533092875,3.2366736347830134,4.341438430048381,0.9139000410065279,Iris-versicolor
4.775400625357311,2.795386632537351,1.4296488061721124,0.26174240336918875,Iris-setosa
4.988475480635174,3.4107297991465737,1.3112026027591455,0.35267904936335076,Iris-setosa
6.1754477655780775,3.014329585669304,5.340841711188125,1.5179470688446899,Iris-virginica
4.849063284367011,3.199281553127379,1.5606228246407798,0.16920347624304644,Iris-setosa
4.615448319659136,2.752609785892081,1.3301990394523906,0.32395526619849824,Iris-setosa
4.268019871072882,2.245241935970117,1.1470362879565386,0.03920052879705982,Iris-setosa
6.796327422578938,3.2580658860217953,5.166634752262197,1.7110457541705322,Iris-virginica
5.4472717663081704,4.090998958170198,1.7905052503015346,0.11491467765250679,Iris-setosa
6.356032610291921,2.4966193371101824,5.164952029076711,1.8570036416068803,Iris-virginica
5.27247268702488,3.5813828880966763,1.462952337324795,0.14209366580407948,Iris-setosa
5.980131476078192,2.806616851898289,5.2455299670504,2.0321914148662574,Iris-virginica
4.99626875650371,2.8504370615877375,1.793379318110258,0.3385295193436056,Iris-setosa
6.891015981273567,2.990602778656043,5.375509367302937,2.2921606083109873,Iris-virginica
6.280846946016215,2.9459068731830262,5.65774398797399,2.2743375891169024,Iris-virginica
6.814990408159448,2.824918559506205,5.783102050819643,2.4687433390504667,Iris-virginica
5.632624390819285,2.9378729334238898,4.362838964025675,1.4924432084589405,Iris-versicolor
5.750769687308237,2.933086783339788,4.093535009581628,1.0230175827741927,Iris-versicolor
5.495640296179667,3.037476587625595,4.001166491809074,1.0234781153820716,Iris-versicolor
4.754350229399398,3.2991455691030147,1.66482408994134,0.19684683249387644,Iris-setosa
4.026833262469838,2.8222899574627047,1.040315578181401,0.10974075383373808,Iris-setosa
5.697869192684503,2.7219812209569647,3.9127545725333204,0.9037616960523532,Iris-versicolor
5.723439812781491,2.421549822903324,4.1310534401433205,1.4633499261477032,Iris-versicolor
7.82625294879749,3.878297383796539,6.605906893717214,2.2603465929606137,Iris-virginica
5.645490298622379,3.632945591368848,1.7807999035574773,0.11972761302295393,Iris-setosa
6.339260688414237,2.799978938703469,4.369876386522094,1.307001830932887,Iris-versicolor
6.964225186353922,3.0251781131778612,5.346080069165238,2.262438113310191,Iris-virginica
4.80005963892973,3.496594336535208,1.4914710722020459,0.2615519287274922,Iris-setosa
5.878161247210707,2.7406108366885022,4.691564253577849,1.5708704990876319,Iris-versicolor
7.275756320577706,3.39659405794159,6.125442686448409,1.556992370085823,Iris-virginica
5.879353495047194,2.6124912045268847,5.138213218238566,2.1257718241049277,Iris-virginica
6.969226878228506,2.6444300137765424,6.044212360793822,1.6724232277886522,Iris-virginica
5.746382049089797,3.1299586824385472,3.943402706913439,1.274033907110733,Iris-versicolor
4.4855670037726565,3.213395560397294,1.3740266566768942,0.17215538255692292,Iris-setosa
6.6153065108087885,2.5151608918801167,4.835745320144375,1.5742589547602255,Iris-versicolor
5.736772511528995,2.712870231873818,3.661149315236246,1.0674203286465715,Iris-versicolor
5.01841903957099,2.7293265206540793,3.6121776637578074,1.1233181119097557,Iris-versicolor
4.9111271212943866,3.211981666777101,1.4256877291769097,-0.032160915924041744,Iris-setosa
7.889331349153646,3.614147928935418,6.421354068295479,2.1052566025731463,Iris-virginica
5.5433394807794905,2.981820955597256,3.4358939960628563,1.502032085026209,Iris-versicolor
5.319329230465641,2.6762328064488528,3.9603622035932626,1.0358921324182842,Iris-versicolor
6.161918017437465,2.743504844176878,5.852745860167963,1.8912500391180642,Iris-virginica
4.990952680070192,3.1502812756524494,1.594179100082235,0.004246892257648738,Iris-setosa
5.737843926413309,2.073125917482288,5.129297912221445,1.787180320955456,Iris-virginica
7.655262178228024,3.2905316647618315,6.5618093341889985,1.8373053410417,Iris-virginica
6.77567737757782,2.9365598044706194,4.91798199055039,2.313318778608696,Iris-virginica
6.022536027400294,3.135334718907881,4.648155346156894,1.4425718621056012,Iris-versicolor
6.012278620905786,3.1012034651166895,4.606782505590406,1.3448099513107596,Iris-versicolor
5.090130113166214,3.8549960496578546,1.7007446003947484,0.0434047725446528,Iris-setosa
5.6152628011595,4.18090803731346,1.4200662220488587,0.4354144502086521,Iris-setosa
5.639045673947442,3.359401904910068,1.2048743471065737,0.37016739002480636,Iris-setosa
5.552770539630049,3.515907404651271,1.7880359706239466,0.4055678191257519,Iris-setosa
5.21365832084683,2.5386909539879157,3.6221618023701363,1.2491085575827272,Iris-versicolor
4.9400384217815,,4.625043305310323,1.9400717307322455,Iris-virginica
5.888246083815152,4.192405921515061,1.0820805322210056,0.058627551264997496,Iris-setosa
5.7594345305319745,2.3708544828547793,4.522778161806528,1.2956494684244395,Iris-versicolor
6.637180831834788,2.88048247022015,5.223014969422986,1.93917742147693,Iris-virginica
6.434426766408294,2.2553086816102064,4.957512450005908,1.770613723626834,Iris-versicolor
4.898366667863068,3.462449415840322,1.4649006669614046,0.3540452246983659,Iris-setosa
6.1539076064970635,2.88736659640263,5.132243664290741,1.7000150456736367,Iris-versicolor
6.34904775331868,3.143851621655457,5.480585257005954,1.9519982982548858,Iris-virginica
5.224329144310358,1.7302909150992494,3.4075865307261983,0.9104277880801597,Iris-versicolor
7.515693085936807,3.052868905115133,6.504063462681871,2.3324886861049636,Iris-virginica
6.275135240723211,2.391021211553937,4.2719228871558625,1.4258524427339543,Iris-versicolor
4.131873789174281,3.1501993231894456,1.2240884078491534,0.31631635227259475,Iris-setosa
5.0171288269533925,3.2701924622987217,1.5813757803540436,0.35315857818849855,Iris-setosa
4.355351811986434,3.089051528212511,1.4882778579533344,-0.08037589428441488,Iris-setosa
7.828628363690054,3.0631554409556085,5.944325037884067,2.1735225537473566,Iris-virginica
4.895575183431906,3.7889010780036685,1.2943137199543888,0.35954934060172217,Iris-setosa
5.359935895142874,3.8108563830387303,1.9595024941103576,0.5625611602199232,Iris-setosa
4.620868349688712,3.0499040649528006,1.7575366951139095,0.06335265212463351,Iris-setosa
8.199619687531156,3.615306853240462,6.253080349229354,1.983253835955582,Iris-virginica
5.733930959448195,2.6710615315279878,3.706328986846705,1.5198542095063858,Iris-versicolor
6.216576328390048,2.948550850415509,5.3045241189510275,1.8796547165502517,Iris-virginica
4.7608756786906845,3.4162217767744556,1.4965305223592966,0.16318807733683888,Iris-setosa
4.563627093472963,3.11789579088746,1.3811760688287433,0.03462473938752286,Iris-setosa
6.363756201752106,2.996208752161743,5.079331187040889,2.056457994343007,Iris-virginica
5.888085382456356,2.7678515050778394,3.9116593427461184,1.1045270080740763,Iris-versicolor
6.432151377455319,2.7749850419904507,5.117666822649784,1.779335041877119,Iris-versicolor
5.6488944809278525,2.9994863788785606,4.82587493613447,1.9399265018023097,Iris-virginica
7.351246534494725,3.106830617606998,6.301535229085148,2.0246835275386768,Iris-virginica
4.552338093942776,3.305738123186671,1.8164858036362725,0.40508333848007627,Iris-setosa
5.528479279571063,2.7792922391253954,4.61250205637873,1.222679900390054,Iris-versicolor
5.426010312872783,3.4984208194863315,1.3123535543413405,0.44035798753550437,Iris-setosa
5.9130099786579295,2.900959823637141,4.500325072644138,1.4920643411338932,Iris-versicolor
5.799679997222985,3.014742290552378,3.9826822100332273,1.176446399643095,Iris-versicolor
6.5468031406562845,3.29661249337253,5.278168576267001,2.048726355956161,Iris-virginica
5.531490111060416,2.6392948941733634,3.4666347278954146,0.7230534219062037,Iris-versicolor
7.013405487926369,3.1349893995447795,4.830480779247547,1.1636234567950337,Iris-versicolor
6.230223311634299,2.654622184230974,4.775709229179971,1.733001108577859,Iris-virginica
5.360081254857365,3.6560685126673653,1.282353192309638,0.48013263740643375,Iris-setosa
6.742811400315942,3.023224771886518,5.668213924471128,1.853302415845155,Iris-virginica
6.395356703758913,3.412550095122145,5.138209553789252,1.739574178932961,Iris-virginica
7.020112308985859,3.035068041215818,6.044396633772625,1.8457846355526015,Iris-virginica
5.704793795758142,2.8668708593307595,3.9235333197932905,1.7895760636828675,Iris-versicolor
4.177568051161364,2.8180155168568493,1.024180296405291,0.258774969591968,Iris-setosa
6.12556822321887,2.843797591082862,4.967369086442823,1.618251147199884,Iris-virginica
4.681818602157418,3.151782197881567,1.2475099481114467,0.32497523894320174,Iris-setosa
7.567533705654147,2.403842739420232,6.725436802182366,2.578558987691458,Iris-virginica
,3.264649642962863,1.1233087007444509,0.18074354517166197,Iris-setosa
5.404783135882692,4.321159657188965,1.6747549368724437,0.39757241624760764,Iris-setosa
5.037640055849165,3.570734940600772,1.7076091233882065,0.79860073940323,Iris-setosa
6.736869979603716,3.2197032347576258,5.349748699108718,2.13711563570708,Iris-virginica
5.774646159121286,2.7025608461816293,5.075695177497473,2.1365414405968997,Iris-virginica
6.492517250934082,3.1155906726716562,4.094771645980728,1.5149418027864756,Iris-versicolor
5.126904305035765,2.9513132165201594,1.2234477890434423,0.04414683588029181,Iris-setosa
4.855081280808572,2.981380335139702,1.1647424214633477,-0.0515035037864523,Iris-setosa
7.07458202446959,2.8889732401681707,4.889201325034971,1.3253061051447323,Iris-versicolor
5.570508944796721,2.870248529937022,4.222927542106982,1.2726364158674208,Iris-versicolor
5.762394757818524,2.690961440938854,4.7521288608870105,2.059714250655627,Iris-virginica
7.487203772364735,3.241831743941245,6.069752903474726,2.5758950724284797,Iris-virginica
7.939723249582155,2.878785615743019,5.816232766617027,2.119912969411807,Iris-virginica
6.6187317242892885,2.879582683182223,5.7672564449949215,1.9806182465542974,Iris-virginica
6.294735613551589,3.5689463168721436,6.030028575343653,2.4876686763163502,Iris-virginica
5.089420984235411,3.5788502374142412,1.4799720410609976,0.23863686030868542,Iris-setosa
7.337205251141185,2.984131035323648,6.041169427264519,1.849231946646562,Iris-virginica
7.620020831910478,2.8413783901622827,6.449464836573034,1.8468347439009867,Iris-virginica
7.138011197246732,3.261980541236065,5.73286097678461,1.8028830969531762,Iris-virginica
4.996401830921997,3.958400147698237,1.2632268060496794,0.5077511847552661,Iris-setosa
5.861815329660808,2.4636564287900784,4.092698321631596,1.4586602061990839,Iris-versicolor
7.7371537702678435,3.219716049461714,6.150136863808713,2.3042757276922803,Iris-virginica
5.206022990976318,3.5441075505535715,1.28286275619699,0.608913892362015,Iris-setosa
5.38766332738097,2.7688675992514815,4.387380997900035,1.5249425189960248,Iris-versicolor
5.299468783941864,3.1825885988454568,1.3147300187403126,0.19628492207577014,Iris-setosa
5.003500236387857,3.307337152015513,1.892492819853877,0.12581265983914358,Iris-setosa
6.616678956960726,2.7042890702294566,5.075483367249119,1.48269233550801,Iris-versicolor
4.6906932685729394,2.512950568408571,3.5725865915532276,1.0490424047056863,Iris-versicolor
5.5916965576981665,2.664636837214533,4.95322396252006,1.6981602078007534,Iris-virginica
6.532688685646313,3.394623970043841,5.714586691035129,2.2788597870383103,Iris-virginica
5.96775920989188,2.7573004841297544,5.293815736131368,1.8846761860548744,Iris-virginica
5.69650228099754,3.269262089052253,1.669505204582032,0.6667569727914167,Iris-setosa
4.871652019457481,3.9740288023682613,1.6832083199758725,0.21840511341933133,Iris-setosa
6.181573468494054,2.5487739807614833,5.38013104557988,1.7800391452604802,Iris-versicolor
6.047271883105936,2.4884651260928847,5.320956833393025,1.470746204808825,Iris-virginica
6.734023018429023,3.0991382381749495,5.840857194197892,2.127674637617244,Iris-virginica
5.087421338439711,3.5665168491597607,1.5147149693582778,0.24224780949498925,Iris-setosa
6.393423167124989,2.6715890006053122,4.930111064544522,1.8638436678374124,Iris-virginica
5.194792416064849,3.3753423931371453,1.5578433353735255,0.047735311754346504,Iris-setosa
6.225730691365739,3.0921013347550015,4.5312865124255115,2.018437205282255,Iris-virginica
6.725679021117917,2.65190666076892,5.089657154123181,1.4624492097534059,Iris-versicolor
5.598173307110824,2.238653028495809,3.6753585480256397,0.8676755609935625,Iris-versicolor
5.239819485666256,3.92601248565864,1.7765412604450053,0.44285136307593465,Iris-setosa
5.2596243647955285,2.0874128048189444,3.4426347947142513,1.2234515296911197,Iris-versicolor
7.128279795972858,3.1287574936645854,5.359665532252734,2.0800648180481796,Iris-virginica
5.912512985011138,3.0559186914991674,4.118893843061062,1.352433408856009,Iris-versicolor
6.178799226457293,3.1636077401875493,4.242473442330336,1.3687379352397098,Iris-versicolor
4.722042356519363,3.505914419098499,1.1721967091621162,0.037438457596589036,Iris-setosa
6.6693668418868155,2.8088964009952533,5.6074213682184215,2.665307635271102,Iris-virginica
4.952523569012701,3.5991644606573354,1.5797896048369744,0.2387155302866532,Iris-setosa
6.361895298708638,2.884088395592836,4.19237643993549,1.094651700827741,Iris-versicolor
6.436679899895985,2.6808674633967393,4.937746022356335,1.6005369315946618,Iris-virginica
4.986546459756841,3.9118924230916527,,0.28060276520430866,Iris-setosa
4.116479570507138,3.1217233573386136,1.4098897186778832,0.18060525448455295,Iris-setosa
5.018413817392701,3.884507269473213,2.0542139166896614,0.6268362105323722,Iris-setosa
4.499155762573229,3.0282418033824943,1.4102767267228724,0.20154540450820618,Iris-setosa
5.814215926214487,2.4552241179141325,5.067925119426277,1.4219477781648358,Iris-versicolor
5.414185182699307,3.6577656471361575,1.4971864129389305,0.4572075260393452,Iris-setosa
5.841032573714077,2.3859122271490403,5.080183498689818,2.227838253671106,Iris-virginica
5.378666396836496,3.4469993625871562,1.45193376092042,0.053488028266708065,Iris-setosa
6.767359786315529,3.348254702270538,4.7587886863639115,1.5241074797273169,Iris-versicolor
5.213369073255762,3.640282623885837,1.8323523714875718,0.35985785370993256,Iris-setosa
5.077805847522974,2.357323095774181,3.0546450407625936,0.9795155719890389,Iris-versicolor
5.957487875597191,2.2694992910267238,5.216423799591501,1.8365772388043256,Iris-virginica
6.453836197374811,3.1682510417642047,5.850194403338633,1.9092647803300298,Iris-virginica
5.810762680760018,3.032641213750829,4.982421583000606,1.3548836330402811,Iris-versicolor
5.975049563520716,2.6274523863066293,3.286370655108715,1.053534335173651,Iris-versicolor
7.3553953580302585,3.136220403842479,5.580692401829343,1.3861831261136575,Iris-virginica
5.438001669683801,3.2522885686268053,4.4927100273305856,1.1553431067362394,Iris-versicolor
5.434554879837831,3.7967648782973873,1.6789005186622075,0.3100541229184523,Iris-setosa
5.797866551519949,2.9505800930205255,3.650046280543658,1.4344225307301715,Iris-versicolor
5.975493820200985,2.7527721313395155,5.396024943650137,1.6830689686811617,Iris-virginica
6.244649744630131,3.0496766025947144,4.795070752482269,1.5442512331105038,Iris-versicolor
4.359570534260114,3.168277852621665,1.5247584658499844,-0.09470275843831172,Iris-setosa
5.623963581968969,2.9512139760183445,4.324060038086801,1.186098173350451,Iris-versicolor
5.686525057347674,3.6385996534890843,1.2510305267832453,0.24874550296078252,Iris-setosa
6.408333184313317,2.5412790636008626,4.9727388933773495,1.8693553559126346,Iris-virginica
6.440690434526055,2.7050656787819136,4.654715451573364,1.9714752334907706,Iris-virginica
5.873846941841455,2.7277726890935567,4.8326501630677985,1.2864999339415457,Iris-versicolor
5.713888884459786,2.828131758999,4.306526645074026,1.0836874371215273,Iris-versicolor
7.276859065417545,2.9746096464437355,5.7059652759631305,2.252309299571865,Iris-virginica
6.807919350280263,3.015633016332698,4.844100989001979,1.3274946015827231,Iris-versicolor
5.528940546918668,4.147129191390016,1.2649578779905735,0.24054801398823364,Iris-setosa
4.897606304363446,3.190864808780562,1.3675903275018084,0.04147693361492935,Iris-setosa
5.901694046591208,2.947007213441039,3.8191870938959065,1.210689882582546,Iris-versicolor
5.725692437613585,3.3247726136769886,4.6607466427644555,1.583165848587716,Iris-versicolor
6.577985179086962,3.331940436248246,5.361858033560517,2.128352840830189,Iris-virginica
5.8527943249322805,3.016184573206233,5.0438604303239085,1.8599503808538655,Iris-virginica
7.546558042405942,3.030148241915203,5.984970068192067,2.213354287226503,Iris-virginica
4.932079939520384,3.7667010313642457,1.4505624830877073,-0.09751176685418084,Iris-setosa
4.8663815628157625,3.4835547948068926,1.8768541883196008,0.288260895737121,Iris-setosa
5.482753758184534,3.182389407427968,4.261031218793536,1.3986332114941105,Iris-versicolor
4.623350983983912,3.0694828988222795,1.783745011666784,-0.07112544141758304,Iris-setosa
4.6690644857536014,2.9303635125727334,1.6201507595679694,0.07739382191638308,Iris-setosa
4.743668361651542,3.705517545878073,0.8270309187575248,0.27915943871756194,Iris-setosa
5.89647864299818,2.479923975751585,4.114277036067516,1.2044601485993522,Iris-versicolor
5.593777414761679,2.174872350167278,4.089094868668694,1.4021675718171034,Iris-versicolor
6.963506660541433,3.169178170247765,5.779685308335954,1.3259600811693502,Iris-virginica
4.999785250109565,3.1931889279808128,1.1889296262472775,0.21123433783401857,Iris-setosa
5.186226874148204,4.014256630145966,1.6524252276011713,0.3078364415606805,Iris-setosa
,2.576254882626381,4.850581446113814,1.4679506358216599,Iris-versicolor
7.269469655872111,2.607202645424858,6.3795165995702625,1.8400856501282175,Iris-virginica
5.836563508269451,2.8251677437319995,4.695184891843634,1.0969810524585792,Iris-versicolor
6.8861260539485905,3.0830369306323173,5.012930107940211,1.1607182675978414,Iris-versicolor
6.109624704375835,3.126521427679286,4.492937577275516,1.0843814639702491,Iris-versicolor
5.303215561229773,2.2694554173662578,3.1659794365993217,0.9773051495012399,Iris-versicolor
6.981218717329659,2.947698101297591,5.222334955248885,1.7343057934078754,Iris-versicolor
5.225595920573999,2.9312705948791247,3.8518585455457073,1.2647527974307873,Iris-versicolor
6.4309365777010035,3.2045548326266537,5.716128237536959,2.489797338883465,Iris-virginica
5.116942239671612,3.789382238079174,1.5955958304850044,0.3655746157414749,Iris-setosa
5.019489329635779,2.5457382002545548,4.684499123251562,1.481452731007904,Iris-virginica
4.306829372189632,2.602454478100314,1.1456661017305474,0.20210809703679677,Iris-setosa
6.5681056739670005,3.2671062103543784,4.901962495691651,1.8555856503117905,Iris-versicolor
7.185739946020657,3.4237842148461963,6.326255721828042,2.5902061146477093,Iris-virginica
6.272706924212359,3.0693032484368805,3.9145358438186846,1.3492022301854862,Iris-versicolor
5.738700876079108,2.3457630511766636,4.324471288662049,0.9403771471894347,Iris-versicolor
6.090686467978148,3.5827786556256425,4.667438717634643,1.502178510749702,Iris-versicolor
6.4928047202333214,2.2195111532822147,4.9858185654302085,2.134145581007093,Iris-virginica
6.508913171876669,2.840409525975618,5.811115789827868,2.077802863133506,Iris-virginica
6.672727882864671,2.930608544117809,5.074181890381155,2.1949003450159026,Iris-virginica
7.025414421094379,3.3057287086259373,5.812921060825596,2.010482568218472,Iris-virginica
4.885782446553705,2.9481197526039,1.591170913803821,-0.07785384413107785,Iris-setosa
5.096081948119655,2.347185415087102,3.518288240611589,0.8734204457697528,Iris-versicolor
7.345928886934752,2.6528867232189444,5.913674562001903,1.6331530586973013,Iris-virginica
5.156084343973873,3.216822289748252,1.5456874887055811,0.41137742970581215,Iris-setosa
4.898876715744332,2.4959626703368456,4.624333800094739,1.6095905555540324,Iris-virginica
5.191458504366037,3.713752199173484,1.3210021446542988,0.1332186932029578,Iris-setosa
4.802553691002107,2.8603481258504346,1.7665489098032783,0.19555033632579405,Iris-setosa
6.25268009919549,2.30974111152076,4.73102040395991,1.7436590743089357,Iris-versicolor
5.573252843222143,3.0862127023670793,5.067545984884038,2.1819828958674496,Iris-virginica
5.531031113313242,2.3488897848920494,4.9194702157039805,2.1214147932425713,Iris-virginica
6.6205366753844395,3.393267184963219,4.21420198318536,1.1203611324403258,Iris-versicolor
5.059046439686599,3.745559266533995,1.6392951160873093,0.15357052541310506,Iris-setosa
5.585626860271673,2.717503905572895,3.9571307339382686,1.2938874218448553,Iris-versicolor
5.044038029488272,3.209314296219683,1.4430637217102351,-0.01591364108458071,Iris-setosa
6.650759636500888,3.2530910497366645,5.554209000925199,1.9963660958196927,Iris-virginica
5.313702721147158,3.4742872862451084,1.725533687485021,0.26860773083629563,Iris-setosa
4.718005337299813,3.20919803037179,1.5033632776857127,-0.18526670412093435,Iris-setosa
4.7056167879628825,3.319507408548271,1.7430420615675901,-0.0847201354438332,Iris-setosa
5.410541473414084,2.596249747622789,4.090141663797867,0.8054974469214795,Iris-versicolor
5.082246620722605,2.5521480746100216,2.7481904835778446,1.2638633044600602,Iris-versicolor
4.594888187228351,2.936091617646943,1.8875730223009428,-0.07241900862946782,Iris-setosa
4.290037877451369,3.281282418147738,1.5034978529884233,0.27211606574992553,Iris-setosa
4.958112221875706,,1.7542767655554097,0.10940313978630531,Iris-setosa
4.6330425296290265,2.687783610279244,4.368576862150285,1.540552633823603,Iris-virginica
7.1770685304986825,3.1586647842195976,6.090493668872415,1.511007756911571,Iris-virginica
5.379102779304182,3.5456318521688646,1.622588073064859,0.45699996800812004,Iris-setosa
5.134060632380427,4.193128963028883,1.79935543188027,0.32647110592514683,Iris-setosa
5.316072847966939,3.2130038389081856,1.558007893813629,0.24440111064697512,Iris-setosa
5.897271911449678,2.5521818761156276,4.640212809896802,1.170243475301195,Iris-versicolor
4.815692676291978,4.072762875116967,1.5226822671535842,0.5912306537576264,Iris-setosa
6.857095689208961,3.0871394048660163,5.558057511279396,2.308164485912789,Iris-virginica
4.905780603359706,3.4081657712262987,1.827285453813012,0.36878558991237265,Iris-setosa
6.063661630727553,3.157274673341187,5.044874188195866,1.575731806891112,Iris-virginica
7.668558624730396,2.508614012065525,6.171913595418405,2.0026052775736662,Iris-virginica
6.450682980169703,3.272371842581158,4.5610774984943765,1.4280010128758853,Iris-versicolor
7.400996928213847,3.099752777402102,6.418143648544151,1.8387475594476175,Iris-virginica
7.418845167610427,2.9516683677517217,6.043347620599217,1.8661144176508702,Iris-virginica
6.64188577990254,3.1165745871465704,5.396431723680139,2.0113208133502853,Iris-virginica
5.328058785187247,2.7684890981903854,3.8237686144623715,1.0840864598114526,Iris-versicolor
6.668735511700956,3.312500943214303,5.880520191133444,2.392681064956239,Iris-virginica
5.023847479117589,2.4586237477396455,3.006687111020213,1.1729268024515664,Iris-versicolor
6.177033406579427,2.934385174657218,5.242047533844382,2.1511082831190573,Iris-virginica
6.954602273788825,2.994415324998449,4.559222313774636,1.6491320755592436,Iris-versicolor
4.434938848632946,3.5748746983951163,0.8800583770222955,0.36930059415702843,Iris-setosa
5.440910462012124,3.202918451891665,4.208687104576583,1.23369594394466,Iris-versicolor
7.299699721499061,3.012909807623772,5.533797461576871,1.6120252499740555,Iris-virginica
6.864309087215363,3.0510357294921975,5.656369665971586,2.2601860293061393,Iris-virginica
5.4662739676988545,3.010421351438533,3.9884866728895583,1.046556732152434,Iris-versicolor
6.5773909580215495,3.480873024479185,6.096756581750436,2.579918997855825,Iris-virginica
5.8764432671626725,3.293690031875182,4.490420512749854,1.199446618786721,Iris-versicolor
4.4278193979698806,3.067556360059679,1.205169475528947,0.3133876265915646,Iris-setosa
5.135352729326244,3.3311510813187395,1.7192552418716094,0.8470578655520653,Iris-setosa
4.156315331572683,3.067414097871957,1.1077781586273314,-0.06307689358091872,Iris-setosa
5.890182976252227,2.3686675552611254,5.0553882712427685,2.0435457059824107,Iris-virginica
4.6856864799585525,2.934103911866064,1.7136110600229033,0.3904377199669615,Iris-setosa
5.340045071920149,2.785722608800891,3.684645423681486,1.186158535351107,Iris-versicolor
6.084384760942326,3.1999202625934715,5.719332074863809,2.6898155765782272,Iris-virginica
6.174979697186453,2.8995322166106035,5.67083008062939,1.5435926195122516,Iris-virginica
6.856598038168873,3.0610462600493835,4.337953994930296,1.081706489396821,Iris-versicolor
4.965932578142476,3.5899841906634418,1.3693064881419772,0.15818025589495177,Iris-setosa
6.603285690062417,3.155768909598571,4.565088919800576,1.7472939969097083,Iris-versicolor
4.943853244543654,2.6985856686668046,4.484288966067619,1.4560941587303122,Iris-virginica
4.95963761276621,3.3950327500017017,1.3179791679984498,0.46090036331524453,Iris-setosa
7.014406414650104,3.3244066561174868,4.772722998452307,,Iris-versicolor
5.565397632457544,2.8720607554886235,4.466928558290351,1.1983780867479434,Iris-versicolor
5.255208663003134,3.3300682005278346,1.5330416934485025,-0.0721592922575684,Iris-setosa
6.115973433005185,2.4545529909338493,5.0464458799417935,1.8954705470366333,Iris-virginica
5.678209255818314,2.816428312661024,4.276725628554211,1.3010046088217626,Iris-versicolor
5.694626326674047,4.133295485540571,1.5485635821355026,0.34012826762962406,Iris-setosa
5.136924929863404,3.8307598606868534,1.0593483328035689,0.502757280803185,Iris-setosa
6.811588759804859,3.210162763915132,4.658717311662899,1.3712247565757874,Iris-versicolor
5.566112120483497,2.9870560595856763,4.382198771322815,1.298703837758901,Iris-versicolor
6.936980070140836,3.588389690835898,5.506161368827604,2.6415081445214996,Iris-virginica
6.597614850914555,2.7202547349588455,5.422343529865031,2.5078522660157847,Iris-virginica
4.89727981702814,3.2400603501979157,1.509040985961978,0.08076230965876555,Iris-setosa
6.592591260823483,3.2103738484560553,5.331931992696533,2.4667423274395577,Iris-virginica
4.947755143573468,3.599274590303608,1.5601349285779533,0.37751531431044305,Iris-setosa
6.83671011097821,3.3439106510722207,4.578218119051985,1.380257379079717,Iris-versicolor
5.582211095704869,2.382886367319289,3.769901807234514,1.0181794347557036,Iris-versicolor
6.0854381312716646,2.4794237863431636,4.379587736460559,1.052250432709518,Iris-versicolor
7.246084889774301,2.992907066533357,5.895195163780521,1.6377602313459079,Iris-virginica
5.134715869581175,3.5796458098915127,1.3030804638603222,0.3968866140118377,Iris-setosa
6.513432395297868,3.362100498864452,5.333081202633916,1.9987681708108274,Iris-virginica
5.293523220080253,3.8903113631365276,1.5689170629256195,0.3976612494973651,Iris-setosa
7.5391799424374675,2.7667394636839573,6.956818439459136,,Iris-virginica
5.029968146787237,3.238549424162983,1.1421155139677133,0.46416337480001524,Iris-setosa
5.250315519216047,3.428195581928004,1.4295602069893203,0.23653689516447404,Iris-setosa
6.24790774248532,2.9919077650773667,5.590890768906513,2.3571314746521024,Iris-virginica
5.416099472691749,2.634629353852092,4.121571807815764,1.455460402158332,Iris-versicolor
5.69400704008047,2.7084693547479564,5.025805368571234,1.630179084970248,Iris-virginica
5.7858761789523,2.7915397957580623,4.104570600120217,1.0661760334412507,Iris-versicolor
5.845274741592548,2.955012971387467,4.2979675094483225,1.0531175369193326,Iris-versicolor
5.895258050271715,2.4897433781155796,4.268396978399951,0.930674858974661,Iris-versicolor
4.833976024701098,3.758622253959927,1.160306683418857,0.5917666343201267,Iris-setosa
5.741814767784536,2.648066186853133,4.1863971744009545,1.4315746326023753,Iris-versicolor
4.702953295463983,3.7676954074768663,1.059224480299154,0.1784870648469135,Iris-setosa
6.302436083720908,2.6939717485228165,4.256563226847349,1.2580346480827813,Iris-versicolor
6.547585288233519,3.262755541659021,5.619336677481373,1.8934679019227976,Iris-virginica
6.293314208833744,2.4408610153815555,3.9818832440354783,1.054289095609088,Iris-versicolor
5.226285874701065,2.245567977373501,3.314568004528947,1.2046957556858369,Iris-versicolor
6.852572593189925,3.005065668626526,5.223183713051656,1.9559595026547159,Iris-virginica
6.667444066734128,3.1452015888414557,4.344104049232555,1.3461598027953805,Iris-versicolor
4.919281782696929,4.090110082838284,1.4968541309514278,0.36660453657401104,Iris-setosa
5.038700448809223,3.4064971495601233,1.1720972313143116,0.36666981614133026,Iris-setosa
6.243855426219565,2.4100386817168866,5.175456038350033,1.42039095635473,Iris-versicolor
6.2331945870199,2.7086875527228664,5.446552328138978,1.860720135928572,Iris-virginica
7.034939201546219,3.7256807133287815,6.028872657951353,2.394060408505842,Iris-virginica
5.266857437699395,2.6435956125250915,3.2551153810735136,1.2178648155351552,Iris-versicolor
5.1130310951634375,3.802823977718257,1.29058347651282,-0.1449084754007409,Iris-setosa
4.538889467475838,2.9894009043427174,0.8740977131359231,-0.09865766781445526,Iris-setosa
4.843980213760727,2.9163005964334436,1.6277016466430982,0.3921302385670964,Iris-setosa
6.258933330008165,3.2734111787842126,4.8756266767518746,2.1582498937967913,Iris-virginica
6.112146582818673,2.730754969509856,4.443433240085343,1.1515210633537551,Iris-versicolor
7.773572822910427,3.688133648345579,6.735777174093538,2.3012959286000725,Iris-virginica
4.509414350034191,3.3076003700460426,1.884612607495973,-0.007476765205192498,Iris-setosa
6.669764520634339,3.173700971964656,5.498298412205085,1.7582857876233202,Iris-virginica
5.712955358505387,2.7681935071062473,3.6244590065885354,0.9610914971486573,Iris-versicolor
6.778818496619912,3.125770232413157,4.998962694783814,1.82310198225513,Iris-versicolor
5.5359843003093285,2.533813470540182,3.748095420761987,0.9000115086123359,Iris-versicolor
7.830277923496943,4.046896208733504,6.694843855471784,2.0817062402095097,Iris-virginica
6.328266013259517,2.7996062120876055,4.242392074595417,1.4481146533193348,Iris-versicolor
5.660243811871765,3.9362105958666525,1.329283613930605,0.4380857078228405,Iris-setosa
7.645520561517477,2.7689297283078034,6.196804264085077,2.483991531633004,Iris-virginica
5.651055997440331,2.584689548572014,3.6820488998101926,0.9746409505622909,Iris-versicolor
7.192149777571789,3.392689003466052,5.962244486736973,2.6321909162446677,Iris-virginica
5.218482991159493,2.1020565564566343,3.2232468000775,0.9784516759194934,Iris-versicolor
6.3380395509885625,3.5958001176767125,5.43782829082652,2.4477960306534396,Iris-virginica
6.334309249428942,2.800697004876644,4.025497764246678,1.0211865638357307,Iris-versicolor
4.706938916197605,2.1699138994065033,3.3755225881253086,1.017621480529086,Iris-versicolor
6.61744766158345,3.0589121474688716,5.686116517472074,1.882633028495921,Iris-virginica
6.359282197055727,2.8290943812035456,5.3153283953714086,1.7832179352012405,Iris-virginica
6.76069806870351,2.7215978274571784,4.461065231931361,1.660806495642087,Iris-versicolor
5.476096401484156,2.6221013547391063,4.0312558047776745,1.163506452999538,Iris-versicolor
4.730672807482633,3.3865000614758056,1.4024628886536548,0.456337215969958,Iris-setosa
5.396511784065982,3.644813600863059,1.7047977443657092,-0.05424259830667816,Iris-setosa
4.868443472439852,2.3448424170844167,4.666010046338686,1.7052846527032322,Iris-virginica
6.337330725966691,2.87601692239935,5.02817185753335,1.8548798923070817,Iris-virginica
7.431293605673853,2.838071576109685,5.81082018791434,1.4491119755331099,Iris-virginica
5.623368175695502,3.0798746668839754,4.09968071704109,1.55618355808954,Iris-versicolor
7.078896145688453,3.2593204500787767,5.5962155857516995,1.7975365281182913,Iris-virginica
6.360195889807095,2.3472544777709006,4.5130744536122505,1.7772969449869829,Iris-versicolor
6.964343413651637,3.2733206257312553,5.361472708801105,2.4298924194003813,Iris-virginica
6.323770650375856,2.6289372882285273,5.057862539311225,1.6289495623695893,Iris-versicolor
4.83683026317487,2.2470610831438784,3.4261780770495824,0.848809941836258,Iris-versicolor
4.597581364377444,3.4334099258760657,1.5027673367652643,0.08024589378090152,Iris-setosa
5.358593687052639,3.419691163658281,1.5906064451334019,0.1013584035771308,Iris-setosa
6.130484513144168,2.56416837287211,4.883057515912953,1.3359624700134438,Iris-versicolor
5.230964175932235,3.2939442917187267,4.775849371231352,1.2429368860871066,Iris-versicolor
4.521173558798751,2.725397552905321,1.148779951321951,0.2831409272121138,Iris-setosa
4.840338113518663,3.735319046469969,1.4061004347137223,0.1234039146775226,Iris-setosa
4.712743084264338,3.2261460885620066,1.8530446747673646,0.40431276338429595,Iris-setosa
4.903008586346326,3.439110134414168,1.5106382261968814,0.24652527686035824,Iris-setosa
7.314840419177043,3.2020313198335044,6.663701845325154,2.228150531144147,Iris-virginica
5.786004866410827,4.562490408522576,1.7046126939196815,0.6566913956330374,Iris-setosa
4.932210959031362,2.1028520077379413,3.5097507074687133,0.9632333515431769,Iris-versicolor
7.024195639558868,2.7907565024923673,5.34322433888183,2.0147348162658334,Iris-virginica
4.359963777307123,2.7637451670786612,1.5356485507825415,0.2685687585642828,Iris-setosa
5.280506061564218,3.6483152595849724,1.8559597868215174,0.6264355156004513,Iris-setosa
6.396529844609175,2.809553863403735,4.397522410398402,1.6476582623149665,Iris-versicolor
6.794472996532585,3.0630603858263608,4.7347319991121495,1.748350993065129,Iris-versicolor
4.675211781055099,2.972353425886593,1.302243286620975,0.32423612323475665,Iris-setosa
4.911388218372481,3.383541676093408,1.268598685636118,0.04934947598506412,Iris-setosa
6.060837864507771,2.8427093546593936,4.036145566035216,1.5710877115138495,Iris-versicolor
7.25957702439006,3.59475713973493,6.133026047713061,2.486208712105034,Iris-virginica
5.9476317284865905,2.6104132239223956,5.162767669514956,1.7667087319492474,Iris-virginica
4.966300938043839,3.8573235360092184,1.428347117641613,0.48516757103511865,Iris-setosa
4.60805232140579,3.2780515383362623,1.7591361109150085,0.09078039231661578,Iris-setosa
5.926334754240128,3.0958094617147047,4.907488319706796,1.5296289762459208,Iris-virginica
6.526364048556066,2.5087297161071844,4.912110742200153,1.7640413407195525,Iris-virginica
5.55948751467857,2.504883604169734,4.546464322121122,1.4095162358544586,Iris-versicolor
5.629935036790517,3.15857749922013,4.927919132749935,1.5067100808442224,Iris-virginica
6.35282314357652,2.7745134507430267,4.783871050457453,1.5253552011045395,Iris-virginica
6.318555824843393,3.2905768474615575,4.628202248844539,1.5777939568992707,Iris-versicolor
5.174456145898663,3.231098035179384,0.9930602993031872,0.3813753928215469,Iris-setosa
5.8895508076467795,3.2336851687740427,4.152453395107475,1.2778372295860727,Iris-versicolor
5.202572602520839,2.5854126735929306,4.321408376204619,1.2706377695955684,Iris-versicolor
5.184521869808865,3.525033910630503,1.2943283166809214,0.2857334538498892,Iris-setosa
5.134829294539973,3.8446217727261223,1.2063430920502334,-0.07840132920122614,Iris-setosa
5.615648882729317,3.1190677938518023,3.9409082983610473,1.523606762987656,Iris-versicolor
6.3328066692200125,3.264249664444395,5.558587050023939,2.390962680971448,Iris-virginica
7.403409071694217,2.8387229840424926,6.4049714765846035,1.7681870963226167,Iris-virginica
5.6681273545538025,3.6247776060250403,1.5274876546906873,0.46566644830593173,Iris-setosa
5.183459346521586,3.260075284335281,1.2844887553834319,0.20490096494830679,Iris-setosa
6.709163098639974,2.8340001932356436,4.818977706142359,1.5702084629125719,Iris-versicolor
5.264481970340341,3.3191479382680775,1.574092247885375,0.1223955829424862,Iris-setosa
6.990790650690407,3.1065543421447197,5.118514557446956,2.3664479398446447,Iris-virginica
7.114130958072278,2.780591496692168,6.305533012205441,1.9769639243828734,Iris-virginica
5.781877029206446,2.945186321151369,4.304078958473706,1.1062456354921326,Iris-versicolor
5.29484830615781,3.9853292752649523,1.533041264979324,0.4801622328987132,Iris-setosa
5.0574868061965415,3.7604721173629723,1.3480956484298907,0.2618574974285112,Iris-setosa
7.522182472215119,3.252372504262596,6.316833177330109,2.1788209077245178,Iris-virginica
6.077272459342883,2.9574602614531136,4.35489748592081,1.4426384003203505,Iris-versicolor
6.518591915401716,2.9479737943544473,4.968847509905853,1.9561655207986086,Iris-virginica
5.224030295491286,3.4269940066510056,1.5647937662435165,0.7771441694477563,Iris-setosa
4.731647591736653,3.294844886832877,1.2349529677023148,0.14949961216191326,Iris-setosa
5.919776422615014,2.72110190348731,4.153187160484922,1.5598585423923563,Iris-versicolor
5.595799467271377,2.637264054693074,5.062409258682668,2.075118847193873,Iris-virginica
5.9242938159585545,2.716987983702429,4.02264231129133,1.0493966094535383,Iris-versicolor
5.884386740460014,2.5887522652854655,5.803150369867969,1.3240550572627419,Iris-virginica
4.860823401562562,3.1924048982505533,1.8061776362127242,0.7994980311511524,Iris-setosa
5.627302184771261,3.6503674385017266,1.7356107803749539,-0.06625783535453567,Iris-setosa
5.681457084262365,2.7133466510924826,3.824281216657983,0.9786367181636062,Iris-versicolor
5.845087385561951,2.862612589004012,5.337161945813815,2.220588912522547,Iris-virginica
5.9444299238786975,2.3676843505721563,3.2946487825154334,0.8045044814851479,Iris-versicolor
6.010047333482496,2.6147154569359077,5.768313800751209,1.8468192481030654,Iris-virginica
5.635910159984205,4.281509863170126,1.7009584384146017,0.33679301571030845,Iris-setosa
6.597617723353241,3.2152662983409934,4.300785387822331,1.492109464342701,Iris-versicolor
5.558773762199124,3.3608360686509626,1.711164031949961,0.04752858122543879,Iris-setosa
6.909353868737804,2.7454762112542332,5.939460345943049,1.5476173498854702,Iris-virginica
5.997826072366432,3.1241494362818703,5.112406866638725,1.877104150453591,Iris-virginica
5.6036201475593606,3.1731305460333887,4.318579107668173,1.4699170434737145,Iris-versicolor
6.117381453395752,2.2707232615271016,4.661425527204102,1.4060452708377338,Iris-versicolor
5.151463082510614,3.140904199634456,1.425914589461245,0.30211647217522936,Iris-setosa
6.996038709728198,3.138405807610448,5.472791000652597,2.3073628515134352,Iris-virginica
4.505501202084582,2.971913104094762,1.3221311115089605,0.49760997878826685,Iris-setosa
6.654143798121812,3.094544387445017,5.414128136296968,2.3692973699088666,Iris-virginica
5.535665991252078,2.8863654208962535,4.266834466028094,1.4230623880213904,Iris-versicolor
5.126011902917823,3.189962274355578,1.1571457612009068,0.07473035378107021,Iris-setosa
6.442952768945437,3.1327543588519102,4.2820826788674875,1.538468649007446,Iris-versicolor
6.181703275888786,2.914601283549467,4.400608555159788,1.1152859235406731,Iris-versicolor
7.125593610543682,3.3273628760250427,4.877643947612891,1.5429741242396007,Iris-versicolor
7.484495382412937,3.615221135594859,6.614658835671461,1.9312668393581522,Iris-virginica
5.172280054555859,3.6441502835969573,1.4962260508725724,-0.010638438163866809,Iris-setosa
6.358024822418054,2.4637261399554897,4.953455079880831,1.709220900223546,Iris-virginica
5.452998028377754,3.490230108873505,1.5405171789411043,0.24836768870555193,Iris-setosa
6.280694961991096,2.6713306782010964,4.8810992386369625,1.5959269021875397,Iris-versicolor
5.787917426460374,2.858382316325766,3.49045334254113,1.381267492908589,Iris-versicolor
6.853645962471032,2.951039280477125,4.778504376531229,1.1231546730392405,Iris-versicolor
5.032224586243545,3.987503378870002,1.5818647202659455,0.5938103564154648,Iris-setosa
5.359249758069785,2.46911290771937,3.702753811042065,1.3320735856117585,Iris-versicolor
6.295535341324994,2.767929122119489,4.854956797651486,1.8949447962335737,Iris-virginica
4.852591428779871,3.011846657144695,1.7274598197318407,0.36303919627737696,Iris-setosa
5.254054677642701,2.6993530158509667,4.045276343224187,1.1515111954797836,Iris-versicolor
6.5952331689085675,3.1298607198608073,6.040536706565144,2.2136361547464043,Iris-virginica
6.728024696530981,2.726575354820459,5.108627299999988,1.7968771606363592,Iris-virginica
6.464041968238392,3.039501654686324,4.679362288403646,1.6604454646131552,Iris-versicolor
4.796306057865762,3.2520196458677213,1.1296385330261727,0.10922233336441978,Iris-setosa
5.2951980056719625,,3.806919693009917,1.697280402704609,Iris-versicolor
6.344699836012141,2.3335836171620183,5.496511573809221,1.54407048631471,Iris-virginica
4.678506810399413,3.3727492842340094,1.108915194365561,0.0047271009717179124,Iris-setosa
6.390772351521478,3.4270336363633613,4.468143107477288,1.5084074375649237,Iris-versicolor
4.800050476864371,4.02506211159526,1.6225020262644407,0.3967663582660162,Iris-setosa
4.67620677046014,2.080904314979466,1.2076089532461323,0.41652962031955293,Iris-setosa
6.463185715427445,2.506805919100625,4.954560767185238,1.7223168781906106,Iris-virginica
4.417278300873093,2.9197525776582487,1.5688169325682058,-0.07291698852972917,Iris-setosa
4.233913552120912,3.260432609037202,1.0029253630070836,-0.1975501795652743,Iris-setosa
5.64389985504002,2.9260119324192804,5.199786018058387,2.5185909056623217,Iris-virginica
4.914519414517921,3.21682061549432,1.7487063427245437,0.3775932202990758,Iris-setosa
5.583458759221671,2.7380114734001566,4.864114783920378,2.115558981410801,Iris-virginica
5.124572000139834,1.7737410347597247,3.6500593175944207,1.187952739763816,Iris-versicolor
4.971303846561507,3.5334626858760907,1.2777690429204802,0.2922666762716918,Iris-setosa
7.762150389306599,2.8636546513128054,6.448878186741182,1.8199054999102613,Iris-virginica
5.6993503099458085,2.916577091987952,4.342312650881195,1.752108684833606,Iris-versicolor
7.045439692483392,3.3812619151551915,5.188999591721898,1.5169291567389764,Iris-versicolor
5.891876985361069,2.444846933732583,5.841467593452958,1.4708671554286306,Iris-virginica
4.706834867783602,2.7794658804272867,1.6175286210505084,0.15629126095296025,Iris-setosa
4.321003776320909,2.7658644811706594,1.2943026490200695,0.22230526450053611,Iris-setosa
4.757421893440754,2.2649160577562952,1.177451912076355,0.18779827796726808,Iris-setosa
6.913350067774417,3.1297850434983467,5.878945636822178,2.1775080661369657,Iris-virginica
5.65375263449822,4.208846559390072,1.6925490425110736,0.6845395460816,Iris-setosa
7.8263011636824,3.105955701526735,6.411146786884646,2.098719737544636,Iris-virginica
5.758808913011371,2.601979651953713,3.799725238521736,1.288125517057093,Iris-versicolor
4.993622757861968,2.8450667924765627,1.596181298636639,0.49131414711214494,Iris-setosa
5.891286594565185,3.186036177944618,4.731212344082564,1.3348858706575482,Iris-versicolor
4.974101865013419,3.5873286846679306,1.2287220780401742,0.3962241347161733,Iris-setosa
6.451852828822171,2.6690993622608703,5.5976469483014455,2.2870139507157234,Iris-virginica
5.103002176277169,3.4482366354403933,1.6048394810990285,0.05941883256077077,Iris-setosa
5.250145667137878,2.5080617917600665,4.118977552835024,1.1936487422667295,Iris-versicolor
5.029554489691864,3.2757810422721243,1.247856175237342,0.11992324511381433,Iris-setosa
6.948343103946434,3.105449138368778,5.469758464399221,2.2984780570154575,Iris-virginica
6.038991700058038,3.3356653735684603,6.153303474913567,2.5436978186821215,Iris-virginica
5.268751956729476,2.9041146967117317,1.4806279437917762,0.09403451571315871,Iris-setosa
4.711466797486691,2.709604494748515,1.3715398746840823,0.36455378489965373,Iris-setosa
5.881173658404447,2.7899476610311087,5.082066199787391,2.112970485054345,Iris-virginica
,4.00289895518695,6.867914948462382,2.258387367440039,Iris-virginica
4.739938124444329,3.28818000457482,1.6917362985334483,0.12817586878118842,Iris-setosa
4.852455477260314,3.738061976437888,1.6079036604650918,0.05655912696931409,Iris-setosa
6.006159708827519,3.2747524760289117,4.726505576027071,2.097778614182375,Iris-virginica
5.336006784784466,2.600775530529344,4.854867010113804,2.0712645696023895,Iris-virginica
7.971284082554644,3.1896823324567043,5.951074797446458,2.255760532856017,Iris-virginica
7.495900355867048,2.9695062091880704,5.926470986543597,1.4533479092469428,Iris-virginica
5.145383189029023,3.614214095872823,1.100008274900326,0.08717038000081478,Iris-setosa
7.333836931872462,2.501984221614218,6.279784355796883,1.6682935253470004,Iris-virginica
5.550787473520952,2.5631804810236565,4.074658572555686,1.3741514587682322,Iris-versicolor
4.925005979442663,3.631129386257437,1.2823475553704395,0.11961706424892043,Iris-setosa
7.499606320435138,2.963372087826702,5.894574803384362,2.556598174184751,Iris-virginica
6.8252711447907615,2.716802473305973,4.959257877188546,1.5384284323945079,Iris-versicolor
6.436418846651465,3.5176993233743556,6.0703224632170265,2.7294197264592346,Iris-virginica
6.06494561143935,2.678521690661594,4.4954866346748465,1.298953150244051,Iris-versicolor
5.2610467595622215,2.9513880651836804,4.192333703386439,1.5522334615122577,Iris-versicolor
6.150774319084008,3.2207201043487714,4.897437183468305,1.450311358109428,Iris-versicolor
6.14649886588443,2.763344941734615,5.353216586864686,1.8157831717619992,Iris-versicolor
7.705594927426008,3.6482567767535476,6.816815140252203,2.062148057768787,Iris-virginica
5.217115678656212,2.46523479599079,4.025380314117589,1.2518214919743085,Iris-versicolor
6.644210396198666,2.9975656615725956,5.602641491555142,2.6227430806117136,Iris-virginica
5.14337315718981,3.119401158602561,1.7259608381220597,,Iris-setosa
4.437216456667052,3.098831272749762,1.0496504063780563,0.08528885750693457,Iris-setosa
5.441933615349375,2.6312996769821275,3.6091883778428806,1.3654587466181523,Iris-versicolor
6.026858081585742,3.0456161792404943,4.950546200537954,1.883473500519449,Iris-versicolor
5.861339182809211,2.4908388215380652,4.136928617843987,1.35410336605421,Iris-versicolor
5.25990674764805,3.5211913702638125,1.2504224774404804,0.22878083868396898,Iris-setosa
6.367921579187415,3.19233975627765,5.726931000451863,2.3870478122489582,Iris-virginica
5.752163649871279,2.658126402004071,4.870434069081522,2.041702543602576,Iris-virginica
6.5900128789706445,2.324545376774803,4.856905031255273,2.19572228962207,Iris-virginica
4.967506697372011,3.3608671413090345,1.8474398964756393,0.49743282752185225,Iris-setosa
5.052222439282664,2.1125824700873372,3.3866391414549644,0.768887196050624,Iris-versicolor
7.1299864182033605,2.919495115914039,6.153784005905435,1.568574640215514,Iris-virginica
7.226415300155099,3.8198827217759077,6.267986060076812,2.718265718375549,Iris-virginica
6.008759254653496,2.575274606724071,4.8562695580776,1.5360125298872997,Iris-virginica
6.752187958863776,3.2196178460245806,4.620979629416178,1.419220674938824,Iris-versicolor
6.501426828470551,3.030092352731685,4.685067518012902,1.3917855536429582,Iris-versicolor
5.040356213818148,3.0811212103443806,1.104014564223167,-0.0522982041817584,Iris-setosa
5.095904491031864,2.41889344846545,3.149846679489007,1.1192317127644147,Iris-versicolor
7.7922460633035335,2.7721934009738423,6.358234963332777,1.8773765601708576,Iris-virginica
6.372122181784019,3.351728172406724,5.284844348265269,1.957958442382696,Iris-virginica
5.2155090687039305,3.8278556437664495,1.898997507237604,0.37868988306848056,Iris-setosa
4.765211314905488,3.6255201575085043,1.5141949508338455,0.2698573723336075,Iris-setosa
6.579509943391201,2.7524354281577867,5.492728344268827,2.480917993793581,Iris-virginica
6.0798740066287325,2.747284997514852,5.075075964693678,2.0195781973389018,Iris-virginica
4.597925841042631,3.3766050167289263,1.3216003969088872,-0.09634067322734297,Iris-setosa
5.517470766474537,2.6704771692375506,4.1007586920255195,1.0724943553289616,Iris-versicolor
4.495810360170406,3.27002689343134,1.3417761486202702,0.4377743638879984,Iris-setosa
4.990287756798367,3.3152196116603156,1.4039622320035405,0.26756923749518513,Iris-setosa
6.219036556381526,2.6388441327927166,5.1648068946293835,2.069014850303414,Iris-virginica
6.584833738130151,3.1303004586543275,4.055081878376888,1.4374779627909748,Iris-versicolor
5.839356538505674,2.956747104844994,4.392082560206279,1.1746354120557398,Iris-versicolor
7.240285215946023,2.729155606800301,5.919818728712789,1.90071508808325,Iris-virginica
6.690201580956473,2.7970076605496086,4.857631013118432,1.6139424850364033,Iris-versicolor
4.770759259474217,3.592410586336106,1.5852449564914148,0.2517364327007633,Iris-setosa
4.636688156733473,3.410424139450069,1.6345015172931248,0.3476134872300165,Iris-setosa
4.3139287796832955,2.715558430054782,0.8620146294905862,0.08132892053818355,Iris-setosa
5.842119206207176,2.474995866213343,4.169048147399159,1.316954639556374,Iris-versicolor
6.427248348862377,3.0021648877096623,5.384467532203419,1.7133221741667066,Iris-virginica
6.663942622216063,2.9203798097124354,4.442732806123562,1.3208005500461595,Iris-versicolor
6.760930976075108,3.1147869476134256,5.122447157169822,2.5989308115434357,Iris-virginica
5.190845017555592,2.7069582646361714,3.7166517463136666,1.2507968482041643,Iris-versicolor
6.135830519000723,3.2843331064213444,4.819059042187397,2.045965046186832,Iris-virginica
5.029243756143615,3.7736037174546686,1.3539105336051425,0.7652362992180706,Iris-setosa
6.593806085532745,2.554536052709502,6.095479333723118,2.078928777352896,Iris-virginica
6.148405511603199,2.626429949572254,4.702478658236016,1.9221465735951626,Iris-virginica
5.918194792984983,3.2833778140570526,5.140493995046002,2.097670447860692,Iris-virginica
5.677534286697525,2.7650014158944325,4.753119473641816,1.378217520118726,Iris-versicolor
6.063232760338295,3.461879049276792,5.712934893011436,2.4670101598630305,Iris-virginica
6.647705899850533,3.0615923434109935,4.547826102420968,1.3870256100071514,Iris-versicolor
5.394849852483941,3.7927572090021897,1.2863919451248105,0.36610110149237474,Iris-setosa
5.2470813054290835,3.6611417561871376,1.3525768714520474,0.34408747638376663,Iris-setosa
6.653258870504272,2.885619901699969,5.411232764278079,2.1403709236835087,Iris-virginica
5.996641741561819,2.8687061556543116,5.861615475583694,1.328352644196831,Iris-virginica
6.017981695719471,3.4557852459511604,4.567336830624176,1.6442755584211763,Iris-versicolor
6.121819229312559,2.9907873423551368,4.772478583634678,2.0749015562070325,Iris-virginica
4.856572346760254,2.927623041897516,1.2237041600720708,0.2418751120601717,Iris-setosa
6.235708721897292,3.1140382054560853,4.5636241086792095,1.430573102375879,Iris-versicolor
4.562798191501525,3.222763700178314,1.2238560859722083,0.42971321392104633,Iris-setosa
7.348226667075989,3.0613627909059886,6.187132719674269,1.9398021836659278,Iris-virginica
6.965755309727077,3.180578449467845,5.626649757178538,2.2169229615119916,Iris-virginica
5.855457582635828,3.270655792774649,4.31706234499595,1.6127257277987068,Iris-versicolor
6.647772394353355,2.8090608246553606,5.7205040523862,2.485236010050357,Iris-virginica
5.605955225718218,3.112390151385861,3.814434873898574,1.4823361206038834,Iris-versicolor
5.58592377486021,2.671688186935477,3.602025494947087,1.120129352839394,Iris-versicolor
5.223466073617208,3.7536607798033765,1.2265755805353642,0.2293513727630197,Iris-setosa
7.398867812240608,3.2045453773758066,6.454008694977807,2.2615950661860955,Iris-virginica
6.312012558802775,2.914140591812527,4.790696576003989,1.5006357747745593,Iris-versicolor
6.35363774036414,2.9782957756048036,,1.572306222626366,Iris-versicolor
5.8023312220869006,2.9543902989696735,4.086711130923752,1.1163563696486885,Iris-versicolor
6.721373896484982,3.1241066698698665,4.9859308949314745,2.457512287619402,Iris-virginica
7.29049490866212,2.809552681792249,6.583229615905766,1.9680680708790719,Iris-virginica
5.542026019360762,2.6191097711895432,3.943707944627386,1.0331698094474677,Iris-versicolor
5.067931757857096,3.1176277312441427,1.539890663818621,0.16409109580451572,Iris-setosa
6.013833691722602,2.926595306532267,4.56412506886446,2.048559543615077,Iris-versicolor
5.0434409431132226,3.45835205569914,1.7498714659053,0.45387812451158327,Iris-setosa
5.22964340242291,2.375914772862747,3.7170419278722036,1.2473934513649994,Iris-versicolor
5.3493689885404745,3.5615938299058567,1.5588926779245007,0.2929018949071687,Iris-setosa
4.933418799087756,3.04820529698488,1.5031649651076988,0.17357610287495132,Iris-setosa
6.1050858057133945,3.1193975193172045,4.5122938984005625,1.8605727053782397,Iris-versicolor
5.83118238998744,4.232205115728542,1.5034639614856682,0.6736714122499785,Iris-setosa
5.608880505941872,2.758677479708745,3.9972863919753947,1.7699760988217046,Iris-versicolor
6.147939383095719,3.287436786068353,4.356879894621935,1.7579961902799315,Iris-versicolor
6.6819563697994,2.6965852269398765,5.696184568333072,2.0652481437033816,Iris-virginica
5.04438209432539,2.2373524949558523,4.352036982798416,1.9552601498753084,Iris-virginica
5.553150819955421,2.469375005064633,4.075908518579852,1.4523523323767933,Iris-versicolor
5.486958959263785,2.872203545842149,3.6457918103403415,1.0780833640887335,Iris-versicolor
6.271992780417323,2.794859337752817,5.035122121595027,1.731959124142761,Iris-virginica
6.257687300384829,3.0390993084944813,4.764671453966352,1.7803981829795101,Iris-virginica
5.60977261230724,2.6890530224501554,4.475167929720358,1.084539767608117,Iris-versicolor
5.457911649022034,2.826246389307087,4.014673650251421,1.2548347510757762,Iris-versicolor
6.245411688270201,2.980158808637593,4.1374047262556255,1.215616592613549,Iris-versicolor
5.916874398594454,3.570520300109446,1.7841714711244203,0.14028839003175794,Iris-setosa
6.0324256889002,2.8164759294363932,4.459282941741904,1.704703023365302,Iris-versicolor
7.004060910015849,3.446100276561066,6.176542146197148,2.135272008767678,Iris-virginica
5.920560310298145,3.6513336845858055,1.436967905576768,0.5980068613027546,Iris-setosa
4.818686028789917,3.9666601450869217,1.6074443863556214,0.15864984894036938,Iris-setosa
6.13431731103647,2.8150695201977847,4.281259767094997,1.2937073738681046,Iris-versicolor
5.718884187010488,4.0268939359206755,1.3016869533413404,0.450951546181829,Iris-setosa
5.890872571920314,2.778909315788134,4.646532981757225,1.6424839060568148,Iris-virginica
5.487949300534206,3.9068737409219065,1.6957439143324342,0.015592684552919733,Iris-setosa
5.116441900030971,3.251582832305936,1.2216998127925192,0.47779725918569826,Iris-setosa
5.6921828407645165,2.244551359920805,3.902094463790229,0.8872099571089274,Iris-versicolor
4.827732899253036,3.1476049051496107,1.1941550453329572,0.3158210931979234,Iris-setosa
5.595682056428514,2.6291486161888105,4.671682459357668,1.4530457639685217,Iris-versicolor
6.233652114231883,2.960600302751847,6.036783110316462,2.3343004583200067,Iris-virginica
4.74467725515052,3.3628378334929865,1.5812324677790912,0.02916027520472686,Iris-setosa
6.895992959255048,3.0958631039135525,5.279917439120466,2.0639889398078584,Iris-virginica
4.70609813334371,2.985955242173029,1.1163818192212194,0.40043950285670793,Iris-setosa
4.860026309028004,3.0420471461148284,1.158431289338718,0.07277059382502066,Iris-setosa
6.651350182241601,2.937642717020248,5.375853180078615,2.1271586606254225,Iris-virginica
6.525810879780659,3.0209614123220354,4.54438405444556,1.1242175645319086,Iris-versicolor
6.820264608285197,3.2224183714857766,4.317259957638698,1.5129652881628588,Iris-versicolor
6.78622447618001,3.3209007934913144,4.5715379618197804,1.5549990165634877,Iris-versicolor
4.499886140599982,3.357536214165238,1.2467177427183542,0.06517991599060496,Iris-setosa
6.881267875036091,3.267708633833338,5.668345822263595,2.5214385502247523,Iris-virginica
6.982743795617923,3.2293459362520025,6.0092756138715435,2.239793865015234,Iris-virginica
5.827305128120675,3.006484302762651,4.349522010187665,1.166465752663182,Iris-versicolor
5.637403422230807,2.216362330141488,4.834090944304828,1.7187375883322815,Iris-virginica
5.0405605797097595,3.4576679811063844,1.2744745238146113,0.17653189112826856,Iris-setosa
6.209578284150057,,4.852919250467248,1.8439718742891569,Iris-virginica
5.206831978677079,3.6130067079952966,1.5697174129559262,0.03853617063163134,Iris-setosa
4.610392407378481,2.222038652813684,3.1959042901599752,1.1035053989960655,Iris-versicolor
6.129369760134868,3.2629862020146585,4.632168194166946,1.7840918923972602,Iris-versicolor
8.069611514799789,3.9366504234128694,6.377696290161697,2.291934385763919,Iris-virginica
6.540642068824023,2.9788933831374953,4.511709559668516,1.3101745225632873,Iris-versicolor
6.602843629218591,2.9091641204824463,5.706954002831094,2.1515650126415693,Iris-virginica
6.0492136236190746,3.061515353239086,5.860767662634681,2.0670426312444263,Iris-virginica
6.466882587957254,2.885552495473193,5.380667456461789,2.024797742487921,Iris-virginica
6.038517766398068,2.6082677257233167,4.458443437628336,1.4219395339632066,Iris-versicolor
5.606840852377922,2.7507621881820308,5.278462568769765,2.0025658343701562,Iris-virginica
6.2657417868266085,2.800558001706326,5.740629202771072,1.9971443652296812,Iris-virginica
5.8925506590975845,2.8624507013651783,5.271057708255641,1.3081299879702302,Iris-versicolor
5.933182011983778,3.0174758607890935,4.93307150902118,2.1974817207278847,Iris-virginica
4.370073756857188,3.4260879019840917,0.7748906457455571,0.07922696590359374,Iris-setosa
6.221299598465122,3.067496625225859,5.135469672238695,1.9867987819181199,Iris-virginica
6.6572473117808855,3.0282903864339064,5.606782689574587,2.087321805262836,Iris-virginica
5.378828149307497,3.280964159305375,1.302948861766191,0.0804142111095695,Iris-setosa
6.820653504726655,3.4359582940486395,6.057869058771786,2.388195901635554,Iris-virginica
5.1059128702941425,3.7792607766955024,1.3624221340019476,0.08009659884311496,Iris-setosa
5.5118841783815995,3.6041685015760834,1.71965037966199,0.28171419430840916,Iris-setosa
4.903508049538286,3.6499662645421207,1.7046220379699206,0.41617756004266837,Iris-setosa
6.217403047535719,3.6475128597409476,5.285464735363979,2.2170671626051126,Iris-virginica
5.261173522310448,3.6369046770536295,1.3069087592686954,0.08454639837116742,Iris-setosa
4.530804724928442,3.4753633742711423,1.8494174307146898,0.12405865767336835,Iris-setosa
6.000570955101101,2.831942088498036,4.645770145832428,1.48944750466734,Iris-versicolor
6.2254757319629555,3.010568873794993,4.380999085586254,1.141502776191924,Iris-versicolor
6.826203223937098,2.567077877032575,5.717108339274426,1.914193499045261,Iris-virginica
6.604180509548522,2.6773282890825825,5.2886027917521305,1.8464559783919294,Iris-virginica
6.840922427947712,3.384373105314903,5.764884659019838,2.241085198436429,Iris-virginica
7.143756224050184,2.5926822752764807,5.938703203937151,2.165582529384229,Iris-virginica
6.114148267178785,3.328680526772031,5.717333444268603,1.5731851583717027,Iris-virginica
4.7817865148358,3.1654455716480956,1.6835507559695353,-0.07864118248893673,Iris-setosa
5.193268468708553,3.685288446896012,1.3077691209965883,0.47310446725605915,Iris-setosa
5.425994033309242,2.231572404585573,4.034692802395955,0.8879076046920067,Iris-versicolor
6.280788502783372,2.8624204461362166,5.060281424390379,2.005831333294908,Iris-virginica
4.489752020555351,3.1569068701852725,1.2541600080150168,0.17544722893118275,Iris-setosa
5.860482467078887,3.100978688591677,4.722318695591165,1.7012016490566872,Iris-virginica
4.765315237704446,3.256764015215106,1.351892939811778,0.35445499461427743,Iris-setosa
7.363284422457724,3.487177420326887,6.185501852656121,1.6203192728557831,Iris-virginica
6.120122833368866,3.4777460101222686,4.986964924970559,1.8571746821802453,Iris-versicolor
6.047457149027121,3.313601900448965,4.968591574373158,1.866804916322378,Iris-versicolor
5.722677522836326,2.61380150247604,5.376081009112498,1.8990462588658765,Iris-virginica
5.026651457205295,3.3899021786256176,1.5236489413566325,0.45170893101177034,Iris-setosa
5.402174970568471,2.0922372625729135,4.197888768185275,1.0556285449233207,Iris-versicolor
5.281379859715146,4.150455813356406,1.5019174187524769,0.2603016720302904,Iris-setosa
6.718083573931815,2.8354750743484667,5.126001102785733,2.030294201858018,Iris-virginica
4.634221085686295,3.36296822109839,1.4512121720883984,0.16743646565329928,Iris-setosa
5.420550788096433,2.4940971159356122,3.646600622753577,0.7967564953733846,Iris-versicolor
5.763101606586102,2.525913702960489,4.08391912848907,1.373679192783463,Iris-versicolor
6.238339308931609,2.6486666675727375,4.892678146541561,1.2634579492389237,Iris-virginica
6.1435169339743005,2.7276270211780336,4.92281099769395,1.0577325158434996,Iris-versicolor
6.230566851444321,2.558532005911394,5.186075954457189,1.7921741834935196,Iris-versicolor
7.953527864142748,3.7713960950695347,6.198200304356657,2.085524614500926,Iris-virginica
5.027712189881753,3.1495708805015274,1.6871384450084619,0.31152168399294694,Iris-setosa
6.708973574045527,3.0200682041097617,4.86657541331216,1.2744201766959307,Iris-versicolor
5.153475365628358,3.46739889783325,1.2298592352095046,0.18112102687678044,Iris-setosa
6.039029542294319,2.7618677520121846,4.112151471263848,1.584062774038544,Iris-versicolor
6.324145040841759,2.295927443971471,4.676869892442176,1.6029168244448644,Iris-versicolor
5.851005539673568,2.2286028358378456,5.15324598532294,1.2725055094905164,Iris-virginica
7.31288500234092,2.766921195537984,5.826412483997178,1.8003186585750257,Iris-virginica
7.009757059524929,3.147715107176534,5.679114823080825,1.8170799954861605,Iris-virginica
5.389806222452171,,1.8831085838982713,0.5572374403099647,Iris-setosa
5.801959277039757,2.751419873056164,4.637823708344715,1.3095033188929304,Iris-versicolor
5.846113263458732,3.0843144413990076,4.944053837344655,1.9263893628081845,Iris-versicolor
6.8980081639837625,3.046236131877236,5.2351281091179755,2.2789408748537787,Iris-virginica
6.886332715407906,3.022385316000587,4.8810120358452975,1.3499185125207744,Iris-versicolor
5.996443126045614,2.680798608955019,5.072517887160941,1.385940726212386,Iris-versicolor
4.898991363531634,2.78206708550905,3.0788704481775744,0.8265915750950444,Iris-versicolor
6.469715678423121,2.855703635506206,5.450791204250034,2.4715239383946725,Iris-virginica
5.965695617750145,3.2668613971346425,4.431658608248088,1.4374906400801812,Iris-versicolor
5.816892279032798,3.125152265286867,3.5607130807944456,1.4073174756961695,Iris-versicolor
5.4894614003934,4.269979633870256,1.2474016617969719,0.4847192004067262,Iris-setosa
4.835818388054635,3.3559019314465246,1.597744527765272,0.20236110416789765,Iris-setosa
5.627316023072414,3.120657972657057,1.6237489524090059,-0.0490544114897804,Iris-setosa
4.643765589168327,3.0112764400522285,1.192593988574967,0.13431969217305412,Iris-setosa
4.874431368419058,3.3746167131171023,1.0693433996294468,0.2592687834659377,Iris-setosa
4.83951732253873,3.5640692592098517,1.2110968285290333,-0.032825258749850234,Iris-setosa
6.677979255844977,3.2962218074922616,5.474467626507726,2.068778708821609,Iris-virginica
6.114819770695583,2.710693607590418,4.7766691235093095,1.485987649808211,Iris-versicolor
5.509041018827113,2.6196363659511084,3.697462713044406,1.0493608981368354,Iris-versicolor
6.626509739892719,3.056302595568719,5.339399101859228,2.0973508776736423,Iris-virginica
5.780379666902809,2.3676556013019194,4.378286002362862,1.013155746476251,Iris-versicolor
6.987785618084724,3.1628669959590714,6.123388963808649,2.2995616596666055,Iris-virginica
5.192705127172237,4.081619961342572,1.6784506531866448,0.034106061455178555,Iris-setosa
6.45545047591985,2.888719799329862,5.490725247539028,1.9711505038375687,Iris-virginica
5.568274758539487,3.020466270812671,4.553140805285679,1.3511428248633166,Iris-versicolor
5.8632625004569805,2.6503754541226363,4.654006572201425,1.9533656303921572,Iris-virginica
6.279500188022771,3.0947766373199914,4.949049068935595,1.5525175528087498,Iris-versicolor
6.229449568457744,3.0894657747018726,5.485073003667625,2.0479364315023543,Iris-virginica
5.739093415065552,2.7569306764998003,4.248218648734034,1.0005681556714086,Iris-versicolor
6.978646460900581,2.906879978582749,5.739540053308798,2.0441828477422934,Iris-virginica
5.73468780784956,2.8230635239455055,3.914083668670435,1.077210904461286,Iris-versicolor
5.842838381219801,2.7615892739960874,3.686632611475742,0.838316150764044,Iris-versicolor
5.117468829982027,2.501205246848963,3.508573871350154,0.7475235900592987,Iris-versicolor
4.766149174953868,2.9402397688865833,1.5706834351555308,0.2703207800586331,Iris-setosa
5.994211722770042,2.916954527235779,4.285893028713237,1.5812175999764448,Iris-versicolor
5.604742334371656,2.767320455407433,4.415661033488744,1.4970701390184407,Iris-versicolor
5.016460480393362,3.5409032276270533,1.202397616521925,0.3285905656409132,Iris-setosa
5.7977602691445975,4.331611770004225,1.4034924097963393,0.03372511104011622,Iris-setosa
6.748515109995047,3.0269181157046257,4.383106570060664,1.1660773313119082,Iris-versicolor
6.277736648554205,2.7058857290313787,5.542301088657719,2.071422145319017,Iris-virginica
6.286971454213727,2.883031360038263,4.398393436800474,1.3702719568894761,Iris-versicolor
5.53308661635016,2.901448812826565,5.243001609887085,1.7737857428915476,Iris-virginica
4.52644251179589,3.2358400686067177,1.2254596664057587,-0.16862929977937938,Iris-setosa
5.700487361618162,2.0050064357750963,4.72176652041655,1.6759457692450104,Iris-virginica
5.224783097785567,3.4523640327578295,1.5137405238452297,0.15253460702983468,Iris-setosa
4.870803144598227,2.8074092762129803,1.6191066503994695,0.36945336398095086,Iris-setosa
5.336442070646845,3.5212083243731365,1.6539309598363194,0.750603301365965,Iris-setosa
5.6980206169957555,3.2932813189958594,4.7281278643326745,1.6727016684936042,Iris-versicolor
6.485868699654654,2.9075960322467003,4.904552460524101,1.5287941848380042,Iris-virginica
6.278587123159237,3.2211579767628415,5.512724921024987,2.0728614268792382,Iris-virginica
4.830135941385404,2.913181741827182,1.8839150154361506,0.34730413341132677,Iris-setosa
5.8303070113759174,3.127945034620836,4.663561302305915,1.8785279232677072,Iris-virginica
6.255427069351856,2.8156174951923414,5.568747730466264,1.800710108178951,Iris-virginica
6.493820848649445,2.7464275168080503,5.316176061545556,2.1420916533955907,Iris-virginica
6.593597296537726,3.104409609977458,4.253704924400309,1.6889664450044128,Iris-versicolor
6.451074617147549,2.7319468120116976,5.029095805619486,2.4409572757686764,Iris-virginica
6.073796301402171,2.815562431576249,4.140269985980507,0.9680097171172026,Iris-versicolor
6.9483113572063155,2.397846918225051,6.075177701497563,1.7205037742704856,Iris-virginica
4.815174217835278,2.552479665963449,3.441096915687855,1.0532011779838713,Iris-versicolor
5.684523032023352,2.933826574054089,4.4352492255303675,1.6190946418817271,Iris-versicolor
5.261909212195943,3.3107312892992207,1.4602330791241527,0.2915123594352911,Iris-setosa
5.561817565343118,3.4686826727949915,1.7796493258264459,0.678040680855408,Iris-setosa
7.121215858147666,3.1028664660238463,4.991693966560066,2.3772340560479757,Iris-virginica
5.319523650652142,3.9997480637270715,1.7830100309640842,0.3105710835216524,Iris-setosa
6.791812544334079,3.264388019179876,5.316499478321252,1.9364939402215966,Iris-virginica
5.66614945512045,4.112238594940838,1.3168986408090912,0.3864169161807514,Iris-setosa
4.959569279388536,3.262986243840668,1.126717185289388,-0.07150710890454942,Iris-setosa
5.0887543131110355,3.4491084480306613,1.4673753947958912,0.3320568799633337,Iris-setosa
6.223811985647561,2.823084580161514,4.926895316264513,1.6321918751964295,Iris-versicolor
6.461900776360928,2.80744309776511,5.757557279238701,2.0245157867783163,Iris-virginica
5.8264505180899695,2.940696690737905,4.814432156628382,2.6860397527237003,Iris-virginica
6.821384214858563,2.5256398527151096,5.923452489000559,1.769237162770988,Iris-virginica
6.554259960646032,2.9520407569398337,5.296124139857627,1.5387391434347835,Iris-versicolor
5.981245330573675,2.882993458478216,4.695006621613551,1.8894961546858573,Iris-virginica
5.263064301685174,3.5719513301353643,1.6600766925545063,0.43535432206085306,Iris-setosa
4.854140181426498,2.382190892209774,2.995124963167048,0.9755511476857461,Iris-versicolor
6.174969376848056,3.0916225731752984,4.892991245639321,1.6237632013874226,Iris-versicolor
5.503587200546809,3.1355069240527604,1.5506704200390011,0.3856205519352107,Iris-setosa
5.015710637111603,2.9049832343954707,1.5549636894238528,0.10957440090812964,Iris-setosa
5.053686457600473,3.473892673462333,1.3871388326592584,0.3444333887654209,Iris-setosa
6.935196574721179,3.406729146433358,4.846844227803027,1.6587413079827573,Iris-versicolor
5.839375662249918,3.6252844187850197,4.254386083099716,1.5276225738123548,Iris-versicolor
4.668025335051885,2.71551658506636,1.2965628310146546,0.20776249185611478,Iris-setosa
6.698407128159592,3.0898499693012034,5.67615067167058,2.2027652561630617,Iris-virginica
5.915061451523541,3.0173060179388984,4.873925281358544,1.9042925745349653,Iris-versicolor
4.503211807067502,3.4797713051297747,1.1376663304585124,0.07833797212253382,Iris-setosa
6.450927498110786,2.8780855304832036,4.986120988339896,1.9200955507603326,Iris-virginica
4.919733160978867,3.3020692043549613,1.736130956474668,0.10477544056060129,Iris-setosa
7.622617386440376,3.213900230683668,6.03603459773125,2.5642938485437403,Iris-virginica
4.9658257977265725,3.4198652063512256,1.2113054555972933,0.49499681731748846,Iris-setosa
6.620916937645652,2.7940380420573097,5.7514168049332035,2.045367891811817,Iris-virginica
6.891791435342826,2.89717979601057,4.525609813633569,1.3654673469154701,Iris-versicolor
4.927029260951269,2.6428305484336234,3.9958683553242142,1.1008454696788061,Iris-versicolor
6.301622638604786,2.5149628706856415,4.332832780001866,1.4258709523787292,Iris-versicolor
6.45955967376918,3.3091022112231854,5.861588012167545,2.162896589745273,Iris-virginica
5.957011427590683,3.272336765875775,4.551188965841424,1.883976309718982,Iris-versicolor
5.444636432659533,2.8482848008874786,3.773734615158737,0.7917323386470954,Iris-versicolor
6.207923235772428,2.8206398993821105,4.063268892479887,1.3720950082519079,Iris-versicolor
6.293395923838642,2.2553716100354784,4.195218609576148,1.2904079769171584,Iris-versicolor
7.154970942054815,2.8179149338464824,6.194802786317508,1.8025151904376104,Iris-virginica
5.496473986462799,4.147325721195493,1.308221547404722,0.24867647579153612,Iris-setosa
6.132499293605767,2.621834509803814,5.1383370785827,1.9769748519452037,Iris-virginica
4.765251678738645,2.1840345567045953,3.515048970802668,0.9753157392503303,Iris-versicolor
5.761128642702429,2.0712014512723345,3.8501088492384063,1.2535143633420098,Iris-versicolor
5.168623513663478,2.7466327203229928,1.2746973520885754,-0.047967817604638086,Iris-setosa
4.814705938121819,3.488936198220057,1.3143625931666434,0.3214680164774526,Iris-setosa
5.132179492649628,3.609659850728798,1.6308690904376049,0.5980303478818297,Iris-setosa
6.364644720820163,3.5368503772218927,5.552927128645992,2.1145058262145726,Iris-virginica
6.007724977092655,2.5652118963463284,4.172636104676845,1.1429179576384678,Iris-versicolor
6.185940772725035,3.39721618068382,4.620565600989586,1.2253843350136278,Iris-versicolor
6.857923709040198,3.226755399873497,5.819816672669351,2.59769194574938,Iris-virginica
7.032255548771199,3.376653661265627,5.975962822165716,1.8174596292115033,Iris-virginica
5.389412778434774,2.8214113215355905,4.349040956594852,1.6983975125217232,Iris-versicolor
6.467709744203716,3.372544952228338,4.358374720135348,1.3036333647330136,Iris-versicolor
5.638285703932725,3.016387041534008,4.02237547550343,1.4045545674900817,Iris-versicolor
6.565403623168971,2.6724103933784553,5.520203415719939,1.68520730951205,Iris-virginica
5.04922789648033,3.662881427444605,1.429386114591181,0.024087952392497336,Iris-setosa
7.115886418494277,3.1803360458320737,4.831950684452648,2.004238926797782,Iris-virginica
7.43811304520726,3.274710276026718,5.8680220160989265,1.676933180220121,Iris-virginica
6.452136450417522,3.314488225044041,5.438105421716076,2.4026959731775612,Iris-virginica
6.625248852506661,2.7359788988661777,4.320657275963501,1.3506386839053452,Iris-versicolor
5.234848687411841,4.085618519488814,1.9158168142768917,0.17363178547221797,Iris-setosa
5.019567724715523,2.9997444589549755,1.5344746863631684,-0.10979840849867459,Iris-setosa
5.003320500985889,3.491176088346826,0.9205970966544372,0.4414596792491684,Iris-setosa
5.067204316215071,3.571929295247398,1.39092914123475,0.5801456587687638,Iris-setosa
5.781709210774131,2.390059707840427,3.6375714824224943,0.8496768666862186,Iris-versicolor
6.641396168789672,3.1389846595974573,4.4390026637853035,1.4400043032169887,Iris-versicolor
4.7047767201668025,3.2743788073141533,1.816793954849597,0.19031405738196633,Iris-setosa
7.106387802611285,3.465166925831904,6.397836796054455,2.626928252458764,Iris-virginica
5.219448442322509,2.3194594775807857,3.775638300361544,0.79545832661204,Iris-versicolor
5.826018049570842,2.697900053577808,4.844221593966698,2.163867318392954,Iris-virginica
6.348012776354973,2.829841787184898,4.801600893438837,1.579281172737462,Iris-versicolor
6.5260675397891,2.2339658528655018,6.09499721942387,1.9187370083392155,Iris-virginica
5.86017701087733,3.7579332228430933,1.7075898904309366,0.10440037367839017,Iris-setosa
5.854343665139047,2.5509002434188974,3.969993466221345,1.1608827828182127,Iris-versicolor
5.41375707622817,3.02846957431271,4.099807783414883,1.0482249866428328,Iris-versicolor
6.35690454472983,2.7280258936017234,5.957759425520897,2.0210346375413697,Iris-virginica
5.884361556499634,3.0777733114142474,3.824007133686889,1.1717387865851063,Iris-versicolor
5.869036432914167,2.418603247223973,5.0947367008137725,1.371252570182679,Iris-versicolor
6.101887393171265,2.4315669909608437,4.649241240755424,1.4233756485639864,Iris-versicolor
5.583753652004104,2.670804298681726,3.745581953768865,0.903780425887396,Iris-versicolor
4.683392618582832,3.3701522424967165,2.0929041305585767,0.20188813607975464,Iris-setosa
5.681254255061399,2.2742303916277034,5.176660394948862,1.7990245794083521,Iris-virginica
6.549656879436267,3.039399724426974,5.038207635165693,2.082624156185468,Iris-virginica
5.185077745682476,3.7455495913169896,1.2428647634810486,0.18795506988434962,Iris-setosa
7.150990458997656,3.3068081330744787,5.034616898248426,1.3853690918303228,Iris-versicolor
6.643656538901272,2.7789419186185422,4.970132563018406,1.3169588119516598,Iris-versicolor
6.639021217459892,2.558630996087762,4.589294658741409,1.5177232506462999,Iris-versicolor
5.496040289294935,3.0882039723787207,4.4897754724778,1.484088055558702,Iris-versicolor
4.925804137867928,2.8172089955058417,1.2500396148611512,0.012204585948702745,Iris-setosa
7.130120991455647,3.2144046379308877,5.7531946230140045,1.6999142277348203,Iris-virginica
4.886549867918057,3.4659191723664664,1.7090673826278797,-0.03200979788528485,Iris-setosa
6.655449569275777,2.968059028096498,5.4421160631343835,2.368250992781593,Iris-virginica
7.01482789514962,3.1930989480036605,4.619130746088045,1.4084638459848844,Iris-versicolor
5.033563072141597,3.0228024301709606,1.5876008006614426,0.4891711189160717,Iris-setosa
7.856404104698475,2.977263709533932,6.356028940715875,2.3209329754166172,Iris-virginica
6.047211325489139,2.6045991243692406,3.887544685266655,1.0935161470891275,Iris-versicolor
5.84615586502986,3.06852730976391,3.378619366927057,1.4395970442521882,Iris-versicolor
5.98145090123939,2.868996429818083,3.948417868452619,1.0815657260564027,Iris-versicolor
6.412887874757316,3.4214640205044886,4.305401762956178,1.6497664229497981,Iris-versicolor
7.449787718504834,2.8634649431326977,6.701749539402542,2.0268549002671885,Iris-virginica
6.586677824427965,3.0166199292579474,4.6516287448015365,1.2049450071259746,Iris-versicolor
5.983119339893432,2.581429669821774,4.724041674888591,1.2901033270026812,Iris-versicolor
6.081896702808804,2.424543083208946,5.127361767669724,1.5279582797430482,Iris-versicolor
5.217217316945632,3.2986008346622873,4.645347798794743,1.7815180945589304,Iris-versicolor
5.771627427717322,2.739910327210073,4.843276233272117,2.1381506712627942,Iris-virginica
6.202337650542239,3.6983337765675186,5.420252098268331,2.653368804679059,Iris-virginica
4.534178974369025,3.6612838664092027,1.3298465038187253,-0.020943414481354894,Iris-setosa
6.597944074123832,2.9495354734860957,4.38013868485988,1.2802062882034548,Iris-versicolor
5.3201928936745455,3.112613262287219,4.632981565258403,1.3366525890021064,Iris-versicolor
5.802609100481188,2.8343689218783084,4.329084886542836,1.411882539160569,Iris-versicolor
5.356567961964182,3.1981845830223046,4.305774768811934,1.3012542298856669,Iris-versicolor
7.0501103959821565,3.2627060425568444,5.648701407160455,1.8123047040688958,Iris-virginica
5.8045473451649565,2.97775721162819,3.4885567638461583,1.3477608551992755,Iris-versicolor
5.584985681964868,3.0872334319828916,5.167218488481906,1.9145160270748716,Iris-virginica
4.938795619807094,3.0796582633239806,1.6398719361057117,0.31903240741526095,Iris-setosa
4.316396243609233,3.2844390829987886,1.4080531820064657,0.21147209960926772,Iris-setosa
4.4107771439128545,3.657405303948293,1.2816070308000151,0.4259874323109167,Iris-setosa
7.328146480681457,3.4573878152705224,5.787007986546978,1.7442509598241425,Iris-virginica
4.881251243665108,1.8231285997316065,3.7453949771081425,0.825111355896465,Iris-versicolor
5.811518753754199,3.1009715468520347,4.502703010828224,1.6044390871831098,Iris-versicolor
5.165951744514891,2.2445400064403924,3.135066679096722,0.7061238428671104,Iris-versicolor
4.369660623542791,2.861412504306216,1.325829668077468,0.10066017016048906,Iris-setosa
6.423747252994019,2.680470366478612,4.724981236579049,1.6284977167997523,Iris-versicolor
4.804448077764947,3.2982328913678707,1.5742979414530098,-0.10646320746439258,Iris-setosa
5.939853358326166,2.521613305116412,3.7596459389463517,1.3551087007228477,Iris-versicolor
6.852417976658366,3.5544632901623023,5.4222020035354435,2.5077113275774128,Iris-virginica
5.864600165710892,2.8670166150915044,4.432808521760514,1.44683758338715,Iris-versicolor
5.169916266697763,2.8934230755459653,1.3568685544161267,0.31811956846571177,Iris-setosa
6.456741842320445,2.9090804439797084,4.38768891607964,1.5788191287020659,Iris-versicolor
5.234966401748845,3.4133603028772725,1.1812851896640764,0.09371303465743,Iris-setosa
4.378995208686236,3.583728727719829,1.4842817631646352,0.01030372479486269,Iris-setosa
7.659532366216178,2.7311485230080077,6.006004997716863,2.0749554451787824,Iris-virginica
7.161583282053078,3.193403682169885,6.017312903421325,2.248794965430954,Iris-virginica
6.002576105245603,2.595313644350947,3.934174833461799,0.8615537583844045,Iris-versicolor
5.700539498871384,3.3501122065422915,4.8229311398491435,2.028363424313462,Iris-versicolor
4.969700677448032,2.5012993218443733,3.2885074109808152,0.7873406629123529,Iris-versicolor
5.9440685366168395,3.073746564329874,4.696316067884017,1.2532619854932907,Iris-versicolor
5.918554995617064,3.3854520414673757,5.293964668654785,2.443246605924706,Iris-virginica
5.986445353663439,2.6655727081174416,5.101115325676641,2.665263638240314,Iris-virginica
6.867559100567777,2.810423658023643,4.964409086507712,2.3370984823449445,Iris-virginica
5.585885680551303,2.3917172631105115,3.504035526557266,1.109914695831582,Iris-versicolor
6.552971794142488,2.780261259042664,5.349739953353128,1.5882826816431321,Iris-virginica
5.90074075015139,2.7090851061409844,4.971001478004017,1.4195557022440832,Iris-versicolor
4.749118171351057,3.4132310298341997,1.1028956234297207,0.3027119714170166,Iris-setosa
6.277896061392747,3.081333965125645,4.992792945367655,1.2017017808682255,Iris-versicolor
5.166117054022812,4.119600373718978,1.6741813746250944,0.36787298661480294,Iris-setosa
4.860604443379897,3.539103603008812,1.4304771837982144,0.09328793036000288,Iris-setosa
5.9245290929765435,3.597024616492896,5.694585315255704,2.006802826960444,Iris-virginica
5.324443800654112,2.3409991793222678,3.5901829097344553,,Iris-versicolor
5.9795877563084865,2.9568147459014766,5.090299695562419,2.027484138624246,Iris-virginica
5.162221701006532,3.4195836335159266,1.6202649826430462,0.2734354142513475,Iris-setosa
6.074893569079541,3.2663325544926796,4.647605050524851,1.7378043738506705,Iris-versicolor
6.911621230729959,2.917383168567416,4.421476525387094,1.368922838615006,Iris-versicolor
6.455362299724838,2.5982329469518572,5.671039532439904,2.417135575541197,Iris-virginica
6.314909451093855,3.236763815342367,5.401178317693845,2.0528658355427902,Iris-virginica
5.930749140564013,3.1377671573610235,5.398560765485641,2.527920690256561,Iris-virginica
5.886537826230978,2.9220284564137415,4.004213456272328,1.0895573269997019,Iris-versicolor
5.131822554143554,2.824016421301538,1.5162280542008206,0.004380816251614128,Iris-setosa
4.796449534445156,2.810250799159815,1.4577431800688538,0.42572665884583183,Iris-setosa
5.594841507271541,2.7389112240692017,3.616717974263316,1.106062949152532,Iris-versicolor
7.0353931886389764,3.4773367867561,5.437075489914995,2.586259025799085,Iris-virginica
4.4570883179471235,2.7193428698817645,1.488270498249564,0.42103453362398735,Iris-setosa
5.390793599218275,3.670948707613026,1.6123829053111982,0.46304817186011105,Iris-setosa
5.779732811175722,4.241933929808177,1.4526524451516423,0.22053749169644177,Iris-setosa
5.231817689630184,3.7395341869185774,1.6244480347775863,0.49454125510506775,Iris-setosa
5.75966514535835,2.5481558413993906,3.661522054494823,1.3147641927152338,Iris-versicolor
5.0185336214401985,2.8382567792224336,1.1286058975119866,0.10835590056481428,Iris-setosa
6.423672202367153,2.717025530817198,4.578894423722249,1.62462230586695,Iris-versicolor
7.0430979980343515,3.3314491631672873,6.070518331839542,2.544482057932334,Iris-virginica
6.240866401761129,3.025760961429523,4.742446680472148,1.9754659518975688,Iris-virginica
6.114087352855642,2.3849774602668314,4.5879516796446405,1.3028204084123,Iris-versicolor
6.0804460205175515,2.5066397160867173,5.266126844498818,2.188412370188582,Iris-virginica
6.358519685149055,2.9799570090491887,5.459285348403503,1.8095003000600884,Iris-virginica
5.574244502371893,2.621506162565979,4.495076843057478,1.5247337222835926,Iris-versicolor
6.484843193463748,2.994477249503802,4.283737314254818,1.1183073989209438,Iris-versicolor
6.545280252382613,2.8956802031415636,5.86877176841434,2.029267647360297,Iris-virginica
7.65704171716257,2.468287439049864,7.004798909328241,2.2445070905736197,Iris-virginica
6.4437923328585685,2.961943199755061,4.920572156856878,2.065736745409974,Iris-virginica
5.827912646719914,2.792084399592793,4.9740761984205575,2.0226654675465046,Iris-virginica
5.331896348010142,3.48800091517044,1.2186218499374157,0.41175590306486654,Iris-setosa
6.592728815078776,3.3676924023653996,5.515708794386869,2.434954477740492,Iris-virginica
5.393670249818554,2.1591867549543573,3.756496444389105,1.3195053847204121,Iris-versicolor
7.49299283111273,2.878500208304955,6.616897515257574,2.1781153014350036,Iris-virginica
5.241224826077204,3.9606838961896598,1.7994784642145423,0.5866427475689046,Iris-setosa
6.293009530035639,3.331839616081667,5.413206534329035,2.2800897569941574,Iris-virginica
4.976732550207343,3.6132442466684638,1.9092308850473543,0.44087022830264544,Iris-setosa
5.92010487322746,3.1837142842551223,4.3758676308300215,1.2869739361588477,Iris-versicolor
5.3339060082782215,3.1919623504560244,1.6281685417218903,0.08516611442735764,Iris-setosa
6.542127474945921,3.0533857706288745,5.399683271605001,2.231887880293618,Iris-virginica
6.012661091819884,3.089906032508089,5.011790198137896,1.7113587362056208,Iris-virginica
6.057455810544719,2.8126192402781753,4.738112433506437,1.4974459163970049,Iris-versicolor
7.38055474702423,3.0127412850887816,5.795996705335491,1.8620126616425183,Iris-virginica
6.04156658285235,2.7910850381804857,5.015107116015844,1.7583221949849095,Iris-virginica
4.3627409010396505,3.475644405778141,1.2220752392418013,0.30754704334134453,Iris-setosa
4.341034015566396,2.6071256797881803,1.6519108020293132,0.34073000450616137,Iris-setosa
4.922160764786697,3.62461406067657,1.6156493681782358,-0.034332212017235686,Iris-setosa
6.292487644418577,2.7470246836691232,4.425932683579515,1.6047097322465327,Iris-versicolor
4.697647516197301,3.07364969848751,1.6104078334032699,-0.07964861621750552,Iris-setosa
5.310609329346541,4.194951736901832,1.1415097550226374,0.39609390339734873,Iris-setosa
5.962905974691348,2.093708578048898,5.0977707808855754,1.6682620617988928,Iris-virginica
6.00094564691974,2.991136518592839,4.485754729269685,1.565085120018716,Iris-versicolor
6.405496244237141,2.9274775486262627,5.620349870636695,1.6820731471076904,Iris-virginica
6.88220664281674,3.0942864700545964,4.380434954263418,1.6643491813109745,Iris-versicolor
6.776869999241969,3.1629485415435328,5.388096806291222,1.9923532262205697,Iris-virginica
7.086442925521757,3.401660844915042,5.645632748907007,2.531196616366738,Iris-virginica
5.46342879401431,2.844153099458479,4.482588915139563,0.9459905881300222,Iris-versicolor
6.055236625036715,2.7046811722073905,4.548461424387632,1.241336456916697,Iris-versicolor
5.1679926714699205,4.039362910016237,1.4327321478833703,0.2162381198496221,Iris-setosa
6.477910127629706,2.8180538842240854,4.445603472893377,1.6781773873912396,Iris-versicolor
4.834371726031555,3.876410740032886,1.4415708169552715,-0.002033076015871327,Iris-setosa
4.829567440112243,4.096864334440494,1.4532719194680679,0.3890159209780531,Iris-setosa
7.146810468017304,2.9629873358551757,5.791210735122788,1.4918700738222066,Iris-virginica
5.023954906893029,2.7527526888905145,1.8944792694265886,0.3685799392050708,Iris-setosa
6.437817056656194,3.604275132458094,5.851357358745226,2.554257958726212,Iris-virginica
6.667014941893248,2.983212728955849,4.448652762262255,1.3613868204929473,Iris-versicolor
5.663491011504315,2.4352476866818877,4.161786525012367,1.3055047531968234,Iris-versicolor
7.196584163667828,3.230159601845147,5.5386903874650715,1.777494732446687,Iris-virginica
5.412507759567787,4.114659407164972,1.5833364790959958,0.6090392645902964,Iris-setosa
4.362972857867905,3.4775198891412216,1.1871396082878356,0.021067536669426956,Iris-setosa
6.6786275378844975,3.0637299709779926,4.254226961645114,1.2663525125052546,Iris-versicolor
4.650721824952914,2.4634450240522523,4.721167344197452,1.434451999111786,Iris-virginica
6.715064276430195,3.4811729043023742,5.607294209993033,2.29354172709705,Iris-virginica
5.406069990237326,2.597258669235408,4.643049223240876,1.7957488972630231,Iris-virginica
4.8426336769901095,2.7349098833030423,1.245322826254645,0.33824653632018076,Iris-setosa
6.1373129725944064,2.984027532533394,4.963876564325079,1.5376048454543803,Iris-virginica
5.36574165074054,3.1167337973541605,1.373110727215869,0.20472461345863008,Iris-setosa
6.150299073353618,2.8072388771359873,4.762588429992739,1.857986927283703,Iris-virginica
6.186864827423206,2.4899059000559873,4.889259913182003,1.680712470990554,Iris-virginica
5.984203775368143,3.5244004836274807,1.5000384850063408,0.26566265183054866,Iris-setosa
7.667630120711619,3.249942317995049,5.980712475560589,2.1082940595914783,Iris-virginica
5.8333178976541875,2.738090854636597,3.724912626610281,1.0888522902098827,Iris-versicolor
6.919654314101502,3.193723555932516,5.767803829223609,2.428555900542911,Iris-virginica
6.991701087661689,2.624406587583141,5.802096400618935,1.6244105428395583,Iris-virginica
4.228139857383757,3.0182793363211666,1.0887248250451222,0.2419369946133174,Iris-setosa
4.666966673561241,2.8448512530461034,1.5405266122895105,0.3070087180173523,Iris-setosa
5.164899832316472,3.0542426509631855,1.8155741314421217,0.3502425784555082,Iris-setosa
5.43217821899546,3.548329407706665,1.539854083994917,0.26605593127212496,Iris-setosa
6.21628149646703,2.979801173887986,,2.0931098683076654,Iris-virginica
5.407868741465114,3.990495867064344,1.4308628934556478,0.2124612399290386,Iris-setosa
5.366713631253774,2.6910197587497096,4.11059661643558,1.5755492436129472,Iris-versicolor
6.235990617645708,2.413312911394842,4.337878712796483,1.2215972717301176,Iris-versicolor
4.892623117132587,2.9902982464149708,1.1004242297399407,0.5396224672301877,Iris-setosa
5.500641316298385,2.2737951325923813,5.274033479020497,2.2231109650618537,Iris-virginica
5.627441983621974,2.5243109382421682,5.369209980373847,2.0481931915060536,Iris-virginica
7.940421145907184,,6.535471721820799,2.1418394170004045,Iris-virginica
6.479072399250824,3.3535065973499347,5.803831054254879,2.135887041143391,Iris-virginica
6.782668995318935,3.4749869779523253,5.97601621764547,1.8400926217357976,Iris-virginica
5.811774866371892,2.922705837704921,4.203775469758066,1.625987777178243,Iris-versicolor
4.80654973216258,2.2017262705280656,3.040594064384232,1.333165853191823,Iris-versicolor
5.60013540548343,2.8666450740435687,4.075264360678002,1.360615463623667,Iris-versicolor
6.250103822322959,2.243963950990529,5.032012548399863,1.2203241282867319,Iris-virginica
6.233591361238315,3.4163730991631587,5.515190656131804,2.1369075999709275,Iris-virginica
5.48970831200856,2.740735502636989,4.338082490989417,1.1645537881089219,Iris-versicolor
5.821728779633847,3.816327429001465,1.9164318537130154,0.48578509689832294,Iris-setosa
5.5003073460516365,4.282897878367472,1.4175065312929929,0.12328964723086902,Iris-setosa
7.350391701234534,2.7718576533767,6.367891695143392,2.1332342951710817,Iris-virginica
6.996913187877707,2.9103354765507534,5.011353895204357,1.2258721174385239,Iris-versicolor
5.954156817203306,3.7888412692536417,1.0761472202551172,0.4432468428784119,Iris-setosa
6.170106821824805,2.7243175294083075,4.440272416364545,1.263624900622852,Iris-versicolor
6.386517287975076,2.9909088803113297,4.1609448900340595,1.2531522404691278,Iris-versicolor
7.030520444240066,3.079927826001255,6.541137938574282,1.5607315028109159,Iris-virginica
4.671554447142823,3.463520128860796,1.583747159161034,0.11562032079880949,Iris-setosa
5.558603324909045,2.514288189948521,4.8333812872273985,2.45114459288332,Iris-virginica
6.420846155801456,2.5824051282396208,5.51333666386116,2.3457203014092682,Iris-virginica
6.379141497940972,3.109651776988831,4.683192725481668,1.1320941956710344,Iris-versicolor
5.622532320025045,3.484216142411151,1.2185235331521278,0.22088713865357817,Iris-setosa
5.809264778087568,2.71152450323866,4.922977242046794,1.7512613995700557,Iris-virginica
4.346214860073272,2.666336738858606,1.4149706463577942,0.2503492793900301,Iris-setosa
7.178867339591147,3.440465470168579,5.873857601061472,1.5406060789546117,Iris-virginica
4.756616359511441,3.1109303092535,1.739124544045397,0.6676002901145706,Iris-setosa
5.269852010375676,4.326012262799606,1.7656239236143734,0.31139481335415575,Iris-setosa
4.886178103458317,3.693341187356756,1.4428019592764754,0.0993731353445248,Iris-setosa
4.541732152698833,3.1819408659268844,1.233646910524888,0.4355621980350306,Iris-setosa
4.9104883698990385,3.073727035096603,1.5126037187548103,0.771726419768952,Iris-setosa
6.482155043979156,2.7410264921414904,5.116048657140808,1.460923092671813,Iris-versicolor
5.940809905818491,2.0865555559231086,4.629503156783803,1.3557284489239196,Iris-versicolor
5.442208702744712,2.5993928016425354,3.650414247207062,1.3021912745701538,Iris-versicolor
5.9805402737623945,2.5542139650588815,5.055516109849162,1.7318302455881005,Iris-virginica
6.113757221214044,2.8981939268013743,3.9704439223428145,1.4945909939207909,Iris-versicolor
7.105115628630174,3.2389236701399806,6.086715821831455,1.9754107389702336,Iris-virginica
6.0050065196409665,3.073365417526768,4.0839539887272505,1.3982257737300294,Iris-versicolor
4.791873081214722,3.395681403179356,1.291940238412513,0.3686421867085218,Iris-setosa
5.520891338102739,2.992211649954216,4.4351224652989165,1.4454290881226846,Iris-versicolor
5.6134198377433115,4.030842297225515,1.573722625295562,0.10048831345197387,Iris-setosa
6.609397012974274,3.37699151022714,5.351882494555221,2.1356491371654727,Iris-virginica
5.886976138374457,2.349942733814422,3.714200484204277,1.3681759149191353,Iris-versicolor
6.641904341023615,2.778494095951801,4.399877508542309,1.561811390062052,Iris-versicolor
5.221218466295326,2.0495249264286874,3.7335027455787952,1.2870937017868793,Iris-versicolor
4.960486170687531,3.652375747929231,1.1807994516888978,0.1489508706418532,Iris-setosa
5.753452240824823,2.709790930135484,4.807261608043122,2.284877210026942,Iris-virginica
6.667535025868708,3.110564452704092,5.789550860211877,2.0257152118493646,Iris-virginica
7.082955906893954,3.152532628015285,6.544516631060324,1.8335113128878227,Iris-virginica
4.965846276663865,3.2273475170154087,1.750065915412891,0.1659034877567019,Iris-setosa
6.144770392427448,3.1944571736526624,5.18958084466565,1.5440537680900757,Iris-virginica
4.950024609127477,2.373069722001293,3.513333298484258,1.1987138120983298,Iris-versicolor
4.699976517298885,3.027525045257876,1.6484671827845425,0.2831476621982634,Iris-setosa
7.461886755065756,2.7518757319752964,6.778493154818928,2.318070222859442,Iris-virginica
4.94919254089393,3.7645447972883135,1.7823736457464125,0.536597032517087,Iris-setosa
6.035506272808354,3.588455957154582,6.052078772729765,2.5239358840871593,Iris-virginica
6.409544451208745,3.1723617098046377,5.2678242460297415,2.0091125810361,Iris-virginica
6.236668516126621,2.7069612170868185,4.943826723317284,1.7711224177294245,Iris-virginica
5.223630973438823,4.153423776735083,1.4506837461464182,0.4812726230718099,Iris-setosa
6.667085450677131,2.7387389391737296,5.629024536681778,2.042335995555587,Iris-virginica
6.613578309708454,2.935272906714274,5.183388033383204,1.9166537062755158,Iris-virginica
6.255508561594992,2.0355526609441768,5.150438143452874,1.2160668726568424,Iris-virginica
5.0981624625925965,3.8423326198401497,1.8766434362052984,0.1297602099868148,Iris-setosa
6.60751983088588,3.128204495243483,6.066144444652709,2.5912766755489,Iris-virginica
4.959962344497391,1.8612587095280364,3.6952318752168396,1.0523524432357956,Iris-versicolor
4.591118612040715,3.834618435215549,1.0873101671190935,0.27060729372927433,Iris-setosa
5.66900066207922,3.432547898823834,1.715376022758628,0.39606992024025034,Iris-setosa
5.420412385367773,2.636358383912899,3.756453508722358,1.1908226413691883,Iris-versicolor
5.342220287444733,2.503968547045952,3.79228227675561,1.018714004953035,Iris-versicolor
5.382669477031712,2.666605944229727,4.991698473614685,2.0805251162236065,Iris-virginica
5.503444181558923,2.9092628105347043,4.214807498973043,1.1104003841830983,Iris-versicolor
5.520521121246143,3.086223245307348,3.7656050789698425,1.324092251065567,Iris-versicolor
6.621998912625973,2.809399740700055,5.260744526089933,2.0485444323086957,Iris-virginica
4.738243964019085,2.934374118929339,1.757280026808549,0.4949529550170847,Iris-setosa
6.8890797418692635,3.494363711127993,5.6736136468419325,2.4818014232553973,Iris-virginica
4.099033132387843,3.268350733050674,1.228196537215813,0.21200176214510089,Iris-setosa
5.594466483853031,3.617994972364326,1.07792769699107,0.32756063179102834,Iris-setosa
6.129470205846409,2.7427852221773215,5.335647491329275,2.0961208008734498,Iris-virginica
5.501582809986214,3.241353367820492,1.5459045448076674,,Iris-setosa
6.549502128798944,3.191545388710135,5.354408722732537,1.8570043866423265,Iris-virginica
5.409351359965758,3.589523777288327,1.6568066580905887,0.21997650254317913,Iris-setosa
6.493792868551948,3.151351598496336,5.66733050409843,1.7975727689730667,Iris-virginica
5.711445379752832,2.5734361112610284,4.226270469271614,1.4796886557091244,Iris-versicolor
5.015849189794532,2.5232921452729014,4.670520391442841,1.4096338409722386,Iris-virginica
5.8204692648058485,2.67103322144852,4.297268637386452,1.5456625474691212,Iris-versicolor
5.080415419864521,3.661757218013159,1.6015573829153147,0.009210696576973543,Iris-setosa
6.406915864963187,2.7628599537844294,5.180253654467127,1.731769070211112,Iris-virginica
6.30815078305423,2.7838640944006814,4.328381924265375,1.4744902799506674,Iris-versicolor
4.454185859999601,3.603246177410403,1.1851824389105026,0.5048382170360198,Iris-setosa
5.904233359612304,2.5980394477586426,4.504194947254702,1.126878170906073,Iris-versicolor
6.343985805407739,3.0792381132943296,4.791961131684055,1.5344727251366361,Iris-versicolor
4.854131303842152,3.1850112378748396,1.649075294977266,0.5951777829043956,Iris-setosa
6.429507434981183,2.629970220175038,5.766629243008592,2.0965923397931427,Iris-virginica
6.208779668404805,3.0367614758700996,5.167991758320381,1.7954626831086435,Iris-virginica
5.626541481079063,2.986504999296213,5.231810758060022,1.7882369324732041,Iris-virginica
6.187412104329701,2.933977547156074,5.514749430230597,2.0917369023416392,Iris-virginica
6.6251973685395065,2.5795447761834467,5.849872915333857,2.0173475620880548,Iris-virginica
6.5562677620652385,2.823434707981165,5.340200200349648,1.8823607439311942,Iris-virginica
6.819325270260826,2.9425374670950566,4.499931712878475,1.5532131306132857,Iris-versicolor
7.373173722566422,3.8231282179502757,5.975920140640118,2.6469875177347695,Iris-virginica
5.254545369176619,3.6533805025753123,1.5642010229791388,0.07377497950833681,Iris-setosa
6.914704929423528,3.0058498255182413,4.8682708338170295,1.4801341146719658,Iris-versicolor
5.683284022975427,2.7838847824971324,4.824060635339178,2.104861209808036,Iris-virginica
5.080665049656303,3.5445868554124957,1.7759763802132968,0.23758978214849757,Iris-setosa
4.771461087191183,2.0051394258835478,3.282984137324629,1.1878750310638728,Iris-versicolor
5.518195239362396,3.8972645055766084,1.26097819845223,0.23822291494651854,Iris-setosa
6.336930870421642,3.4756205720366578,4.5431357436043625,1.441120996871013,Iris-versicolor
5.059051916448086,1.7188404815256373,3.3731190639118203,0.8629146457357371,Iris-versicolor
6.204360247100583,2.780778128449927,5.386704628376393,1.2575978879021417,Iris-virginica
4.924472956346217,4.2423385168698475,1.3567093792516494,-0.15147455050120964,Iris-setosa
5.168247332350534,3.1659900279163646,1.4634330906863595,0.032412806654898235,Iris-setosa
5.091056900121884,3.4165393479173805,1.255418787994044,0.2535608854710174,Iris-setosa
5.538049447686218,2.4455137554513775,3.6307958019707063,0.9568100716901358,Iris-versicolor
5.606500690780133,3.7074172191710373,1.1308729895136347,0.09166412821676226,Iris-setosa
6.916215245561532,2.840150173152937,5.180531920442025,2.000707745835795,Iris-virginica
5.566048812543923,2.683984548490531,5.1442206411607945,1.8586506508047484,Iris-virginica
6.493171836466107,3.317566952484997,4.504175646951934,1.2578683284426204,Iris-versicolor
5.950076979424406,2.7982723250785613,4.643908035286162,1.5453125980297688,Iris-virginica
6.317019283761728,2.060781542221758,4.263421149622198,1.3470021774805232,Iris-versicolor
6.23758972814363,2.887991392953145,5.037826107543514,2.007370039713868,Iris-virginica
4.804345056093707,3.120837421613154,1.346160777580517,0.4056773417441334,Iris-setosa
4.931927117983201,2.68555015029061,3.2707134806469926,1.1243906220292301,Iris-versicolor
6.266280465320704,2.869938905016317,4.373388114805394,1.4579663399490956,Iris-versicolor
6.264651851159281,3.0475351081974793,5.513127048468138,2.004215961935097,Iris-virginica
7.249267574034045,3.7238787285799018,6.334607173907564,2.6831355068494815,Iris-virginica
5.745999104345005,2.8577996868442654,4.47650361004957,1.642607032794691,Iris-versicolor
5.071626383428295,3.4087966312698867,1.7385779139930184,0.26155492573273625,Iris-setosa
5.63428320101479,3.725712715524346,1.4780255076072741,0.47586353461576225,Iris-setosa
7.315299916874444,3.6212608695116497,5.965349944329949,2.6604722136486387,Iris-virginica
6.538813641312914,2.3323929310521954,4.899230761550659,1.7421092478599491,Iris-virginica
6.785213075618132,2.955492239944697,5.54286582727073,1.9816859533652749,Iris-virginica
4.753704160727472,3.1557159647702617,1.6417389193061562,0.031162147947553315,Iris-setosa
6.242005427134945,1.9289038078098177,4.207853669499363,0.7911909068193881,Iris-versicolor
7.1203778170227725,3.4565257303110664,5.690913182601797,2.20368710144525,Iris-virginica
4.659298620059555,2.4379657172682463,1.0555318171303343,0.4639767418820105,Iris-setosa
4.520648206043278,3.571852818034883,1.6092338399641881,0.14308438589582628,Iris-setosa
6.914671360161867,2.948458810682969,5.886261107970094,1.9580759970517219,Iris-virginica
6.232184916542175,2.3877154752696446,4.3097464596536135,1.1646263355073094,Iris-versicolor
6.453507864151176,3.3960351125177177,4.819592857500698,2.223066001060728,Iris-virginica
4.8553232756929,3.6084765737557234,1.505434611347264,-0.011609074592869528,Iris-setosa
5.128352579456325,3.4332066677245865,1.2351986534464683,0.3017677185962593,Iris-setosa
6.005344375848405,2.7829361259302576,5.266333955245736,1.612651006939362,Iris-versicolor
4.713277407228307,3.3312717890036994,1.4942651036561763,-0.18585453730823795,Iris-setosa
4.2114341923971335,3.485941223133112,1.2044779661255474,0.4301056644417398,Iris-setosa
5.467932617215045,3.054076092625965,4.702360471615799,1.3226305343851001,Iris-versicolor
5.373008101438159,3.3493699784280193,1.6104843493284384,0.09635357769573458,Iris-setosa
5.312873889032551,3.28437064883633,1.6986170351629382,0.587942838998369,Iris-setosa
7.0515946619935725,3.243732211263256,5.881610420373744,2.5400982809687203,Iris-virginica
5.626429304647111,3.789633497575196,1.6839307036437452,0.3673798665920004,Iris-setosa
5.505734532291301,3.3489185096257685,1.3627586156936118,0.5414330465432893,Iris-setosa
4.801477245479519,3.3890865453113457,1.791513999837762,0.4502910690833508,Iris-setosa
6.664563027543805,2.7976827387948173,4.509097385905379,1.4046395282756017,Iris-versicolor
6.22340223873525,2.76169267836536,4.791664573910005,1.8478980829144729,Iris-virginica
5.331289612777943,4.063158274062868,1.1316440058143773,0.6440899792669026,Iris-setosa
4.5476100472952545,3.2470059560958537,1.5248234442546873,0.48849570297798484,Iris-setosa
6.045638005434855,2.5916571538917603,5.003476186533665,2.0576889195434847,Iris-virginica
5.833671913192706,2.5553655828872985,3.905616695354362,1.0944602385515325,Iris-versicolor
6.003727450725065,3.1987268260330115,4.5407377355163785,1.699249059659974,Iris-versicolor
6.904987404448467,3.35841637833948,5.681261225166065,2.55323379558035,Iris-virginica
6.076648995063952,2.740440937449202,4.524572754449095,1.9504651314778443,Iris-virginica
7.899492813803232,3.022074276167749,6.603021421558892,1.9791704805444128,Iris-virginica
5.290268328336726,3.3333176047701585,1.7071653262099586,0.11619072184772064,Iris-setosa
7.60330687715955,3.882741297666967,6.842628958721814,2.0572296162219743,Iris-virginica
4.988883310083365,2.0502972774994146,3.3859367483218277,0.8041035266691943,Iris-versicolor
5.276152139799614,2.4313860673232135,4.655795671959089,1.2005314254072357,Iris-versicolor
4.940355820121923,3.6358604236073893,1.547232518871176,0.46977632852774076,Iris-setosa
5.1774986264403315,3.9212437623848224,1.4521637377676648,0.44417953620107903,Iris-setosa
5.76009061674237,3.538176845024168,1.512158117144848,0.16083519683231282,Iris-setosa
4.619592480036384,3.3851782228343192,1.792907315362572,0.3597365817173644,Iris-setosa
5.37139333258362,2.758400993908938,3.4895755098929095,1.0435510152141252,Iris-versicolor
5.08739270435231,3.9145925459718196,1.4256811316328517,0.39174229669667515,Iris-setosa
6.04848596897211,2.7337685825700992,4.8823141078682815,2.0494983801003075,Iris-virginica
5.633119318383307,2.467941635088778,3.6029740913188153,0.9405446489372646,Iris-versicolor
5.182064160935283,3.95340455648641,1.6232508853820518,0.45161121293359374,Iris-setosa
5.076569358749311,3.293293753880194,1.5558889611482116,0.3273780577476314,Iris-setosa
5.352872172241459,4.171870467405763,1.5711007093572382,0.2568206013362285,Iris-setosa
6.463050194421017,2.7689255873592784,4.374397158630625,1.0961835345606303,Iris-versicolor
6.409827574130781,2.893669977439886,4.997999333244044,1.5386315468947567,Iris-versicolor
5.665584516906029,4.166951194328644,1.4992892379569231,0.38903476386170843,Iris-setosa
6.671048147515527,3.052220435852233,5.793173334696733,1.597642824604558,Iris-virginica
5.276220646423187,3.172416771791717,1.2948580061245794,0.1511100753165287,Iris-setosa
5.2281463939286414,3.5919703421552547,1.50998975503015,0.20279346124860717,Iris-setosa
7.190603689315146,3.2354612417930824,6.040747108365451,2.2726717133302268,Iris-virginica
5.760302477520373,2.870234678264222,5.162471650218327,1.887179229383876,Iris-versicolor
4.960456527946203,3.652601390136459,1.611751596672864,0.6108970059209071,Iris-setosa
4.709243769081086,3.53067719175039,1.2555480843376061,0.3556221273378583,Iris-setosa
6.066949507745176,2.791753220805492,4.105741919361163,1.4821828266574082,Iris-versicolor
7.175005676132333,2.738129339836512,6.176064882103496,2.390428984287346,Iris-virginica
,2.2199889369777424,3.1907339046347296,1.132541620941201,Iris-versicolor
4.951054817101636,2.9710851018916937,1.4139319644412551,0.3694105601492724,Iris-setosa
7.497564669163737,3.0753614351611946,6.1416497681736635,1.918202205490338,Iris-virginica
6.4000478690579135,3.238491114219683,5.411216371082425,2.211500549239792,Iris-virginica
4.9351484302265485,2.9825344014874227,1.4200441194019855,0.17164918353487285,Iris-setosa
6.880470954940832,2.9663115349977813,4.572024625218332,1.2715859241584173,Iris-versicolor
5.615575346561663,2.7270805677373664,5.272271956992692,1.60456041982045,Iris-virginica
6.379688326451249,2.5552302449750015,5.207326237837848,1.5842196094190046,Iris-virginica
6.200533497823182,2.615758919478224,5.407623757052255,2.273103822632401,Iris-virginica
4.765210385160834,3.276797258250058,1.4340283639854006,0.4733640242594671,Iris-setosa
5.507415081859875,2.7340036487486286,4.8439220835848,1.7437519679428688,Iris-virginica
5.577797427553506,2.545368474049191,4.065011620164134,1.4441632351848714,Iris-versicolor
7.264870333236578,2.9523988840001176,5.799615179882857,1.7031704772600833,Iris-virginica
5.649526879330605,4.1425443053833915,1.1653892440913218,0.6655824024780508,Iris-setosa
5.417307008916448,3.115132087897426,3.9784582155844723,1.4051560703360173,Iris-versicolor
5.916596163047011,2.8367844585917483,4.36032602035077,1.3591879971926288,Iris-versicolor
4.94091901219827,2.373149982204184,3.1586139978465204,1.2892654842638653,Iris-versicolor
5.779778621394848,2.5886424963348706,3.974730960778984,0.9541872797989541,Iris-versicolor
7.136726975341896,2.942329359689801,6.332071622100508,1.633147313448762,Iris-virginica
5.751005262851304,2.82745569051177,3.2213456342860334,0.9839042817905554,Iris-versicolor
6.716071814775838,2.856764601329143,5.578111297169149,1.6994278577257858,Iris-virginica
6.311953934402913,2.603206338563655,4.585086306418371,1.3801029362339623,Iris-versicolor
5.2144458907684905,3.2703163696018587,0.9727920330994487,0.4529854684062631,Iris-setosa
6.101076607143716,2.65013880088744,4.664331132700571,1.580602071297367,Iris-virginica
5.844930886616123,2.9985205272150144,5.070625711088883,1.6519451250024626,Iris-versicolor
4.62158427059698,3.408392771185667,1.1896737114864884,0.22755898067769995,Iris-setosa
6.662501228713035,2.9408745827406086,4.308749192135819,1.2436041941204403,Iris-versicolor
6.644247323614043,3.2689530084428924,4.538776727444793,1.2392369590477181,Iris-versicolor
7.163480116527114,2.9898207991312793,6.585526476224727,1.8367084642195357,Iris-virginica
5.4674155272203935,2.55002714309728,3.6845058327337403,1.3671513852367427,Iris-versicolor
5.114332475660128,3.721061222909198,1.1711473210059613,0.4352292335962509,Iris-setosa
5.222636898637258,3.3868231131841093,1.9681108883735936,0.4431782145715122,Iris-setosa
5.076853538274884,3.178746275842964,1.3337458204758534,0.10856167273427192,Iris-setosa
6.666962182815594,2.9059683161398486,4.391121473185798,1.0878444690325713,Iris-versicolor
5.549180206151957,3.0282100488215553,3.930380387628359,0.9944043373312828,Iris-versicolor
5.194107963055725,3.9265889699225647,1.5842492603430631,0.45632333452753593,Iris-setosa
5.04501146687014,3.235794856678129,1.8569483762713381,0.5201128466315011,Iris-setosa
4.668085015342646,2.4983213468987757,3.172995783550355,0.9704264311128391,Iris-versicolor
5.6035400551271755,2.6849405582413963,4.583318543892912,1.3817087467325082,Iris-versicolor
6.394959959045695,2.9573480427729235,4.427069033136483,1.483716276826565,Iris-versicolor
5.370636418540215,2.5234896750570557,4.817161281667708,2.1198458958803137,Iris-virginica
4.865706154544433,2.911970195229474,1.1188266320596725,-0.07504226452373419,Iris-setosa
6.10403433356511,3.065404877123694,5.480961285055951,2.073621467033001,Iris-virginica
5.033952536673066,2.2465142463289602,3.274269739950736,1.2002233316352748,Iris-versicolor
4.71717329063679,3.025391853066545,1.4253374771177085,0.33510260739399095,Iris-setosa
7.646722195074657,3.92870920905154,6.50211235179981,1.7435215227356462,Iris-virginica
6.936872884158991,3.1526435075360912,4.972282647511627,2.3243790133373627,Iris-virginica
6.784424626672693,2.903818148343312,5.644230252308168,2.168371855203853,Iris-virginica
4.9831718920887385,3.6635427509437335,1.4491862941877711,0.28894903300068847,Iris-setosa
6.0093048556367625,3.608031362136259,5.74269749127751,2.3183686174631903,Iris-virginica
6.650866128239436,2.738955314329243,4.514720536923395,1.034501023557512,Iris-versicolor
5.195696042825813,3.286836349356685,1.3480743689713066,0.6555822162323481,Iris-setosa
6.755863963393433,3.1357678661048074,5.726753132996762,2.4852680531429607,Iris-virginica
5.733954470348483,2.907196366748203,5.14640733788108,1.6931074140456963,Iris-versicolor
5.0846972169033,3.1918980648806548,1.8160038494345205,-0.021555626424191232,Iris-setosa
6.539283840136322,3.059731967555798,6.2231140162242555,2.380347083719662,Iris-virginica
5.299150836829577,3.187367297682603,1.7006753184447427,0.06360329514442845,Iris-setosa
6.3666460503968745,3.2691189007335204,4.985529548646863,2.0780782315340995,Iris-virginica
5.541424159529555,2.327790786067435,4.009785831579067,1.1269571463735073,Iris-versicolor
5.9157531461704185,2.166345295305839,4.863553873595675,1.4783148625329312,Iris-virginica
6.399467891693521,2.6408361077418583,5.5860981755406005,,Iris-virginica
5.798335542320356,2.796234497392125,4.867627432636182,2.412749052515826,Iris-virginica
4.992896968728704,3.306176825331534,1.3660568714711068,0.31561773812055893,Iris-setosa
6.928052153239917,2.5990884442154,6.028073870551557,1.7710919995887866,Iris-virginica
4.724790781953149,2.5435260037108804,3.4082082929220423,0.7324351774885978,Iris-versicolor
5.1108208132016815,3.7565130863415126,1.1209207545965227,0.6990413854245539,Iris-setosa
4.412882896495191,3.383618457117757,1.5858269436479102,0.4717052802175059,Iris-setosa
6.791587946256064,3.392634185050468,5.982792712377115,2.4539178224366878,Iris-virginica
5.123310144192607,4.392131193680643,1.6138019465650724,0.30650113861952843,Iris-setosa
4.886671335226815,3.68031972679097,1.6585388400097592,0.0775591591955635,Iris-setosa
4.194762596235646,3.1504020289417585,1.041170435639258,0.14590148199894548,Iris-setosa
5.661308441548457,2.808735181231854,5.14646182922471,1.857693350085842,Iris-virginica
4.116333948762989,3.3478857032859404,1.0935371271773304,-0.03968095605022376,Iris-setosa
6.4957124173922045,3.490381406939584,5.380342972168401,2.5538543630594437,Iris-virginica
4.067919252698327,3.1612312026908227,0.9261592203636044,0.17302391453833985,Iris-setosa
5.690198184575018,3.9126807095604064,1.60536291546671,0.371486810802613,Iris-setosa
5.795896095015771,3.8782072869956976,1.8125926748517225,0.5319367285320872,Iris-setosa
7.808976352287113,2.5824353578111072,7.158358534671981,2.469162084134105,Iris-virginica
6.146097301510382,2.0246584319391845,5.253974423743462,1.5575260687738353,Iris-virginica
6.930119476120273,3.091544538770324,5.751291218085644,1.533796148926898,Iris-virginica
6.469186446914038,3.184249160574695,5.29055217848379,2.1237691420002545,Iris-virginica
6.729106573220441,2.899911658158887,4.837499051692532,2.285432091891866,Iris-virginica
6.222784245019209,2.740971339685578,4.835974733562067,2.0673087425585654,Iris-virginica
4.618503231238647,3.476422807853674,1.7412265457025877,0.1436298960125126,Iris-setosa
5.658408010576128,2.5281167535385936,5.102865217662739,2.0337298913268156,Iris-virginica
5.703752234660188,3.2032884247005113,4.71621314595707,1.7463790891001851,Iris-versicolor
7.842518039167289,2.857139784055672,6.902577680387077,2.2989538991961496,Iris-virginica
4.524968608926626,2.944279949586928,1.3229149771970479,-0.07503818048306712,Iris-setosa
6.345841174189722,3.581551798744111,5.572313670050003,2.008656269162894,Iris-virginica
4.956735975584822,2.915841448065147,1.4175585643524888,0.18734786669094064,Iris-setosa
6.792992954455071,3.159695629128014,5.191975504153219,2.103453757649714,Iris-virginica
6.161158882408653,2.5463282821614315,5.086013714216535,1.742799794173423,Iris-versicolor
5.672111224556358,2.2769921947326837,4.0884438462114066,1.1388523986997305,Iris-versicolor
7.302201060365835,2.8988421823561583,5.678886247187605,2.3053252646311715,Iris-virginica
5.97499852025783,2.9915932004168995,4.18232604580964,1.4303523441357935,Iris-versicolor
5.419315237943926,2.426414270954457,3.737488199254936,1.0282730704758383,Iris-versicolor
6.137140938963719,3.180523538258648,6.112299646673728,2.673651965545187,Iris-virginica
6.526824231885052,2.9339577128867167,5.228546762975616,2.2882418628012204,Iris-virginica
4.918554482594453,2.960737477662224,1.6547892160065518,0.06640677573072959,Iris-setosa
4.987341216812396,2.362857980201555,2.704859214267984,1.0963039358369802,Iris-versicolor
4.02254432550769,2.7644066974827597,1.3613078232032387,-0.1527954419015756,Iris-setosa
6.794902487469511,3.3865373342998772,4.992257735775155,2.2570687925419164,Iris-virginica
6.253861670081174,3.245184269854357,5.768380334866024,2.315917487544094,Iris-virginica
6.6510226384465865,2.7434502503959566,5.183543136995951,1.996566863233209,Iris-versicolor
6.296072600218834,2.8531840231777705,4.746625658376589,1.4390327703472128,Iris-versicolor
4.986055643874942,3.778458941811818,1.6972015602252115,0.4511223411831638,Iris-setosa
7.804705859976545,3.684997309760215,6.173902716221132,2.0882517696607126,Iris-virginica
4.905622282404243,3.2215415580841835,1.46704150752525,0.15515524460588148,Iris-setosa
7.622519040873569,2.9483153534306945,6.417837565870718,1.7837168737827542,Iris-virginica
6.801290373275478,3.049003349012603,5.790935962236434,2.360135390580529,Iris-virginica
6.366385242934668,3.405660361664561,5.695973338904001,2.464179279772921,Iris-virginica
4.393687894840402,3.0021869530332976,1.47202040508424,0.0701022910363325,Iris-setosa
5.0791810905044965,3.075496983691585,1.5147726376555397,0.06157479428639623,Iris-setosa
4.5349359322210345,3.160622738885151,1.5944550405021047,0.1294723565249314,Iris-setosa
7.0481470997846705,3.362646507920646,4.410148112642172,1.2707424964848042,Iris-versicolor
7.192112991688884,3.4033535981562713,4.430320310537568,1.39266147559092,Iris-versicolor
5.7227653436112025,2.8323537714962868,4.157302889019894,1.418835236350093,Iris-versicolor
7.29907096599808,3.3563099449316987,6.218346359709428,1.5578009006159108,Iris-virginica
6.2559285338507955,3.077088967361452,4.939823065555569,1.6616049205529833,Iris-versicolor
4.198523820131498,3.0072485558061004,1.5049007722259597,0.18408870274821065,Iris-setosa
5.299303779397972,3.3920999500561684,1.418010302831647,-0.09748001634412395,Iris-setosa
5.103316954747248,3.59328645241283,1.6499710186830732,-0.03173796808788776,Iris-setosa
6.359425786454636,2.512747917792486,4.952765103674885,1.5744719780657497,Iris-virginica
6.285942578737164,3.3087884549247386,4.733226930468414,1.407368003281622,Iris-versicolor
6.851538391814096,3.444854941715255,5.436893934543833,2.55960110680927,Iris-virginica
4.664612068947602,3.079195054095286,1.4305897848108364,0.0903547686568191,Iris-setosa
5.219566078680579,3.2395924440309107,1.9623095989051402,0.7251894518951756,Iris-setosa
6.186544210301446,2.890901727986163,3.8291309775446862,1.3887575449934788,Iris-versicolor
7.951384010114505,2.9991363937311077,5.823898747235441,2.4991256013563388,Iris-virginica
5.759044829794431,3.667806129827999,4.466795394741162,1.3939531743151683,Iris-versicolor
6.107767450308615,3.2674280209016002,5.622634474327628,2.2132571777753194,Iris-virginica
6.522909481891202,2.852115146498905,5.204444772714149,1.2082524737610163,Iris-virginica
5.566817510873633,2.5145374153879447,4.204111961123235,0.9842015994560929,Iris-versicolor
6.5035154983858945,2.4887815805818763,4.795104844739008,1.7347350461008917,Iris-virginica
6.180348905474425,3.1114379301914954,,2.0685505893941283,Iris-virginica
6.016561429896226,2.893785626698526,3.6129008083016507,1.4815706779058155,Iris-versicolor
6.681490095460237,3.1164999859407185,5.826551820119247,2.311140483354361,Iris-virginica
4.874180245432929,3.306160834843061,2.155593204663581,-0.015713571506145052,Iris-setosa
5.251873277858151,2.895373088043594,4.080588070605468,1.1416230410667771,Iris-versicolor
5.8028326679544895,2.811026668593614,3.6261858711451778,0.7381799584387774,Iris-versicolor
6.605185049294871,3.2875686664392965,4.919277232636732,1.9278869844599191,Iris-virginica
5.954280159996809,2.167218769250309,4.706680518244353,1.620460757204185,Iris-versicolor
4.770080218638064,3.5102275966293526,1.3708989884141707,0.8187467980598953,Iris-setosa
6.531043302533693,3.246436984174738,4.5015734313879605,1.6880884772579032,Iris-versicolor
7.014022373134153,2.7453510101518113,5.4970126089319695,2.058064036834068,Iris-virginica
6.271200700217273,2.379445922611729,5.037482726629039,1.2162426520571556,Iris-versicolor
6.09125112406208,3.5489091718045804,4.707791535985634,1.8767335389219324,Iris-versicolor
6.686760489235632,2.8240335470630282,4.33706385770574,1.327945245470575,Iris-versicolor
5.590710480692576,3.6757725237762715,1.3845078988447919,0.42310220451415764,Iris-setosa
6.22662199640855,3.041364613279556,5.676245804347175,2.3079562865201377,Iris-virginica
4.87025041217312,3.3286075929441625,1.2613727259842684,0.3913168121558869,Iris-setosa
5.315640990517222,3.7683383797432586,1.2270598479575656,0.36615822119706787,Iris-setosa
4.665639656483708,3.2487648774385085,1.661497962819179,0.5043851273784041,Iris-setosa
5.170521247284594,2.8102429558312405,1.5583820410087732,0.3115111703380651,Iris-setosa
5.916375274415395,2.8158858602633448,4.156086941821027,1.3566073416150293,Iris-versicolor
5.641154759518423,2.7768054297234546,5.1517474326658705,1.8604662482795393,Iris-virginica
7.092988024831873,3.1247521297325487,4.914919375301485,1.5587089769357154,Iris-versicolor
5.736008362997058,4.006008190317475,1.5030886072969118,0.14998849960077554,Iris-setosa
6.566855698787543,2.946108914764754,5.32505288831097,1.9702594108497813,Iris-virginica
4.855791018794082,3.6464481308316534,1.2847696775149102,0.2941712658458446,Iris-setosa
6.086733194803006,2.9881210341338345,4.333938105320499,1.5528352255110724,Iris-versicolor
5.435771410972959,3.9577932548155355,,0.39829593893914794,Iris-setosa
6.219443625662461,2.902446108981295,4.177002574250456,1.1879088646785556,Iris-versicolor
4.260216468941653,2.802432531614989,0.8469124197843478,0.3229046967298105,Iris-setosa
5.2437230764239295,3.583964518803465,1.4996965941488103,-0.04071573947934842,Iris-setosa
6.966842161633064,3.150402365584919,4.845138926386147,1.2147353128309137,Iris-versicolor
6.5523796585494365,3.0015717543499845,6.15339186922436,2.5409037370741956,Iris-virginica
4.998886456299418,3.004497452894872,1.8565262917157157,0.3822655505035079,Iris-setosa
6.753853359764269,3.5875104583457635,5.716396421914724,2.25680837862299,Iris-virginica
5.0101521441177885,3.3038438104247656,1.443953799980635,0.4831500167698778,Iris-setosa
6.273258490633033,2.698567551363222,5.66852524033499,1.4459925422539597,Iris-virginica
6.856042433151089,3.1893487659026047,5.747755048148071,2.5081683493970117,Iris-virginica
4.92723700682229,3.6133065433995304,1.837367824569925,0.4227403328335463,Iris-setosa
6.343410280945752,2.7085839464577974,4.411437949564976,1.3403991535408797,Iris-versicolor
5.998934859500334,4.12416956171456,1.5140037116487721,0.6001826692228678,Iris-setosa
4.258033978365811,3.266527013861595,1.29258270522359,0.41396901801399466,Iris-setosa
6.327762636914866,2.9456731446395072,5.456268135661172,2.3458182658060767,Iris-virginica
4.664556025643095,2.958687504840168,1.5952704881102386,-0.13667676335997356,Iris-setosa
6.796724840237778,3.140774241465076,5.861528761723675,2.0663682892449384,Iris-virginica
4.759966020886207,3.3870685280542836,1.1203993006325381,0.1321247241425316,Iris-setosa
4.497308092162701,3.314141659746607,1.620831999244697,0.3092359868429568,Iris-setosa
5.73595280585994,2.5016630771949555,4.430116549469661,1.4992972129247193,Iris-versicolor
6.273732321332252,2.591554847167195,4.676397649221408,1.7095828233752621,Iris-versicolor
6.563848631150755,3.170736520243478,5.339172092287361,2.0315907874236405,Iris-virginica
5.687499761994216,2.734748226178809,5.34814330104366,1.9121174833425894,Iris-virginica
5.544882487191959,2.8337382597748157,4.209271868564661,1.2248560519300173,Iris-versicolor
6.003308433156159,2.4854035507730603,5.642550350016832,1.1144560370915504,Iris-virginica
4.785761975018499,2.7848637793230413,1.4616868723256156,0.591029223753942,Iris-setosa
5.636495378679618,3.8792734760944665,1.5737520250050865,0.025200307339921624,Iris-setosa
5.08314259603522,4.381006452049371,1.681239420377072,-0.11683593156651378,Iris-setosa
6.189921128323502,2.7090141806652968,3.801977041013978,1.5997829776341619,Iris-versicolor
,2.9381506475767556,1.2629148441043665,0.08545294104994836,Iris-setosa
5.479753055198647,3.173515880638315,4.188041251690089,1.5738448108006602,Iris-versicolor
4.9608146005417035,3.5008542178439908,1.9552440259393973,0.34555546365059087,Iris-setosa
7.75787081152201,2.878185323647696,6.665354734613031,1.8969719241932774,Iris-virginica
6.467326851971311,1.914948077158534,4.484995680375113,1.6995132400563167,Iris-versicolor
6.129523903591239,3.164396548321931,4.164888981047975,1.4689014090197883,Iris-versicolor
7.0218502438202,2.7463301934433364,5.809686280999096,1.6565951137913895,Iris-virginica
4.411396338563982,3.0583889541654417,1.5054412051115418,0.03369748316538829,Iris-setosa
7.162900898892092,2.8622226618074285,5.811627697376646,1.8175935608476406,Iris-virginica
4.7192012090267195,2.9601283858816823,1.2377084230769106,0.4883211223081554,Iris-setosa
6.15290660160224,2.2999841005513963,4.175099931374725,1.0445491913763565,Iris-versicolor
6.307473583952967,2.9422671271554584,5.443366808830902,2.185831067456494,Iris-virginica
4.821618096800569,3.077649586569207,1.5470407191581603,0.2474155100772909,Iris-setosa
5.17239547199638,4.047613805346757,1.3948001359585707,0.37199096867678355,Iris-setosa
6.2064669360206075,2.7765723600773953,5.5242272456968,1.9843681887639293,Iris-virginica
5.629015456234281,2.616608383465218,4.002398679356751,1.1076212706296826,Iris-versicolor
6.679768934629068,3.0010302438005168,5.43707991821101,2.407862652602336,Iris-virginica
6.817829017282515,2.988984278843774,5.215937606949049,2.152370688796761,Iris-virginica
6.886339009808881,3.3844471252318433,4.154493658116717,1.5704177514309774,Iris-versicolor
6.425616636979656,2.451936444125853,5.817771246773145,1.813341599869374,Iris-virginica
4.563953356533324,2.6216934582371745,1.321230855383744,0.12575934728740235,Iris-setosa
7.306548608358858,2.732076940806233,5.946864539767636,1.844722401908159,Iris-virginica
7.2230238297366665,2.8691446691419107,6.125623052992798,2.094438211525069,Iris-virginica
5.723224934475665,2.6264443621624007,3.9041724326066825,1.2349057571725237,Iris-versicolor
6.019243137279843,2.6288002240688986,4.812250978251554,1.9338226014811501,Iris-virginica
6.429571465624223,2.6938647221420986,4.8963500849190265,1.124593959579298,Iris-versicolor
5.789885494573733,2.479294137261376,3.5943119987618974,1.0016318561286024,Iris-versicolor
4.851786253062644,3.21920680870043,1.3473674605714256,-0.06711924151746129,Iris-setosa
6.3029652618700025,2.7773197710835316,4.638156331363928,1.3268471597359295,Iris-versicolor
6.477684196447239,2.761963734760519,4.450278333017549,1.2103526603572792,Iris-versicolor
5.850537252940406,2.817861112871611,3.251610436451115,1.127348977774385,Iris-versicolor
5.132578147934423,3.238842375733843,1.5715073895508558,0.3117086848824526,Iris-setosa
6.207331070637905,3.157484373226683,5.075743267185921,1.5169119608284152,Iris-virginica
7.557148041591691,2.6643751401535907,6.147377577130104,1.7342044164540562,Iris-virginica
6.239625486024765,2.9996636117447015,4.828599273717249,2.215050534201589,Iris-virginica
4.855520558754956,2.9137595752712953,1.492647277548234,0.2811047984008794,Iris-setosa
6.593888735933441,2.8911795042502444,5.152131984986318,2.219648616024667,Iris-virginica
6.018316015394495,2.9767439696846187,5.143029888411152,2.096124160810939,Iris-virginica
4.734379569147398,2.8812137745844737,1.6373605411367524,0.030051355338134245,Iris-setosa
5.784514661850193,3.331863172672312,4.484588643050964,1.6808454615280952,Iris-versicolor
7.269288448634647,3.3209401806129657,,1.1120443370376405,Iris-versicolor
4.758370067418288,3.656245135428277,0.841250239901403,0.05734891963730185,Iris-setosa
6.751275552925234,2.8933595084076362,4.622869251955701,1.6497588741906555,Iris-versicolor
6.242971531336589,3.4901462876702745,4.498703207736883,1.6790149931119691,Iris-versicolor
5.19694111111372,3.1426736712493732,1.662490273086395,-0.17922951435049225,Iris-setosa
5.741246942030703,2.3696969291360244,4.023482258808762,0.7719856656728954,Iris-versicolor
4.5222380696416,2.7432025250344108,1.4699568863781898,0.2519465189911668,Iris-setosa
5.665541420946267,2.805812028753948,4.275131085865327,1.2223647440280907,Iris-versicolor
6.607076879220789,2.8264520924659133,5.2064629052449725,2.071504798363252,Iris-virginica
4.12351002310883,3.1177448782737414,1.5128860008842995,0.04922054989603042,Iris-setosa
5.838121145673841,2.7912822916729354,4.3285511166235064,1.5232026165324555,Iris-versicolor
5.090648530137155,2.7758024626385502,4.539617442675905,1.6611070705696298,Iris-virginica
4.66137465781729,2.8271491574746985,1.5245667591429182,0.14403304692563224,Iris-setosa
5.0578662766694995,3.030947049351569,1.3486195927093076,0.2739447076603461,Iris-setosa
8.040024530348443,3.5207431897060744,6.558302662879145,2.0361914483056283,Iris-virginica
4.7990581173861,3.3234781038935526,1.4832988957777111,0.14146109800390194,Iris-setosa
4.6182349305830845,3.411462300055024,1.0449510381469722,0.4606511937767651,Iris-setosa
5.944023602066598,4.217848536750186,1.3131635828510935,0.1609970788891804,Iris-setosa
7.11648160132433,3.1550868291048824,5.894816167395125,1.7542223255052343,Iris-virginica
4.921660613556686,3.423978225876888,1.3310678597621333,0.2167229580426132,Iris-setosa
5.815753562364422,2.4082306202791273,4.845297207203212,1.5280022306676202,Iris-versicolor
5.8314430668171315,3.5600362523100446,4.659264568388244,1.8375924572703748,Iris-versicolor
4.477764358954891,2.893755561106989,1.1310682118014537,0.35515974193140665,Iris-setosa
6.860103067412967,3.069262862015994,4.161029742067538,1.4134968603229736,Iris-versicolor
6.749357713990088,3.345485944735777,6.000169105629152,2.488085860245305,Iris-virginica
5.281270518096186,3.7774417061061416,1.41536368498453,0.2584516379783335,Iris-setosa
6.2377228832986855,3.2535909277370596,5.59156130305647,2.2494072507334844,Iris-virginica
5.668995553548511,4.047677671878124,1.2866041263532915,0.316558842344765,Iris-setosa
5.694055566701502,2.8094825556703578,4.243977100307839,1.2197904713055694,Iris-versicolor
5.61962220592629,2.975661286622465,3.907649133510347,1.5753383126980165,Iris-versicolor
6.533191583893566,3.1345490836647816,5.483767245167742,2.506860874951404,Iris-virginica
4.70988787818759,3.1593285128814137,1.5826150982835183,0.34667117252416213,Iris-setosa
7.4041240398838735,2.924992178406923,5.687417332608952,1.813939597120712,Iris-virginica
5.1540133629497085,3.412709532814985,1.2656402437194436,0.4583945200843039,Iris-setosa
6.013392133271911,4.299184858180256,1.087616115301249,0.3082602542521012,Iris-setosa
4.711543910106342,3.2628787439928275,1.6918884252301278,0.18459497305077519,Iris-setosa
6.862213135018328,3.457858189088823,5.446388001540374,2.0335824110907827,Iris-virginica
6.204579738228652,2.122283570430317,4.069135178267965,0.7799279824768519,Iris-versicolor
6.493081572065162,2.9637934024001056,4.508186016100912,1.3184537135068726,Iris-versicolor
6.031347061473158,3.130102618017083,5.455655019297518,1.6473861630316893,Iris-virginica
6.269871050348389,3.1176087229942366,4.505956137868045,1.7982595260528074,Iris-versicolor
4.920786095930309,2.2005695766507807,3.0051298294413153,0.9053795502116014,Iris-versicolor
8.089698930813313,3.568416770478675,6.169571628044714,1.989876242154828,Iris-virginica
6.636068435287878,3.2714400462164632,4.14028414368839,1.296927795189878,Iris-versicolor
6.657758434910307,2.6869287045160903,5.734825346460613,2.372130997000527,Iris-virginica
4.7949422824440875,3.22638190501862,1.5332022113784793,0.13609914551383961,Iris-setosa
4.728060294130667,3.2373263566298727,1.7931870793181073,0.09355452396461553,Iris-setosa
4.914580476995436,2.748859209497643,4.254171003936575,1.9103007762598347,Iris-virginica
6.000768178717133,2.941333278326629,5.055531021255717,1.3923712527083105,Iris-versicolor
5.593993191603783,2.5163204078490624,4.339717553844098,0.7882588214138182,Iris-versicolor
7.170997619803321,2.736219384347387,6.571947426951656,1.9475600835283478,Iris-virginica
6.908894194995578,,5.002905476823018,1.8924782202685229,Iris-versicolor
7.80498866888579,3.5659817949855115,6.959117132619629,1.9214993145055512,Iris-virginica
7.688271637804411,3.0963018932099313,6.071557503182507,2.1295849889619767,Iris-virginica
6.355145557780571,2.9992011313416556,4.771105432622458,1.151356923228644,Iris-versicolor
5.90796523829408,3.094270903473285,5.118325465379741,2.0097768815211006,Iris-virginica
6.852402816734605,3.0113118468542,5.667921578955213,2.4763653197260003,Iris-virginica
6.810570987099257,2.8832709288795413,4.395776553800348,1.505856985912046,Iris-versicolor
4.788764948944798,3.5141299706616946,1.4979110265372166,0.4626670461498408,Iris-setosa
5.619649787539638,2.7816854810999763,5.008503782098041,1.8584727670570234,Iris-virginica
6.54205810239101,2.353661714317072,5.732775425345361,1.8291138953567387,Iris-virginica
7.443387595073107,3.171530348001465,6.2600281864681495,2.4948189761061665,Iris-virginica
6.24054768095106,3.0569586120411687,4.730944652144224,1.5454558422741114,Iris-versicolor
5.810771419894491,2.5974818186368314,4.658879496154723,2.2117383822191052,Iris-virginica
6.362364389617785,2.3004757544391405,4.267356269210801,1.226450246129438,Iris-versicolor
6.087264217985391,3.344271606373437,5.362843856725141,2.6835237053741534,Iris-virginica
6.006942952672159,2.9407624817948994,5.009633260995925,1.7671086902997688,Iris-virginica
4.597305427114961,2.6984404665226327,1.140248528067842,0.3974837283158316,Iris-setosa
4.223127842124795,3.2708167594553794,1.3878522220686276,0.03240750002626838,Iris-setosa
5.057788319552287,4.0949095836059115,1.604466024972516,-0.10250902013181354,Iris-setosa
6.060195754143367,2.8392546029607075,5.5299450707405775,1.2695464603399056,Iris-virginica
6.759788237703451,2.8238326214872504,5.52728236191988,2.302691565133432,Iris-virginica
5.842215471683835,2.4046934261580843,5.701239044591468,1.214211891859347,Iris-virginica
5.669731581737201,2.4063898641458277,3.7732309076764943,1.0785149298034034,Iris-versicolor
6.124112428401268,3.0168807770320463,4.462938255300422,1.542560806317018,Iris-versicolor
6.032958050648695,2.3384960056557533,4.200111908495173,1.2740627262798474,Iris-versicolor
6.103957224718836,2.9197777266289315,5.340370769102013,2.0293828777987,Iris-virginica
5.642958978864535,4.055946092037602,1.1779497099092555,-0.05757217862862418,Iris-setosa
5.8256260644053315,2.769907626308292,4.546201062410587,1.5395372727507304,Iris-virginica
4.707453014526613,3.2080759459764265,1.4388700170143587,0.037910229951382074,Iris-setosa
5.667208318997005,2.5843163589795735,3.382434974902008,1.1504864942907571,Iris-versicolor
4.990039707556295,3.1555422382227682,1.4396335205803954,0.4510974099100279,Iris-setosa
5.4228611772304625,3.9907876016382717,1.4015397042762783,0.1734022240816342,Iris-setosa
6.010951119878541,2.7809843707076953,4.423972100769537,1.0926069394439792,Iris-versicolor
6.842398109508313,3.265590117615813,4.892078814740647,1.458397190465494,Iris-versicolor
6.65309653666638,3.0637307228353743,5.7890899482121325,2.052722575750285,Iris-virginica
4.5082657061069416,2.9166309418703467,1.843922604546721,0.11458796451518152,Iris-setosa
6.194817296750122,2.3458384406819266,4.838832481156164,1.862767755915466,Iris-virginica
6.295007827199392,2.5822492755227615,5.496758415794176,1.8720200192269878,Iris-virginica
6.468479929059222,1.9704481302273298,4.705415084733521,1.70592339485303,Iris-versicolor
7.0522785154499825,2.9922070752646777,6.173614307715761,2.32183900708266,Iris-virginica
5.515304362276264,2.851878752354155,4.104472995952281,1.079059478850198,Iris-versicolor
6.274690693884605,3.173022667283788,5.440924577881004,1.5533428328494732,Iris-virginica
5.658629640813962,2.880878870440446,4.891441730688649,2.2893748158857252,Iris-virginica
5.424603568217332,4.43653285120978,1.4156859523570287,0.2022907474440907,Iris-setosa
6.690022190407926,3.119828927127746,5.1067057023519835,1.4855463973413727,Iris-versicolor
5.528281779245576,2.552876970157545,4.780220606604535,2.1293400601860437,Iris-virginica
7.529157773610831,2.368297153213813,6.6928256128139445,2.2057409965677666,Iris-virginica
7.574604915869932,2.5507296444517977,6.551625109763891,2.1105661793944517,Iris-virginica
5.705194698097158,2.9987570993539236,3.9072361501437007,0.9497859614972608,Iris-versicolor
4.723991968886772,2.96865663464575,1.3952301706687014,0.09419779640417739,Iris-setosa
4.776051261619171,3.3497665915588986,1.3587824170627554,0.6731937540960418,Iris-setosa
5.850994665422135,2.887057326286784,4.13758123963291,1.0071692404461252,Iris-versicolor
5.830017574738477,2.7108435711204435,5.218165809583739,2.154130905468751,Iris-virginica
5.865332316820708,2.6519354556375854,4.407172545557855,1.2405917520660708,Iris-versicolor
5.974820512811771,2.80898640150272,3.7533892483694835,1.4158995000852814,Iris-versicolor
7.875399483336291,2.7165534445067854,6.773893514144142,2.0206427384110857,Iris-virginica
5.053507532934509,2.9217674061162087,1.6218128078937113,0.12280710056678204,Iris-setosa
4.825997411254754,4.0380778417511936,2.000032648369749,0.6803762021829249,Iris-setosa
6.889376455083303,3.0308037631955416,5.092707861719307,1.6661453364934007,Iris-versicolor
5.401330410273722,4.141588493195531,1.4096311839040712,0.5494213501086697,Iris-setosa
5.445251639853635,2.300230607951041,4.069255426848025,1.047838482875941,Iris-versicolor
6.135544642235099,2.675754599722148,5.5650812575708954,1.9715552480631098,Iris-virginica
6.647235661888217,2.567406974723171,4.796432625264804,1.5083993088190149,Iris-versicolor
4.69878309309053,3.163846229346063,1.659388453226111,0.11541632774330368,Iris-setosa
5.350411648057507,3.2271807739736005,1.2774274040387232,0.10138129867868786,Iris-setosa
5.61865922149825,2.60010395906952,5.2217189618374915,1.838379136386698,Iris-virginica
6.3001292146596395,2.981818082979964,4.2607809639174565,1.234348552007166,Iris-versicolor
5.095453915604316,3.6407851746764313,1.3368208423232375,0.32807036698479725,Iris-setosa
6.060263471889703,4.030453540833096,1.1923386945584487,0.2602661520330317,Iris-setosa
5.4793587503569885,3.92763417038592,1.5261556611386542,0.13827390078993268,Iris-setosa
6.2328998972205305,2.6089157126738645,4.929078727642259,1.6386079230748316,Iris-virginica
4.508372728476274,3.13326240334221,1.187538593533199,0.48030538636980047,Iris-setosa
5.070206337850526,3.407263540097802,1.4216987944395152,0.33515449837432437,Iris-setosa
5.949112729959668,1.9394941856943602,5.271226320351624,1.7897029725726195,Iris-virginica
5.446310473257071,2.208982640668007,3.6887281828578815,0.924932545453609,Iris-versicolor
4.884529754798524,,0.9298186117268767,0.09839398883895495,Iris-setosa
6.348132240203364,3.476677815710284,5.488764177448796,2.2937206285340803,Iris-virginica
5.368693102717489,2.9584897349269292,4.742810744197607,1.5357589501249393,Iris-versicolor
4.347375750584243,3.413835582534633,0.8525858191489153,0.3043395329760749,Iris-setosa
6.133902965252512,3.223863546603082,5.706763216867828,2.6908382045322226,Iris-virginica
5.127388263920174,3.172003399460504,1.5425156851612059,-0.07121249541254393,Iris-setosa
6.597746226834051,3.529379639916672,5.85678367783162,1.8959527702361179,Iris-virginica
5.7132407067215585,2.5988898616851133,4.557579081063169,1.1549364062895302,Iris-versicolor
6.000506729568227,2.7324611462049853,3.9754120955532364,1.1417169407148562,Iris-versicolor
5.000276574730388,3.4480974942687834,1.212557262315494,0.005958984316014437,Iris-setosa
5.8993821284747066,2.745545916363872,5.335973165784232,1.6408711062288297,Iris-virginica
6.492604004987531,2.0529577348654113,4.593949196554485,1.235987282120143,Iris-versicolor
5.71165678136133,2.521268581763761,4.910761563349421,1.443460591122436,Iris-versicolor
6.455958583113923,2.2266621823297372,4.5659287803514435,1.449643223946214,Iris-versicolor
5.987124851302189,1.9064171985038512,4.223239081449015,0.7260099235322697,Iris-versicolor
6.157419408488834,2.2435358936984837,5.1198069709060245,1.962243687123186,Iris-virginica
5.055207045962272,3.319196284470789,1.8674658167554266,-0.09974056058785169,Iris-setosa
5.8644890094094,2.4541626355840886,3.92779813385991,0.9408545132570123,Iris-versicolor
6.472603305002194,3.284205739371038,5.7150453023303,2.5089915640835017,Iris-virginica
4.514311947306097,3.1216451501768243,1.5639192096109387,0.4550404587479193,Iris-setosa
6.946527789991442,2.8465175409105177,4.862777998866057,1.5800980351542895,Iris-versicolor
4.561438482478318,3.4169393928962806,0.8594199223195556,-0.050508955034053504,Iris-setosa
5.100030438414341,3.4743655584540862,1.2855814442222848,0.16270180650941224,Iris-setosa
4.829251202415595,3.691050973394295,1.6583011052681238,0.47333583865749307,Iris-setosa
4.948293177187992,2.9639916669378574,1.610524002540184,0.3743882243197607,Iris-setosa
5.787742114190089,2.8978905031228708,4.4201895694025515,1.0658279090195086,Iris-versicolor
6.051462125844026,3.7700662206529354,1.1169606306223545,0.4667188971717715,Iris-setosa
5.790931068231318,2.789500414325115,4.888214943748257,2.0157115531120726,Iris-virginica
6.132794702875046,3.276492799557102,4.4653515489409354,1.678582412372002,Iris-versicolor
5.928015815774467,4.548989297596874,1.2580101741998244,0.5118412914784085,Iris-setosa
4.575010440933616,2.9986216047992715,1.6676282692713122,0.04736653317551409,Iris-setosa
5.807877714305352,2.8342170056659213,4.375972806905297,1.0774023853658445,Iris-versicolor
4.986584866945928,3.3903985400054366,1.3154085687776012,0.827000367120118,Iris-setosa
5.990947059747089,3.0849893663179655,4.12125146313187,1.1192815578063582,Iris-versicolor
6.318361846392116,2.4316083809567837,5.0863278763200555,1.4232043768875025,Iris-versicolor
6.685564551088678,3.3571563324732416,5.017393435551669,1.5493458645947793,Iris-versicolor
5.196473332453069,2.763004604858294,1.8372666044532677,0.10264844924616273,Iris-setosa
6.076443921387272,2.742609874639007,4.841512784906579,1.8025915412007125,Iris-virginica
6.13234309012765,2.780358963038585,4.6906121447846525,1.6202083640724116,Iris-virginica
6.037262834281132,3.535301390740406,5.467628498042596,2.1061186815635837,Iris-virginica
6.646137850665171,2.810066949483856,4.900614396355961,1.300005715548131,Iris-versicolor
5.802909965769319,2.8636263827752675,4.281990481222849,0.802781772825129,Iris-versicolor
5.392332345670712,3.4067615129418325,1.4219789203719557,0.35002900596477643,Iris-setosa
5.260408373410143,2.7353987498914023,1.7962322223547607,-0.0678559470504379,Iris-setosa
6.433482976817768,3.0088259955345893,5.020048898847107,2.1733978802718257,Iris-virginica
5.916693279720248,2.9467438688573067,4.483873683681962,1.3129340260768112,Iris-versicolor
6.248892616053502,3.3276399878373115,4.540313697848736,1.7515044222687295,Iris-versicolor
4.715382555668965,3.2927195146518224,1.1409539027276463,0.38859026852051,Iris-setosa
5.085529104402924,3.3477269305733324,1.4542943785163711,0.10790363722971583,Iris-setosa
5.529487513805053,3.035821121325993,4.40156421771218,1.240077121798692,Iris-versicolor
7.33826838325294,3.0325738833259916,6.427788974123946,2.36450067068433,Iris-virginica
6.485412411904803,3.108303961182127,4.934086785961807,2.005806432757857,Iris-virginica
4.777396920492366,3.396832324832111,1.8230930431073935,-0.08214643484793277,Iris-setosa
4.5601272130374255,3.1428479858045106,1.5410015162790391,0.2064344422323212,Iris-setosa
6.385716366568147,2.6665878700281835,4.796710550888816,1.4350297529208984,Iris-versicolor
5.981159555671093,2.55235787159964,5.31117332988627,1.739567238871778,Iris-versicolor
5.222360096285062,3.3078444260261786,1.5966183166980028,0.3894556424090752,Iris-setosa
4.614914556887483,2.76815763672607,1.097449250252606,-0.03587630910221665,Iris-setosa
4.816075397157577,3.5179654772905065,1.356754705667909,0.029294374557607472,Iris-setosa
7.514523728475247,3.213728015716309,6.20306748196767,2.4109444541657297,Iris-virginica
6.467766141799724,2.8143211597105835,5.499700682227351,1.7649568917808556,Iris-virginica
6.473977974382175,2.7924113288802737,5.077451373885063,2.0989269377494706,Iris-virginica
7.253999421836423,3.161937527019678,4.996578581200945,1.4779191930771791,Iris-versicolor
5.999360598248779,2.861340743414046,5.350214121283192,2.008038122496244,Iris-virginica
6.645656027704791,3.188043303667209,4.4670009141840135,1.269862825976804,Iris-versicolor
5.20615586138348,2.5289490285541825,3.8499576590856526,1.3602251114355062,Iris-versicolor
5.407236981945648,2.999276060417933,3.708840381691245,1.4405909517741717,Iris-versicolor
5.280843816058342,3.0426681479847075,1.7025279699565372,0.5741893686511033,Iris-setosa
7.078126405360592,3.039508819184156,4.404006465087532,1.4263271011012404,Iris-versicolor
5.078299958916138,2.6913188414849754,3.0403132624589775,0.8510554456436433,Iris-versicolor
6.4123103036268585,2.9793695324153626,4.673931194446559,1.8834197483219106,Iris-virginica
6.224782230683958,3.4560324026410316,5.61947408032882,2.543365529513896,Iris-virginica
4.9856726626219405,2.977677778620473,1.3658862143680686,-0.10632601443128906,Iris-setosa
6.10828885398017,2.9871923497572146,5.8821434643582435,1.9089480255265003,Iris-virginica
7.735089298323815,4.009750081053615,6.131168555416994,2.051211350083393,Iris-virginica
8.173623419058881,4.021445625580982,6.466545180018539,2.2022070007257892,Iris-virginica
6.765979128691349,2.7214379068953467,5.606861368800775,1.8649421315375778,Iris-virginica
5.378861751323386,3.024876628557108,4.212151769338441,1.536293285368326,Iris-versicolor
7.169150902641311,3.344855692264654,4.543744595753912,1.1538628990431574,Iris-versicolor
6.873491586318622,3.167245492959508,5.1081571450756655,1.829322086581751,Iris-virginica
5.6605504936640445,3.500385692171587,1.7348027890684783,-0.04921100392794675,Iris-setosa
4.84013375582976,3.295850576019382,1.6413473594677512,0.10262581614813845,Iris-setosa
6.224183073113445,2.9811087224613555,4.101344297740387,1.2479809770411865,Iris-versicolor
6.838707467845384,3.254528791398567,5.213480735426947,2.3355837564215483,Iris-virginica
5.522989926758404,3.524612539167739,1.5510064942015442,0.26894961524816546,Iris-setosa
5.530595992415629,2.9932194374945196,5.1926906696573445,2.1760307350516177,Iris-virginica
5.560852086123325,3.1682088041468477,4.353601112933531,1.6442963423521948,Iris-versicolor
6.039300713267854,2.6284052468693555,4.968019731580031,1.9337126486411016,Iris-virginica
4.216244042263726,3.002680346039069,1.5941724128167318,0.07508433231248793,Iris-setosa
6.166978569902456,2.551212651940355,5.038517528672848,1.8454381440041403,Iris-virginica
5.040443422079217,3.561806914064061,1.3390717947529398,-0.018129487883640022,Iris-setosa
7.257281597946484,3.25466549085463,5.845905505976196,2.032677675055802,Iris-virginica
5.305046890919197,2.830717017704236,3.876099015725509,1.4897872036531785,Iris-versicolor
5.630928737152049,2.5994623456411006,4.957135708393584,2.108266687019497,Iris-virginica
7.075410596547999,3.009752364948956,5.547101512747627,1.6863526005819647,Iris-virginica
6.291321623371803,2.4691779677011843,3.912272265338469,1.005126938280514,Iris-versicolor
6.427577989881416,3.2225172896407743,5.802418772592524,2.4685933408057057,Iris-virginica
6.520877858107786,2.925509695379399,5.243864642720044,1.9382851188113726,Iris-virginica
5.658411528735284,3.0149181567344066,4.166504850271538,1.4595222931305676,Iris-versicolor
5.8846742308925215,2.940925055029526,4.625608979341977,1.9846417383625015,Iris-virginica
4.341169185214186,3.0553300057881847,1.5819171873585023,0.3104257009341991,Iris-setosa
4.8166448703785125,2.19737371879336,3.2144251396639505,0.9215097763837041,Iris-versicolor
5.536570332610048,2.8051727231255694,5.100677718071684,2.016252136560244,Iris-virginica
6.073169263832402,3.069725669455587,4.057804469202522,1.342812626263564,Iris-versicolor
5.070932513954859,3.687050393501528,1.8994314757896258,0.12826819239418336,Iris-setosa
6.029980315412024,3.301950800855886,4.798490584304321,1.3052319399677061,Iris-versicolor
6.866501707151882,3.0827510353030627,5.394000996505149,2.31938032470243,Iris-virginica
4.780729394970076,3.3584089649497093,1.8676582219864717,0.3521768712000174,Iris-setosa
4.654366914640848,3.2315892235205053,1.6144544741926639,0.08623036631953607,Iris-setosa
4.751487273912519,3.209498006195154,1.3607381740031521,0.25292912532225514,Iris-setosa
5.510373844859766,3.617945893672974,1.060313942173685,0.04539027567997178,Iris-setosa
4.778411796959346,2.3420524535051803,3.566761314070411,0.8363006072576062,Iris-versicolor
6.185765487288686,2.6646592389753265,4.424877123090471,1.4672176781694248,Iris-versicolor
4.7396977803543106,3.198534511689544,1.5539592183659903,-0.05164028132768239,Iris-setosa
4.946573994305006,3.364926626033847,1.7565588517454795,0.2533489200061546,Iris-setosa
5.204922887842615,2.1016882006825206,3.6280741094478755,0.8276314777138795,Iris-versicolor
4.609625362197625,2.3911191081749887,3.2006755140982532,1.1896088796360902,Iris-versicolor
5.3700470064593935,3.2153880087571993,1.8547935786792238,0.7700483731920158,Iris-setosa
6.109870707562311,2.710205315215994,5.66125527536142,1.7005195904092139,Iris-virginica
5.863023760881427,3.032774031307033,4.269907852027497,1.5088037104261776,Iris-versicolor
5.00445498595829,3.03170164743047,1.652249425934623,0.31597557136820253,Iris-setosa
7.105735233384341,3.395971604219325,5.28432215410907,2.067636638760811,Iris-virginica
5.808206523901815,2.700925484835459,4.299811353982916,1.6549232862445875,Iris-versicolor
5.570774908773685,3.035021102256525,4.609779842813467,1.350775277568682,Iris-versicolor
6.013803584668129,2.680855936134713,4.72256453568336,1.2308513012472952,Iris-versicolor
5.690945790517456,3.0792999371860503,3.824691204264274,1.3944842383828884,Iris-versicolor
7.810094314555024,3.5391034715371887,6.517680649086854,1.973274919814337,Iris-virginica
6.297085417176149,3.371491729985126,5.613382702967621,1.9592015975595656,Iris-virginica
6.546620082872757,3.1725212596486645,4.952341473828763,1.8337535031837209,Iris-virginica
5.710112851571824,2.12167340349035,4.14066387255797,1.2186518139820457,Iris-versicolor
5.062135213568171,3.2326660305021084,1.426136577857819,0.4117188922928555,Iris-setosa
6.655397997437248,2.9374164111973524,4.6970324557726935,1.5526213832253792,Iris-versicolor
7.34790563620691,2.907400663854562,6.11302364324773,1.8214099661707297,Iris-virginica
6.4319754149441035,2.944243643465311,5.766876098171001,2.49437123027153,Iris-virginica
4.853668561603635,2.181048909973367,3.363539251704246,1.2550517562857908,Iris-versicolor
5.442372187319523,3.496430202442228,1.2679590453009775,0.07182828929518228,Iris-setosa
4.314538960261203,3.1271273925750944,1.6001324876425813,0.39341241690248807,Iris-setosa
5.918816957683552,4.104186139722199,1.0343124046966012,0.32780694499273727,Iris-setosa
5.151056261381792,3.063906116710991,1.4773306691491046,0.31341720573639337,Iris-setosa
5.590269808399831,2.5379241819259084,3.8129942745783048,1.101102714824288,Iris-versicolor
6.717514574961773,3.344011132732782,4.215420126292086,1.5520865729898545,Iris-versicolor
,3.431751151455545,1.1924147782173355,0.4295403649521699,Iris-setosa
4.875167874580463,2.828594003173978,1.465381420710407,0.24663498234537112,Iris-setosa
4.965119239387663,1.9906451168048964,3.657786652806409,0.9522267607780583,Iris-versicolor
5.53666283882643,3.2356967416948597,3.981592515870075,1.4899455958933443,Iris-versicolor
4.956110245235711,2.4321627442465372,3.4622507359236177,1.2816622359412069,Iris-versicolor
4.828188718623282,2.6897149138533223,3.026897463670645,0.8084684687241873,Iris-versicolor
5.016997031008978,3.101960023712897,1.3479502030588928,0.24451176679160574,Iris-setosa
5.85779548041061,2.617262742226267,4.314644834933339,1.7330958577786097,Iris-versicolor
5.278841151781655,3.2710892120068324,1.224781029778158,0.31789913095672273,Iris-setosa
5.682657800742469,2.4939662087895833,3.8396628628832303,1.061400565143443,Iris-versicolor
5.548257324273083,2.445297214533901,3.9844808930477162,1.1139011447256142,Iris-versicolor
4.91156043354291,3.038921226474996,1.6629677252291186,0.275971018403954,Iris-setosa
4.856255018438607,3.5144314003915573,1.3511036395182288,0.439768560363039,Iris-setosa
6.481802217607995,2.912405212265088,,1.7854756292529803,Iris-versicolor
4.611980215993953,2.7386926964780245,1.5533447598453731,0.3007143763924697,Iris-setosa
6.782652025437232,2.7030591247148936,5.743509306880443,1.9219338585468635,Iris-virginica
4.835826144953189,3.7582405801012753,1.0355261963630282,0.11456427116749537,Iris-setosa
6.086644942468003,2.2926797678915216,3.822353884233772,1.2758661156774187,Iris-versicolor
7.401883645781824,2.582966926315878,6.967991748014983,1.8173803478976327,Iris-virginica
6.5730949981270195,2.455775843583588,5.5694581552841225,1.7998376659458672,Iris-virginica
4.7552604939698195,2.2693950493967003,3.37564553361775,0.9584273626878257,Iris-versicolor
5.89777755903156,2.561179714577483,4.1915539675361595,1.292259140807909,Iris-versicolor
5.397606972129584,3.325240528133834,1.349381966761865,0.43215388452442105,Iris-setosa
4.7995607792932224,2.4560350220925766,4.301452437606384,1.9827261778556262,Iris-virginica
4.712285511026717,2.4531426587542504,1.4241457973809397,0.07445704960943245,Iris-setosa
4.939357394185308,3.748788035349368,1.517919081855435,0.5501341432022182,Iris-setosa
5.243372647403725,3.3836445893903653,1.6302109234248265,0.28427365241760094,Iris-setosa
6.620682263992544,3.129844935255558,5.320820414215496,2.0559986852523937,Iris-virginica
6.538817862747008,2.7937352291511166,5.169715698243261,1.6633205585446613,Iris-versicolor
6.733148271016423,3.2559186681845635,4.641468036508028,1.2132134673512283,Iris-versicolor
4.839672778975358,3.1447357497040853,1.411415606346561,0.25733020023510245,Iris-setosa
4.903735073706752,2.143477526717796,3.4258140983262555,0.8997290955456307,Iris-versicolor
7.360472257252356,,6.001254112853301,2.077370006380426,Iris-virginica
6.716583378598785,2.9996487041244815,5.587284074712183,1.6734084642742855,Iris-virginica
5.247158533211457,2.670698387876225,3.6691834571725854,1.646784153076267,Iris-versicolor
6.451444300111926,2.172451367008591,4.639512794490725,1.0281594084086694,Iris-versicolor
5.578251829322479,3.9946222759447236,1.2476546538289672,0.22550750465369812,Iris-setosa
5.814107532863148,2.7033253397557218,5.206870008451844,2.2666322535275323,Iris-virginica
4.301259628045776,3.3241390264790383,1.2313469125851522,0.3785279936902192,Iris-setosa
4.606346621774899,3.294481870128176,1.455588287178572,0.13269761563290214,Iris-setosa
5.78188004719978,2.8155140096805478,5.033309918228666,1.6995211989240755,Iris-virginica
5.088871554548156,3.4737315226096275,1.3856701096773734,0.3961465892889632,Iris-setosa
5.304209760405554,2.22417826667134,3.7914551850136955,1.081934938738812,Iris-versicolor
5.518686398936237,3.1581143608152904,4.180191155659721,1.505360840014324,Iris-versicolor
5.268665405659315,3.6017497424498215,1.5286470479405487,0.36235805206799054,Iris-setosa
4.705627394899771,3.058837740570261,1.8888944853803378,-0.07757604607490876,Iris-setosa
6.641611360057896,3.241017394337732,5.314029629581248,2.3465596156386788,Iris-virginica
6.854249931266521,3.047172806865468,5.448735417467201,2.4861522928817434,Iris-virginica
7.175476090861688,3.5257700924235147,5.896159712092012,2.583971855938903,Iris-virginica
5.049304954545713,1.9576172737703863,3.3516912407254704,0.9716765379938676,Iris-versicolor
5.116392207658772,2.5468748751434416,3.7845658148526757,1.5157070965203032,Iris-versicolor
6.634206324238539,3.0722114416444946,5.77239079980339,2.0738520710992776,Iris-virginica
6.5162631860669595,2.974093648817282,4.846071464522156,1.747839485117786,Iris-virginica
6.208759441133102,2.3359365525189695,4.071485250771531,1.1205506173361999,Iris-versicolor
5.464617009336229,3.185179920783208,4.488616221507731,1.6225366991107553,Iris-versicolor
6.070618312759443,2.7463578725760325,4.6635488274261965,1.364873559526896,Iris-versicolor
6.507055928521808,3.081883925811757,4.924684999171141,1.4293504796078227,Iris-versicolor
5.804462535076833,3.2201485500313267,4.7758239619281895,1.520538593347724,Iris-virginica
5.266341283386994,3.5816308598478517,1.266585203475872,0.10953553853609355,Iris-setosa
5.068185479087544,3.2863773623530124,1.6219083126528273,-0.18632190186905598,Iris-setosa
4.832208246829712,3.74773283534854,1.702995441757365,0.06546152372960987,Iris-setosa
7.877653715074492,3.7207192833742817,6.78606953541319,2.096088183525144,Iris-virginica
6.040496765098111,2.9163777454275497,5.187953986572861,1.669544069741809,Iris-virginica
6.705111204826895,3.1845534520030165,5.615453935919022,1.9775230294419321,Iris-virginica
7.582357095209888,3.895922447950293,6.931745760553548,2.3361550517671503,Iris-virginica
4.869116462858538,3.1098030277566178,1.6462297771027266,0.4609050976676592,Iris-setosa
5.07257898529202,3.15725869892001,1.317368995662139,0.2939208119088372,Iris-setosa
7.457766666760337,2.9961291896402917,5.892601719687417,1.8148872196412582,Iris-virginica
6.471859920370829,3.134612015799423,5.778977759846234,2.0903731938266215,Iris-virginica
4.370110208668059,3.707624766532643,0.9484478108146315,0.43209107518076195,Iris-setosa
7.5219365738663875,2.8869412726436368,6.757419990953592,2.0912984597140474,Iris-virginica
6.761893053095462,3.156967086006134,5.441419822903553,2.0163013204560225,Iris-virginica
6.669873475774663,3.13627462493665,4.655827482560477,1.5104515115621249,Iris-versicolor
5.059642092561619,3.3072292378780292,1.2705138488713161,0.39291641080608347,Iris-setosa
5.675581208862708,3.6883668329828807,1.6534146829767136,0.5690408260022134,Iris-setosa
5.241488306189261,4.2863854005863145,1.5461535224161724,0.2615129290407199,Iris-setosa
6.313045709349853,2.4104755139201406,4.767792157172669,1.2887562479616443,Iris-versicolor
5.649852211381211,2.7440032840039055,4.119770023380891,1.1507984161650429,Iris-versicolor
5.012214679541048,1.862482589240149,3.3070224746444277,1.2696491718045522,Iris-versicolor
6.414544389960257,2.645075378746718,5.557099589229138,1.7651544286881866,Iris-virginica
5.807689386732468,3.263031759034135,4.375755826916743,1.469527484788031,Iris-versicolor
6.238926965488956,2.48276370040483,5.388711243115631,1.5379080234260916,Iris-virginica
6.1770886594580565,2.9888458734245527,5.716782676644935,2.4808649481996463,Iris-virginica
5.2958962003130585,3.5105259661698307,1.1993719676481187,0.2757621774905314,Iris-setosa
5.601859575945107,2.259713017236383,4.989843485204814,1.9912676101297682,Iris-virginica
5.247196560922685,3.4980366198244193,1.5994475105406691,0.49770155040411557,Iris-setosa
5.869910487733973,3.00203085473265,4.409001125071683,1.4073733847118117,Iris-versicolor
6.448332141773849,3.19899815631795,5.2814863221452555,2.0011660061395835,Iris-virginica
6.397492403202232,2.897622611400033,5.377252029656597,1.8705317070331386,Iris-virginica
5.3492372443993546,2.927003030342207,4.089064098003272,1.5042820732193556,Iris-versicolor
5.505978093178679,2.5594341311871873,4.804982244265291,2.5738555531342935,Iris-virginica
5.393786916411205,2.9558899817149604,3.8042127027980746,1.285963442202981,Iris-versicolor
6.409740042401156,2.882777649120011,5.352983561665274,1.9957865275174242,Iris-virginica
5.041253378060838,3.4506841555302383,1.7513303138933787,0.11051762641568852,Iris-setosa
6.980199969648182,3.0098517786468406,5.456836145400638,2.298371872761117,Iris-virginica
5.407047355372397,2.604589511314585,3.7819735679196933,1.0082566007328593,Iris-versicolor
7.734755614592692,2.7794267300336037,6.4934605434860835,1.7415532305253651,Iris-virginica
5.416839750689069,2.6424062519046547,4.061077650379797,1.10881464340008,Iris-versicolor
6.5332781941057245,3.131822289444704,4.477636937144798,1.477846735893432,Iris-versicolor
5.344921699656295,3.7108169060147684,1.3333406901791083,0.42645924596700235,Iris-setosa
5.982522643791563,2.899761889748702,4.609744393995724,1.3160337625654446,Iris-versicolor
4.820728174128728,3.4697931445130137,1.7764843169722067,0.5829987098291015,Iris-setosa
6.468106736920682,2.9960239886680524,4.4793055334122105,1.3500950857662235,Iris-versicolor
6.168461402383485,2.7791122809363147,4.237423218938894,1.5429820811066457,Iris-versicolor
6.265876701779168,2.3260443307807566,4.733707956161371,1.7238001105052077,Iris-versicolor
5.466376104117017,3.4121819516390386,1.4412842474381655,0.45095384224170865,Iris-setosa
5.8486417394759735,2.7897496556507866,4.363583911321263,0.8917157815508088,Iris-versicolor
6.289029723119477,3.326694573848823,5.338820953975184,2.027375492613103,Iris-virginica
5.271086064983438,3.3898367816739428,1.6412428771644378,0.25059537571856355,Iris-setosa
5.709334882749452,2.780254274719402,4.830642301591044,1.5578528553024777,Iris-versicolor
4.95946418722442,3.2394389450051664,1.6833654241437646,0.07688308647010503,Iris-setosa
6.025802816643312,2.287587943663114,4.608409501799719,1.464174175332916,Iris-versicolor
5.784898173723894,3.5274809585871743,1.3550567247679883,0.06741409857680905,Iris-setosa
4.399448930895257,3.111590206453892,1.3908744014100287,0.054726692388384374,Iris-setosa
5.503512572995236,2.7617996287785616,4.994054702484912,1.9541317662147342,Iris-virginica
5.699591277997067,4.619368213005645,1.3862680225236192,0.20430238023704286,Iris-setosa
5.775757867848068,2.456224769893925,3.99413331871794,0.714575341776889,Iris-versicolor
5.5419393602839815,3.9098177174550357,1.267251944730127,0.4141358705503799,Iris-setosa
6.28225141070502,2.841777625286464,5.598348611885415,1.913036610795539,Iris-virginica
6.106192599368639,3.2537501905893373,4.974531490319475,1.766525781288209,Iris-versicolor
6.378791788707701,2.890823043262967,4.955661350716121,1.7440726868315184,Iris-virginica
4.628431788988031,3.0256505149032016,1.192620184294159,0.057621111922825125,Iris-setosa
7.011861360887317,3.3489182234833463,4.939366472894828,1.5065643466720005,Iris-versicolor
5.143731759378028,3.8629618746482643,1.2225902011027954,0.33451280380184323,Iris-setosa
4.82120860931541,2.969702550379181,1.6178379799472977,0.2599296509340834,Iris-setosa
5.928101067315612,2.7475852460280903,4.316746841557595,1.4085427824123657,Iris-versicolor
4.950865452603242,3.373252418235691,1.4942041703552564,-0.13849878123399392,Iris-setosa
6.398365845639332,3.1728625536629544,5.015386893862867,2.1689900089600327,Iris-virginica
5.372979443399881,3.7476953941201754,1.1682045555563039,0.3506761497264824,Iris-setosa
6.222073911574627,2.8318291401721036,5.031502173245219,1.8889218574155957,Iris-virginica
5.72549891654242,2.598037057949784,4.888149442190678,1.8817666258891586,Iris-virginica
5.906759777103811,2.5442643266709792,4.9371976364002235,1.7279323517598262,Iris-virginica
5.372695522907669,4.021838931555178,1.3111224316743852,0.38059768915158176,Iris-setosa
6.6548682624414175,2.8693843770226417,5.753868269772307,2.2843942950221376,Iris-virginica
4.435833593295436,3.123891567064801,1.5463268065588547,0.46312649658344107,Iris-setosa
5.357622099637536,3.723631851073781,1.9020944854332829,0.5584178083087642,Iris-setosa
5.044655803483644,1.914190233345407,3.5367781679750108,0.7430275435065828,Iris-versicolor
6.577209643259538,2.5027771110039843,4.969274863798126,1.5455628448980998,Iris-versicolor
5.091911528853117,3.114181834720142,1.4224537487782016,0.5576658012542293,Iris-setosa
7.6477705305468895,2.6366542674761693,6.605064404644099,1.7533609627323115,Iris-virginica
5.61638018502968,4.359185843957346,1.693242860430436,0.6974635713654032,Iris-setosa
7.1488678225928926,3.2828700934095147,5.952925027771645,1.5571017433741599,Iris-virginica
4.735721995243295,2.964233579255843,1.2946967182438032,0.41158569453591987,Iris-setosa
5.894782614704511,3.026188029342211,4.826208188317057,1.524426170315006,Iris-versicolor
5.151202385712032,3.3215505958610536,1.348747308023466,0.09470924661423771,Iris-setosa
4.9603384180933485,1.9458485214636383,3.3337955056379927,0.875597154491586,Iris-versicolor
4.837864725346235,3.4145138580095695,1.4123358896118101,0.37711531093071,Iris-setosa
5.873567826528075,2.726549209149228,4.169648454961536,1.3065939161080107,Iris-versicolor
5.200799343747547,3.4838250060823603,1.2153985751750525,0.28714535034494704,Iris-setosa
6.720908089420258,2.7252137698483,,1.26410875197978,Iris-versicolor
5.29354183050595,3.927778358924669,1.393809508452242,0.22039951208344416,Iris-setosa
7.057108203391605,3.438778165323705,5.875532534024323,1.9878213978338084,Iris-virginica
5.9412084371373854,2.647535157677466,4.640945509221101,1.3571028836907753,Iris-versicolor
6.291834819206844,2.3763860866165953,5.121001714316154,1.562980438171002,Iris-versicolor
6.353540197212038,3.436123152426047,6.0864879090267845,2.51116456988764,Iris-virginica
6.255157698674584,3.663442742897316,5.119279103511044,2.46132201560546,Iris-virginica
4.895163288187902,3.4743064216602817,1.5629627971328492,0.0426914825420143,Iris-setosa
6.704727262017399,3.018665420272341,4.700139715698542,1.9657176208208322,Iris-versicolor
5.528897968719675,4.372572698608723,1.5486848342932833,0.699508150108274,Iris-setosa
6.0819637801293345,2.5029014108636907,3.7719539353026645,1.1220554480526304,Iris-versicolor
6.036690758545295,2.3762050039933906,4.8039345211124,1.415614435117538,Iris-virginica
7.081964597600006,2.948829336672721,5.809967893100645,2.1259085674522744,Iris-virginica
5.799443334687658,2.7326393075509263,4.845493396095111,2.070076073628195,Iris-virginica
6.341114383017752,2.9154690221863744,4.70499269250569,1.323776594525331,Iris-versicolor
6.404873456786426,3.0466927413725258,6.166385141393855,2.7741833377154683,Iris-virginica
6.431743803877825,3.349949561357711,5.832391072952745,2.2901243524821906,Iris-virginica
4.505361933598926,2.682658222065232,1.5736677461144013,0.4825208581135224,Iris-setosa
4.824679376426843,3.324227991714406,1.3956680915654094,-0.09130610695521946,Iris-setosa
4.288537496602156,3.278659289405511,1.2738231994808,0.2876663583817665,Iris-setosa
5.124168166348992,2.8973221540272607,1.1884614820680501,-0.04906350903128234,Iris-setosa
7.805260638667166,2.331797662241562,6.73731582302477,2.1796603174994083,Iris-virginica
6.657685589805136,3.311712662285034,5.437064620676348,2.0530674738148327,Iris-virginica
4.993561295692428,3.907586378191794,1.5237311350346645,0.1926215151783373,Iris-setosa
6.43842997171368,2.622401097731054,4.516499293046018,1.4438774222589046,Iris-versicolor
6.061603587688214,2.6910090447505945,4.95069528957183,2.1949288575973553,Iris-virginica
5.1387132830503095,3.112976862559536,1.3047725989692986,0.2214643579630122,Iris-setosa
5.747994267485173,2.5928350799323465,3.866963414001423,1.3702224466449013,Iris-versicolor
4.488799285940167,3.1309088516908568,1.1548605562099408,0.0832237389958412,Iris-setosa
6.004450463847863,2.3336254877659375,5.022680508387289,1.4856118784569086,Iris-virginica
7.765963115152876,2.730471624194313,,1.9616693543763057,Iris-virginica
5.868990978540531,2.9518938110593775,4.681972406107578,1.499633947676553,Iris-versicolor
5.380948961964188,3.538056613973044,1.854190075916838,0.2632344992336155,Iris-setosa
6.507920708224087,3.220402664520341,5.821771111943002,2.491475361760081,Iris-virginica
5.540643119803218,2.295921886802077,3.850010364597546,1.2616889748185256,Iris-versicolor
4.850199186084746,3.212213291059645,1.555090023463208,0.4225813486106792,Iris-setosa
7.440967419119381,3.4375465512116183,5.781545571328727,1.7001320236063417,Iris-virginica
5.639930402964889,3.989773360182615,1.7306307962946599,0.18197525928616548,Iris-setosa
4.97842106204494,2.779585911539462,3.957312107402288,1.1646052662275623,Iris-versicolor
5.2242679469640745,3.2971530894024856,4.62271160284719,1.3826741268735225,Iris-versicolor
5.038358146833535,3.3800460718391174,1.6339263360260345,-0.06919286972029215,Iris-setosa
6.363724555359079,3.07818536884335,5.547480441191185,1.95015304327433,Iris-virginica
5.435676388553891,2.604197403157578,4.748707779390218,1.4125829716193115,Iris-versicolor
6.234343457239374,2.2476271287340026,4.483153948470658,1.190938450322491,Iris-versicolor
6.017245621597737,2.653620951867331,5.1471274703385665,2.1152512492248423,Iris-virginica
6.1108250063887155,3.3132844578582024,4.380156372212766,1.3706055791448393,Iris-versicolor
7.979633505508077,2.5144424405408077,6.489980708760021,1.8132838058084304,Iris-virginica
5.789585183235892,2.7200322317501655,4.045060575999048,1.0095935768653206,Iris-versicolor
5.775143673206465,2.8717368792839695,3.7426176156521276,1.2432623145216994,Iris-versicolor
7.598494063434921,3.253413549514495,6.324494023993337,1.9575316706278105,Iris-virginica
4.314466541860544,3.2074229135553334,1.6475214371919102,0.24705509239026135,Iris-setosa
5.896271869768817,2.6357776260234855,3.8644887242013057,0.9282006048408908,Iris-versicolor
5.313000025222913,3.918944301606341,1.5038199277106463,0.2331593635247156,Iris-setosa
5.1754039207567315,3.0797483489578497,4.470728833395342,1.492194451089294,Iris-versicolor
6.340575098062471,2.6020932295845904,5.339011333602119,2.39216869972277,Iris-virginica
4.904372072320898,3.6607793161666304,1.7968677281522016,0.4545427524681156,Iris-setosa
7.959286838875919,2.782530285786513,7.1733513126666475,2.3130452473347294,Iris-virginica
6.138612145413823,2.759449436665776,5.217768917227529,1.7173389550703133,Iris-virginica
5.498019787042724,3.5785765864065975,1.4881673608633985,0.12826420540053113,Iris-setosa
4.943489745659022,3.5569912617002517,1.4885141446494368,0.4221195425691617,Iris-setosa
6.200773554495236,1.9338798246620859,4.71357028220262,1.3628791872453494,Iris-versicolor
7.686526891230744,2.836640286584856,6.442850239695817,2.235921714547546,Iris-virginica
5.164845024533561,3.4498863478847355,1.587720158219518,0.2868254345463062,Iris-setosa
5.858147711912156,2.2882846048698315,4.268171996724713,0.876293308752425,Iris-versicolor
6.565112102695063,3.162677544342259,4.7348435900307555,1.416880342014319,Iris-versicolor
6.440997046232814,3.172813009426304,5.401284147149951,2.265958595515589,Iris-virginica
5.372362134071511,2.141197674027925,3.765203134627687,1.1177428497681232,Iris-versicolor
4.623728084070734,3.319845216551838,1.7715313220338598,0.2722063359529887,Iris-setosa
6.273098507872691,2.8645909296908734,5.382444759881693,2.0834746731264673,Iris-virginica
5.43327437114212,2.6909177860098743,3.53811321502934,1.0568114996764044,Iris-versicolor
6.446796948501974,2.858421842092562,4.7490294384540395,1.7960156286140194,Iris-versicolor
6.41053157440589,3.3263466081662427,5.580379203779284,1.592914676680321,Iris-virginica
6.835681989554838,3.5956957803343315,5.76748989853453,2.073450060533987,Iris-virginica
6.262545972626928,3.056263621476164,4.326642683223138,1.4087165071436432,Iris-versicolor
5.274949546940674,3.4319256188496277,1.3419619370650935,0.48773338538325056,Iris-setosa
5.987605900157522,2.336983771697682,4.071350145225574,0.9922309197163752,Iris-versicolor
4.9206763802863875,3.331480215695521,1.9269842389152554,0.4741687326013142,Iris-setosa
4.962086813478094,3.655753736828733,1.4588289067345093,0.33132887696189284,Iris-setosa
4.701792212885193,2.8911875449738726,1.5937222265404498,0.3839570702715952,Iris-setosa
4.807325368662175,2.4745721809204833,3.0309082557316005,1.1523336473341232,Iris-versicolor
5.055715800319323,3.672919500429413,1.6681814634637582,0.4670413594228378,Iris-setosa
5.039841423559855,2.5068959230952834,3.085268642958043,0.8035404154672368,Iris-versicolor
5.896448046142113,2.2300833923381087,4.777172825377704,1.5316051450608168,Iris-virginica
6.348370547171181,3.10012691980931,6.140538882531119,2.593933782371831,Iris-virginica
6.243338027711611,2.973074251501434,4.364562947598954,1.6797155087146778,Iris-versicolor
6.546253175622615,3.084463650828869,4.476502513686215,1.3288427843572799,Iris-versicolor
6.441785752570049,2.9255339131009093,5.6976094754256,1.8563823373460986,Iris-virginica
5.2740687053658775,3.389620813064199,1.3688921172717547,0.48424147963231523,Iris-setosa
6.4311591553142105,3.0722420466451648,4.536477644876666,1.5223837329818242,Iris-versicolor
7.323150984530535,2.9332353850690005,5.6303316074898335,2.0912566956675422,Iris-virginica
5.507695607766474,2.661680250631893,5.391894100025334,1.902763255294193,Iris-virginica
6.4503236111013385,2.7028988004434122,5.778250725635422,1.928822042559867,Iris-virginica
7.281127678663516,3.255463672278391,5.752351143878286,2.03225634630553,Iris-virginica
5.239396043850714,3.617753405400901,1.8209553943190693,0.6115111800815607,Iris-setosa
7.114438560082265,3.0711479451848933,5.2569265779062455,1.9773567235441665,Iris-virginica
5.843509833088,3.08557840405644,4.116707196715623,1.5854712636418968,Iris-versicolor
5.60869269062303,3.073172049562107,4.279916298395275,1.3801756594339425,Iris-versicolor
6.462901744107279,2.6651830978121467,4.902477548036597,1.3953811665631397,Iris-virginica
6.5126028831532405,3.1972298007455313,5.251706465560184,1.848036605591775,Iris-virginica
6.6121026617292324,2.3593897927349192,5.894448591570933,1.9413629081912178,Iris-virginica
4.866427509969058,2.9416836921467677,1.2240480800293358,0.34663580917007153,Iris-setosa
6.885849859086274,3.210347400740051,4.575765192757883,1.4325493762171448,Iris-versicolor
7.278940192451193,3.2011954461569636,5.726991399625555,1.8045268865285,Iris-virginica
6.331729720112303,2.9988560731209715,4.62822197472891,1.3250871846632213,Iris-versicolor
4.85564605667145,3.5046327270937834,1.551738598916419,0.8033771899761515,Iris-setosa
7.066085247250142,2.9170133987983706,5.170820579186455,1.7783215937224905,Iris-versicolor
4.8566084697222,3.5186919222947637,1.3237694314789403,-0.09296099606725722,Iris-setosa
6.780454566725997,2.996812543281873,,1.579246426100052,Iris-versicolor
4.906228511041541,2.513058657952524,3.6418044854489175,1.5022083381949058,Iris-versicolor
5.67162152928095,2.7995604720952247,4.132757607897458,1.0806302685852973,Iris-versicolor
6.2444861252054,2.4163941251933316,4.342044318836702,1.3996262590206243,Iris-versicolor
6.541059328655147,2.9074172503305302,5.34718008196241,1.9820367872152387,Iris-virginica
4.533471133259082,3.2110003583984543,1.5577146383526295,0.12430222526831611,Iris-setosa
7.650337078936305,3.002477385730968,6.130128300847204,2.4029974478697156,Iris-virginica
4.777440705589869,2.8683210417662974,1.319061154697587,0.0008421336661335044,Iris-setosa
5.889892188396507,2.8150390470547606,3.9179217437213634,1.477513383809085,Iris-versicolor
6.98124839361804,3.3014866488642567,4.469486469629477,1.3774642492046987,Iris-versicolor
6.712392407074957,3.2642972479931025,5.826857305624294,2.115046816134545,Iris-virginica
6.865869221862354,3.1350336164471977,4.940783063252213,2.50825141399904,Iris-virginica
4.673531782988916,3.2913802850991063,1.3415315994892365,-0.010015405923637921,Iris-setosa
6.216462908392078,3.0772594049361883,5.182456365788908,2.55433889546917,Iris-virginica
4.989875070057882,3.2780047738422127,1.2139997166399485,0.0681615290110684,Iris-setosa
6.481751148888575,2.4517234383214963,5.2261250050133015,2.095963893704596,Iris-virginica
5.206023775068596,3.757417877499495,1.6682025837562864,0.08631367900183992,Iris-setosa
5.3538357468653315,4.292461006033764,1.3848070795772145,-0.19858407259290592,Iris-setosa
5.911267304590335,2.8342133296126115,3.9052138797472873,1.6980619328875395,Iris-versicolor
6.807014054486157,3.3302241602923477,5.918111067875224,2.1742555596409425,Iris-virginica
6.064745519446885,3.2374471227933026,5.526018890342285,2.455561204586547,Iris-virginica
5.7008131067239125,3.0624247059710554,3.9227224441812494,1.5015507396152674,Iris-versicolor
6.711031838113059,3.282957736025435,6.055724862233152,2.5026552882264483,Iris-virginica
7.25908694768935,3.273764749657963,5.9990535909188285,1.727959274898938,Iris-virginica
7.7002720759125305,2.7580960856857604,5.9780095800840245,2.4993416189613322,Iris-virginica
4.828570927549069,3.1389734995035328,1.303585489488861,0.43159181662469326,Iris-setosa
8.078140987063513,3.773605419638213,6.370752316208203,2.243498430050099,Iris-virginica
6.353141096731129,2.0808242212580677,4.242243759347028,1.2250812167868967,Iris-versicolor
5.1966088949697875,3.5298080649482757,1.835908521387719,0.6361814979389064,Iris-setosa
6.065001668186898,2.469416894159843,4.984798149221008,1.836275986422175,Iris-virginica
5.193354372923274,2.774059324173946,1.5926006672481532,0.15993451349030585,Iris-setosa
5.7099239307758065,4.0586322372475845,1.305387000125217,0.3090935345979184,Iris-setosa
5.05605326393447,3.2281073732190873,1.725284334585107,0.5060051899507277,Iris-setosa
5.657768929316348,2.63730841466224,4.978540067794222,1.6072610055859142,Iris-virginica
6.195968640022708,3.2414579466168094,4.89659857702401,1.8057381292617567,Iris-virginica
5.773823291783641,2.987004026092694,5.165204266923078,2.234739898237368,Iris-virginica
7.612612433991185,3.7237905685696373,6.5290950933022,1.9113756099667054,Iris-virginica
6.225160977005596,2.8691308783447704,5.8816709331220745,2.003830725869761,Iris-virginica
6.583200533226316,2.8318296689181808,5.539574943663738,1.9886352724302174,Iris-virginica
4.890229680775647,3.5731401695740166,1.2183967512455989,-0.05919489238632042,Iris-setosa
4.524687017916057,2.6218266717080136,1.6016774892081531,0.22731994776510928,Iris-setosa
4.922271117441131,3.256669509053684,1.487267651519582,0.7860252139781663,Iris-setosa
5.993194966643611,2.307026737777125,4.581624853855865,1.5058326493244132,Iris-versicolor
6.98333542104027,3.096288406736666,5.860459760003061,1.9937729324960654,Iris-virginica
4.941334899224842,2.9959428223963043,1.298409418487747,-0.13394986030125208,Iris-setosa
6.339003439170351,3.486399158520474,5.1121802172600495,2.013474880237786,Iris-virginica
5.48843633611036,3.0074389707482587,4.056516702777868,1.5941294584199162,Iris-versicolor
5.455963487182016,2.930219734713158,4.3475881770441624,1.376358176659557,Iris-versicolor
5.798985440155106,2.8455581809184696,5.088908425135289,2.1215323103401285,Iris-virginica
5.903086565658288,2.7833077411460945,4.7413228092464506,1.4892498562914651,Iris-versicolor
5.833143098350142,2.676892419242062,3.7222871472109245,0.9209825037256352,Iris-versicolor
5.391721164324966,4.012741925190753,1.4561878736850493,0.3780779105499077,Iris-setosa
5.134544074765971,1.7023834086087017,3.3758078778199025,1.1035648118215011,Iris-versicolor
5.638852491109436,2.769086261856215,3.3908736625405838,1.2712363618576448,Iris-versicolor
4.977553409383953,3.6112121793185947,1.2449457366107475,-0.017300074825572553,Iris-setosa
5.783743260948835,2.0177567915217796,5.181255754919283,1.5900567318168908,Iris-virginica
5.762303089403398,3.0419047583553134,4.819695643116453,1.6437719051018442,Iris-versicolor
5.298850502043862,2.683648552928825,2.8040441058274754,0.896878961643474,Iris-versicolor
5.267547874635166,3.3925258718938407,1.4729767165202623,0.2516601760962355,Iris-setosa
5.011308403943342,3.6357293798445824,1.5869156527601347,-0.03433130217140093,Iris-setosa
6.923758623135692,3.212364922939262,5.2862135410725335,2.2568335429959,Iris-virginica
7.659888633563462,3.6738162953125215,6.82609000197386,2.1510447918152895,Iris-virginica
5.4017183394267345,2.6040911770102273,3.602740907597794,0.8603296764524443,Iris-versicolor
6.126504350872257,3.207930317191122,4.761570338563935,1.792138475011026,Iris-versicolor
7.023369220257779,3.106260107682694,4.818293271006534,1.758992677396379,Iris-versicolor
5.280522194272086,3.3346215691873797,1.6679003577256364,0.22432153807463712,Iris-setosa
7.874865983494827,3.2061718950729365,6.0796798884134144,2.066366047678141,Iris-virginica
5.804613484862522,2.477668925949689,4.190587284726942,1.1541781380712157,Iris-versicolor
6.478685810297245,3.2712109799773375,5.760059588395024,1.7090506797180733,Iris-virginica
6.190738477577991,3.1203894597493096,4.701671143502336,1.7247834180308206,Iris-versicolor
5.006413965750064,3.839329550850265,,0.22170040200277177,Iris-setosa
6.311136102508786,2.7415957280072116,4.674499911299923,1.2911761016805832,Iris-versicolor
5.2647364688536324,4.222150908311098,1.772519225010261,0.2595051053499484,Iris-setosa
6.000044520980243,2.8209330726547677,5.067790680720466,1.944902294920679,Iris-virginica
5.276302525557799,2.361024512042205,3.7796244551774225,1.5271785547224428,Iris-versicolor
4.996385504967404,3.3011954725691353,1.7161952789319097,0.2753370268470574,Iris-setosa
6.992698600346265,3.316056304456536,5.4392560017483405,2.0880296436384014,Iris-virginica
7.416450415016484,3.268405021892972,5.585254156823751,1.6380367488778096,Iris-virginica
6.238794271867832,2.5854124250432555,5.0819236980211455,1.5649780585529833,Iris-virginica
6.013811211990024,3.5740519988057153,5.552493896345962,2.474823926419338,Iris-virginica
5.135782789474208,3.3383248435835586,1.4912100763899991,0.15270192698666274,Iris-setosa
6.42755861935259,2.779863593335441,5.050966210585116,2.124741884380921,Iris-virginica
5.878410936798628,4.177848286456146,1.2570833025087538,0.10049937553790089,Iris-setosa
4.611196457477068,3.2211345430953484,1.4258673913951374,0.31078095518806886,Iris-setosa
6.433995829529804,2.514161188783512,4.634845021652519,1.7978178020961444,Iris-versicolor
5.436051767999837,2.97074973185924,4.378125087021214,1.0342865358980458,Iris-versicolor
5.837086555119187,2.940070626349406,4.438917293094064,1.1189295125687093,Iris-versicolor
6.244688303191275,2.7643860877579165,5.079271025969789,1.4777331310274078,Iris-virginica
5.232795015292148,2.447272281750668,4.025785711962854,1.332874530455899,Iris-versicolor
5.631501495955044,3.4041467563856167,1.8748319891448861,0.23873542768101585,Iris-setosa
5.13583200436369,3.1098811674262596,1.9521320912311677,0.226773377957108,Iris-setosa
7.58169846251489,3.646615090962792,6.446089870738403,2.263468177182384,Iris-virginica
6.639080432460243,3.1961111013102284,5.678996135036125,2.5998461097472587,Iris-virginica
4.313591870794211,3.4434841410422012,1.6362077083555935,0.1615287408201448,Iris-setosa
4.648735761416316,2.9048805726685614,1.5680409962668926,0.45341106431602296,Iris-setosa
4.917048544085494,3.060951208367298,1.4784693042391384,0.472166677903999,Iris-setosa
5.853403572161735,2.9633996191500107,4.446222573113548,1.2077353603886718,Iris-versicolor
6.1175509711242695,2.802377658049167,5.524640168495025,1.56890282357027,Iris-virginica
5.43060545616374,2.9682780595491063,3.420937887222556,1.1036667661305257,Iris-versicolor
5.8593338407764195,2.865509479973958,4.042091186751802,1.0988487092827508,Iris-versicolor
6.956045606244438,2.762917959123089,5.688887294890802,2.3290503995073566,Iris-virginica
6.095095844440385,2.662575619527332,4.601136629206035,1.4951488751117858,Iris-versicolor
4.867916055656892,2.1330317627729634,3.3664983166955533,0.9214054216211588,Iris-versicolor
6.048521618544862,2.161921882417844,4.49596361717269,1.3183439674284378,Iris-versicolor
4.965070841128953,3.338974119948494,1.284458665700943,0.2309315530797923,Iris-setosa
6.282599275193725,2.656436572852415,4.933374422884866,1.2621123129476166,Iris-versicolor
6.628513953744711,3.391258886046019,4.6297708154441795,1.6828305089541293,Iris-versicolor
5.736137676976589,2.844208649239568,3.9695374886555364,1.5853894681359575,Iris-versicolor
5.165262041026681,3.4054359515132266,1.5069140032383528,0.15366691469479987,Iris-setosa
5.873642045442748,3.0841593900742597,4.128846184182539,1.3004661428235005,Iris-versicolor
4.5696746758061355,3.0327135104139757,1.5523399738654282,0.29970923558283635,Iris-setosa
6.366847934629141,2.634049071853818,4.4838246099958665,1.251876375991155,Iris-versicolor
6.472227184938688,2.7885936314352056,5.503678433540605,2.0396780921700057,Iris-virginica
6.538831609427214,2.6589900373198634,5.11853318424024,1.2105860341259864,Iris-versicolor
6.006492061335133,2.6331875242852996,5.566492493933141,1.5523407264297662,Iris-virginica
5.798943390038435,2.4503189733865267,4.431129967347501,1.513581111345058,Iris-versicolor
5.242179934388351,3.640008873881073,1.8737851405099044,0.060333009488961115,Iris-setosa
5.110475516972186,3.5094490243095966,1.7666152079048432,0.3752262880013062,Iris-setosa
5.972328238747709,2.928718882579897,5.363283546820637,1.8384676245558031,Iris-virginica
4.947550681861124,3.3013009537395113,1.3255926004303384,-0.08595053282950893,Iris-setosa
5.576941319454305,3.0552773593059075,4.709662783959849,1.9524985359565337,Iris-virginica
6.250235523036188,3.1844551085200106,5.619384837749314,2.346547917364825,Iris-virginica
6.266450283064094,2.3524136601671364,4.2255470338801695,1.380068417904055,Iris-versicolor
5.631717591550479,2.940451665967522,4.402747866669443,1.181991445554888,Iris-versicolor
6.57137477754346,2.447539186545799,5.165952112142375,1.638017352440822,Iris-virginica
5.942606558408124,2.9748888623956113,5.1802287647739655,1.5357832752643743,Iris-virginica
5.653956925409857,2.5986253532165327,3.912225741478914,1.5093827051591964,Iris-versicolor
5.804286872013233,3.0828209790195222,4.050038234702209,1.5349433486429038,Iris-versicolor
5.1223805603707016,3.171535353406106,1.6233249825468545,-0.04288055689945422,Iris-setosa
6.284626126437751,2.8212370196209564,4.574887914954358,1.5589944295424207,Iris-versicolor
4.87276567570151,2.0811065862581213,3.1555044862314934,1.2792825009833273,Iris-versicolor
6.341785017764261,2.8291040730998844,4.770815357712816,1.7243375810104806,Iris-versicolor
7.47715092858854,3.5015747060944853,5.847094504600718,2.3540884888607727,Iris-virginica
6.714260236767199,2.944944693677341,5.463140283513199,2.395327611530993,Iris-virginica
4.301208570910708,3.014609358172588,1.4793412868843772,-0.026945555575264457,Iris-setosa
4.974899300285305,3.952447090779969,1.4417709261971534,0.24761882944933855,Iris-setosa
5.1191956269376675,3.6639561927180337,1.8212259501109338,0.35751469537936503,Iris-setosa
5.228892244175243,1.9622173361755646,3.4043374902174413,1.2837156860002505,Iris-versicolor
4.692373608476921,2.5508789043065674,3.0684807736872513,1.166420966229242,Iris-versicolor
5.094157795786016,3.579083309090192,1.2985959547823152,0.13027486400629837,Iris-setosa
5.288757683715267,4.283626972184365,1.632343179529164,0.11487716991346922,Iris-setosa
5.757527145593621,2.563528249104974,3.513662474166621,1.3384674220848476,Iris-versicolor
6.188475461759019,2.41198602933042,4.146819950700264,0.8661140741171187,Iris-versicolor
5.030576816991098,3.092394622753974,1.2256573597140594,0.48694534936518574,Iris-setosa
6.500620429853749,2.422376849695298,6.053619879754114,1.559546874486436,Iris-virginica
5.567545564322782,2.430935583008501,4.878549545939044,1.9643025735842272,Iris-virginica
6.549562287366374,3.176287387743009,4.73131152525352,1.267968643956333,Iris-versicolor
5.456106093978559,2.7370475040623377,4.064003026194541,1.3647178272092275,Iris-versicolor
6.652387717656221,2.7662289895082126,4.64385674896664,1.392476919195748,Iris-versicolor
5.35048477750709,3.2496298013152014,1.6999607056778296,0.38171408316684274,Iris-setosa
5.131277768476659,3.3377610211475695,1.3723825837910435,0.022267692671581213,Iris-setosa
5.343917205604764,4.204973571799016,1.6405142241726507,0.1459384557286106,Iris-setosa
5.761169206962582,2.928808708875493,3.905795357922901,1.1493835920901314,Iris-versicolor
7.169355644188048,2.963919445910607,5.790626733096803,2.3255661601738864,Iris-virginica
5.100674715276253,3.4337462693847227,1.5423187673614642,0.19220436473585817,Iris-setosa
6.232002252630447,2.530197654065197,5.040804989095852,1.5019162200490064,Iris-virginica
5.664778601763763,3.2803293563589864,4.000863991135374,1.4293302779651031,Iris-versicolor
6.4724380773375465,2.8407252909191336,5.272228000496426,1.7381264135910302,Iris-virginica
6.716267943183515,3.2275340737932603,4.81022668808261,1.4330400991973797,Iris-versicolor
6.517824441852186,3.515702257679021,5.662083024667441,2.5322070692284186,Iris-virginica
5.062836549566334,2.0943255233509257,3.077962180724412,1.2687466422070117,Iris-versicolor
5.883973725740773,2.8862333972287435,,1.2726394211845529,Iris-versicolor
4.69207137111211,3.5368389036070864,1.2812567886133657,0.07065407854014577,Iris-setosa
5.72600363476911,2.676387718672931,4.256565254304164,1.04006619203474,Iris-versicolor
6.243505103384329,3.3704675111885,4.796421382502855,1.8625734730799786,Iris-versicolor
6.023068732156565,3.3026506450209068,4.59348270423236,1.4443414101075616,Iris-versicolor
5.661780631030001,4.601522587124745,1.2490461938180086,0.5156308237669684,Iris-setosa
5.86720325882799,2.7569530843203918,4.332969231268327,1.1659800378270746,Iris-versicolor
,2.430811047279673,4.857513746138669,1.744948078722055,Iris-versicolor
4.879741150187117,3.8714021130614524,1.194783447350964,0.1414248891634204,Iris-setosa
5.484814080648845,3.2382446187290252,4.054273632099254,1.121626928910867,Iris-versicolor
4.981839857334884,3.1029211955799156,1.0635336460266807,-0.008068615328143014,Iris-setosa
5.113096310100766,2.2309263412121414,3.5452042063775386,0.9619577904864527,Iris-versicolor
6.621358152228998,2.7654635126583784,5.890877700385967,2.4079794541468225,Iris-virginica
5.95181886764221,2.966011754035383,4.311986800884166,1.485416262579833,Iris-versicolor
5.216818876319247,3.2149804487449436,4.213640011003724,1.434137396363929,Iris-versicolor
7.098822952377704,3.2803396778605536,5.444545728082356,2.140152244951292,Iris-virginica
6.136728598104516,2.2296025167618065,5.041445357675141,1.3894188705521193,Iris-versicolor
4.7114360677096485,3.2858766043136036,1.6862904919239656,0.250219121725814,Iris-setosa
6.485453681041971,2.8516182580435956,5.583631750052373,2.1852520865426333,Iris-virginica
4.805376202138237,3.1593852079478495,1.353396408623403,0.09470555731446087,Iris-setosa
6.504866089702033,2.8592775970188056,4.714716021117202,1.3922052631490531,Iris-versicolor
6.49738393898442,2.97281962371422,4.53831226281421,1.4776317860819659,Iris-versicolor
7.315035004786489,3.472503790152514,5.918995465765899,1.812249364715304,Iris-virginica
5.600720718474894,2.745324960657782,4.039438073003636,1.135875332066248,Iris-versicolor
6.580172896830091,2.9924338994611936,4.885795477890322,1.7629464822683953,Iris-versicolor
5.453133612836629,2.97834431542776,4.137141198389671,1.3920389526688066,Iris-versicolor
4.86062033048933,3.829182591412933,1.8516347253767649,0.21004356653135403,Iris-setosa
6.840363483925234,3.3926997012117748,4.889736217128813,1.5511258213042776,Iris-versicolor
6.838896051661317,2.8677323189883053,4.6086862002987035,1.6802708422025407,Iris-versicolor
5.0358685604481295,2.386645953690785,,1.147854986040091,Iris-versicolor
7.709413406239218,3.0529296557301655,6.320945280716983,2.4482759956858007,Iris-virginica
6.518461421850435,2.9427458712704624,5.166855549484845,2.1346501964549884,Iris-virginica
5.214692512982381,2.212520897100737,3.004101045258057,0.7275690748755135,Iris-versicolor
5.10049834816161,3.1880328000128566,1.1294740132152254,0.3362513511644967,Iris-setosa
6.435169745989792,2.758211532689529,5.612272041535969,2.184454099174836,Iris-virginica
5.491642297942661,3.0623936301376844,3.9895774713017618,1.2339074227778721,Iris-versicolor
5.379656116869126,2.8842614882212882,4.025472660876618,1.2386497952436852,Iris-versicolor
7.454651866233255,2.9471857223145825,6.307079431491246,1.5590023951758722,Iris-virginica
6.942578812438778,3.2868236268346918,5.746897978505193,2.201811769597715,Iris-virginica
6.494864620901757,3.0611625288392936,4.394437537313278,1.6399957664633436,Iris-versicolor
5.141765133947801,2.0146667963544265,3.2168860426400596,1.203350165859196,Iris-versicolor
6.468739855186034,3.2217298221862567,5.211995228727522,1.8553706484862296,Iris-virginica
4.741448570651591,3.5207089467815353,1.6592166027848074,0.20292878495282773,Iris-setosa
5.569749642528726,2.4903189845998157,4.1946348749657565,0.8607667481171974,Iris-versicolor
5.1741580367585,3.717164475453364,1.357189495719562,0.15359621065712598,Iris-setosa
5.467039266800409,2.469980604248089,3.7416788884432925,0.9368803180693571,Iris-versicolor
6.260320924724934,3.087890211283567,4.525831914396942,1.4134675438456663,Iris-versicolor
5.80866818067969,2.8076620031300186,5.061653712782543,1.9010483085556176,Iris-virginica
5.051880587215601,,2.7801245919792925,0.9245872617639788,Iris-versicolor
5.076888618486761,3.386016956613151,1.4089511628079758,-0.047238375621055706,Iris-setosa
7.412519609120932,3.851779853799922,6.846240628573549,2.4904205670661015,Iris-virginica
5.7775829498074085,2.9056789210144838,4.2280039770829045,1.5838320575026261,Iris-versicolor
6.251565909781158,3.2405486906831675,5.31373824837233,2.041221049581211,Iris-virginica
5.698742728079691,2.891175667041157,5.113017003918144,2.4452443323185626,Iris-virginica
5.26206570936256,2.7511796393720056,4.726097768576063,1.2653116443604016,Iris-versicolor
6.275128021749165,2.146669136135434,4.84627904223031,1.5041493516845341,Iris-virginica
5.412487440351144,2.566891018532944,3.2049342405763173,0.9026170835250269,Iris-versicolor
4.713282187623174,3.650173188841137,1.5857642595509143,0.2737640999566436,Iris-setosa
6.1324520220867225,2.318117099343913,4.964863460577789,1.589313660406747,Iris-virginica
4.296257787769572,3.2024466760130417,1.1511475257551587,0.09342658600403098,Iris-setosa
5.196151738474493,2.2032088548797804,2.8440660433729263,0.8297792700313572,Iris-versicolor
5.1570962888390985,2.8633968660311924,4.4776115539631975,1.496612054563196,Iris-versicolor
7.326726607009523,3.2526511253994177,5.924111326892414,1.9282278738149143,Iris-virginica
7.100292620041871,2.7182130346245192,6.337717690087185,1.919371421581058,Iris-virginica
6.474183526610652,3.0890415226207595,5.89992800886898,2.06224565688477,Iris-virginica
4.980334031151064,3.313793813241806,0.9214326610993366,0.13657471353976558,Iris-setosa
5.28917804894677,2.4653659736633835,3.97917377602441,1.4920133587148832,Iris-versicolor
4.767857180541232,3.568489297050324,1.416804007186227,0.3516812766242522,Iris-setosa
5.197060440401678,3.301666850231406,1.6073931634802612,0.06004397896776531,Iris-setosa
6.155671374686448,2.613692564530242,4.020537217938075,1.3310360620700492,Iris-versicolor
5.08561084873935,3.6709863402099865,1.4716300644959743,0.6842394964311456,Iris-setosa
6.653252375868877,2.6823064695589554,4.538530795344051,1.2234238210963644,Iris-versicolor
6.529787770828291,3.1342849875865677,5.408613775359308,2.740412252380203,Iris-virginica
6.025872362870936,3.4145736853153115,6.248767314806311,2.605261313554731,Iris-virginica
6.0006967614893245,2.901224618995868,4.113561598041586,0.9678129953873014,Iris-versicolor
5.924034647939848,2.914371798288397,4.320927802958055,1.4946470685609445,Iris-versicolor
6.5942039226008,2.9768101448048165,4.153838525775091,1.6486878071472513,Iris-versicolor
6.548106415563046,2.783930394531543,4.755626590771606,1.822660630394867,Iris-virginica
6.0858989413377484,2.983657618757193,4.716462368810331,1.0244408342822575,Iris-versicolor
6.012689197662326,2.943958645338924,4.980832564819728,1.9820222095838707,Iris-virginica
5.934341438006307,3.632275890734452,5.693510974398043,2.0347911758000654,Iris-virginica
5.7298630783968605,2.6564966118203346,3.992569043528183,1.5412794166800894,Iris-versicolor
5.261984362439267,3.3648769897084936,1.3868703293761389,0.10525305118888248,Iris-setosa
5.120811473037157,3.2236643365126767,1.7139777457918113,0.7466074605412798,Iris-setosa
6.128512366651063,3.280645781454855,4.29854677863114,1.337673488452739,Iris-versicolor
6.838308415609207,2.880578907311732,5.114636669410117,1.803794305935368,Iris-versicolor
6.348083353875422,2.4870045977480952,4.591921704841152,1.2241001680398895,Iris-versicolor
6.502150819257762,2.9201551180556238,4.136866595634432,1.4992369926993168,Iris-versicolor
6.5527519579072955,2.575537108309416,5.883334119948099,1.625089373703827,Iris-virginica
6.272270910603247,2.902981029722373,5.300569230254655,2.1585485790699557,Iris-virginica
5.4078916297185735,3.542636277821203,1.6686853081488575,0.3100189742517401,Iris-setosa
6.692593193563862,2.595426603864726,4.78293796347408,1.1016954893222373,Iris-versicolor
6.063126885150325,3.43549251340505,4.7096525898733965,2.0347088622536478,Iris-versicolor
4.57173853107149,2.626897756620017,1.1718092094764825,0.10973276409376537,Iris-setosa
5.119258106536413,2.708056382466205,3.2605598295063962,1.3342437536533929,Iris-versicolor
5.966210091201857,2.7927209969436984,4.378336797841462,1.6686163960193938,Iris-versicolor
4.734322212209683,2.82551524743562,1.6435581962358292,0.031944586020932114,Iris-setosa
6.512387896002801,2.7721015668873483,4.288980287976882,1.268055859231228,Iris-versicolor
6.02159508166597,2.821690963726175,4.648765677380136,1.5001377163049527,Iris-virginica
5.467228898337944,2.4282779613138943,3.8735882074925043,1.52257327673308,Iris-versicolor
6.1494476767524,3.179849965031345,6.0700500536001165,2.4852152554326343,Iris-virginica
4.74703724616037,3.125738124481549,1.58714955761704,0.3947462973324093,Iris-setosa
6.463572113467701,3.203971478719474,5.417061115563807,2.5380351676417257,Iris-virginica
5.776364455280734,2.104892163047264,5.194753903835308,1.2488537208673314,Iris-virginica
4.9591745516964485,2.430671299365952,4.139722126211365,1.506770766144231,Iris-versicolor
7.0470202232284604,3.2088986270996984,5.265409492115166,1.8467089199625253,Iris-virginica
6.392949645754159,3.004751860312816,4.412115166808562,1.4636547026565543,Iris-versicolor
5.1848241145031135,3.442203605583283,1.14571694278969,0.2882186868020703,Iris-setosa
5.155655837939144,3.4537155501818715,1.5390987761849708,0.24517567847849953,Iris-setosa
6.57667929834991,2.621441814016096,5.031061879549945,2.0063470504612178,Iris-virginica
4.6872047594430395,2.994631696103086,1.6924403782203812,0.15114564687709067,Iris-setosa
6.929354289260124,3.434589534767098,6.083040670245915,2.5091914134306124,Iris-virginica
5.656978567524707,2.774332860278494,3.8832043481190386,1.1303264183925879,Iris-versicolor
6.589939513530665,3.3878758580918547,4.592648632505987,1.7722400909372635,Iris-versicolor
6.2612586807375985,2.885982886878488,5.0643481727029735,1.6199993868313094,Iris-virginica
5.389735465505077,3.6885439384056666,1.6330218558721241,0.44844092980481876,Iris-setosa
5.393173066932543,3.2831813355591613,1.2518693939781782,0.07255014531995899,Iris-setosa
5.690069357017112,2.431928155366232,5.148055663756802,2.0158335443729385,Iris-virginica
6.123649868536887,3.259620903041245,5.085618800864544,1.7363682643262124,Iris-versicolor
4.90959266912202,3.457259625706606,1.6140938760559673,-0.046509454581617427,Iris-setosa
5.623071797158064,2.6036424155056115,3.829813541712381,1.4992730380503883,Iris-versicolor
5.919790604306943,3.266483907297122,4.706134255237578,1.784063809209964,Iris-versicolor
5.020275470751932,3.6090247302128353,1.750198995504405,0.3849499628734066,Iris-setosa
7.048990001797482,3.3625956149797127,5.694887681813716,2.16231414824911,Iris-virginica
6.462021255108262,2.411541105155724,5.482977527656746,2.0503729601981373,Iris-virginica
6.7068922443225,2.25408724955976,6.064680976559356,1.5324704084927054,Iris-virginica
5.934849527031413,2.6746778635090296,4.4889238353452905,1.1982619350831052,Iris-versicolor
4.835828797108245,3.1876470659750464,1.7026798204143552,-0.15319244786583455,Iris-setosa
7.024834601826157,3.241466887434979,4.520495360412431,1.2083677677056377,Iris-versicolor
5.093751081330206,2.2934009924524217,4.555823947744125,1.4408446647789224,Iris-virginica
7.679096765583166,2.8214799139518827,6.0452027566859385,2.4858530875399634,Iris-virginica
7.1182171200814155,3.166750585332286,4.406603059809739,1.4698902749035727,Iris-versicolor
5.891414293253962,2.7864433355579488,5.29626188105958,1.4056419024517894,Iris-versicolor
4.737769419505066,3.3295423783422375,1.3501831558606674,0.3868351741391156,Iris-setosa
6.479248256662249,2.905267462859786,5.899067824459768,2.227558809799327,Iris-virginica
4.318668336899433,3.697510080236,1.0619100402347192,0.3032055749986157,Iris-setosa
6.96507049182842,2.975465181831627,5.711203698811566,2.6731637405550623,Iris-virginica
4.696806239591602,3.165940330590943,1.2514249462807294,0.3486615856267742,Iris-setosa
7.434669002782298,3.1738096021787867,6.246058422613288,2.376560828400074,Iris-virginica
6.2522883333185435,2.946416465791422,5.0267247091711225,1.6028635112496161,Iris-virginica
6.389497561373461,2.6781725388168547,4.550880456477875,1.1937385392522188,Iris-versicolor
7.39909532308695,3.296416543293261,5.866910658863666,1.8617525458235202,Iris-virginica
6.533741323610698,2.487546110983341,4.762838007252658,1.372386840293504,Iris-versicolor
4.17835012594778,3.1594129970512923,1.1814592359175693,-0.006940646968799591,Iris-setosa
4.886442750415551,3.351249136583843,1.7433664928018868,0.3804165181823062,Iris-setosa
4.899251153453362,3.2377176603355866,1.9827046888086457,0.55170802606993,Iris-setosa
5.394386243501815,3.24021174132935,4.5026719298646585,1.4104400491736409,Iris-versicolor
4.8658112823065,3.1926194584700776,1.7022563492330673,0.4744702320228896,Iris-setosa
5.2741700251114905,4.074929893727604,1.7619193172413068,0.5811404610703103,Iris-setosa
4.7582557476576754,3.6744795046627803,1.751722744090892,0.24860800827479648,Iris-setosa
6.416913214088025,3.006041656236975,4.459140984260275,1.394604393572235,Iris-versicolor
5.906970343553,3.058626100323771,4.168328899947663,1.403089507433632,Iris-versicolor
5.701432572360564,2.1851996249276624,4.159384924070998,1.393880331222924,Iris-versicolor
5.330880823188787,4.3126110227627485,1.2419115588273746,0.23104208901481843,Iris-setosa
4.807632596682208,3.1322007675186914,1.424434053023254,0.17744928560287465,Iris-setosa
5.90765210651713,3.339697721079171,5.230640177901079,2.4018816939078373,Iris-virginica
6.500656906908954,3.2830061388268463,5.363681564852824,1.8418715213100785,Iris-virginica
4.6199302648734815,3.57656684318272,1.5987431311722742,0.016614566348027993,Iris-setosa
4.402442398167845,3.0689787850287535,1.586407595142168,0.06808549590540527,Iris-setosa
6.653212554543771,3.291362484464047,5.649575932586208,2.192451148448804,Iris-virginica
5.8832731101282825,2.607396388502292,5.284180212087207,2.165104847956948,Iris-virginica
5.969191609984513,2.449036457716447,4.991127510003332,2.0825221061144155,Iris-virginica
6.272934505003363,2.856749592713683,5.190064586799224,1.700793328730597,Iris-virginica
6.559653182054686,3.207606477626661,5.687081913242338,1.7151530547140557,Iris-virginica
5.182884090006649,3.5315568499142547,1.3932337179464185,0.14511392642377444,Iris-setosa
5.977960347212862,3.798361000893933,1.2456038488549304,0.38122201183466986,Iris-setosa
6.540353301437031,3.497647593176683,5.357823382433928,2.109050687138824,Iris-virginica
7.719436701620109,3.059396864736167,6.708423015046875,2.293675220702124,Iris-virginica
6.61705438647164,3.097148854037388,4.613188123259738,1.7771407794276624,Iris-versicolor
5.201717280226635,3.970679228688574,1.591470283430405,0.5734720848606099,Iris-setosa
5.329570968842625,3.223645341475961,1.3198349507322438,0.19531598658614047,Iris-setosa
5.818212988321555,2.5241614209517267,4.715567336140687,1.2692156033379463,Iris-versicolor
5.988751676056861,2.6000734529184206,4.361744736870084,1.120342919134224,Iris-versicolor
6.010728957154933,2.455028314683941,4.836965730058758,2.072338391135476,Iris-virginica
5.99082325346752,2.226594634441979,4.423356596977795,1.2155320481862693,Iris-versicolor
7.419818833276213,3.890956118589038,6.283958302715788,2.3812652723943555,Iris-virginica
6.459599810196737,3.099089349784853,5.62048881183515,2.2937094369215254,Iris-virginica
6.173275893347528,3.186191912886292,4.506814738231109,1.5825768626596264,Iris-versicolor
6.532156174250257,3.3006026335292926,5.887269521400401,2.5619661310735684,Iris-virginica
6.80492987026425,3.316010917821326,4.389532497892885,1.4333681800025828,Iris-versicolor
5.496987200542988,3.2138596122247445,4.160150291879398,1.446458165183611,Iris-versicolor
4.869932071627862,3.0550970673470474,1.4877696225715693,-0.08228860632413693,Iris-setosa
6.168920809313522,2.500041354396063,4.545634011259269,1.2224588477134275,Iris-versicolor
6.713484812257023,3.1810564294812753,5.925817396562593,2.4678096041468853,Iris-virginica
4.770053657207466,3.536654524939943,1.9510150835408253,0.0690937278775898,Iris-setosa
4.838347786862647,3.609582589603394,1.5380811452550405,0.11640036046516908,Iris-setosa
5.3142461558868925,3.0398831506307,4.617135365191063,1.9051522378973298,Iris-virginica
6.023976962832712,2.764725862433293,3.9210347708914384,1.2658088543370245,Iris-versicolor
7.898756744070229,3.2646285346799897,6.188118126141564,2.075791253594401,Iris-virginica
6.67716232126616,3.364569941428557,5.708142434764194,2.1829887387339193,Iris-virginica
4.792848452765601,2.9731466009688683,1.3684632741673124,0.12867141738449753,Iris-setosa
6.268994849563847,3.0785462647450412,5.056765479027559,1.6324696138753663,Iris-virginica
5.6979039455289735,2.7245202601053276,4.212964721726658,1.6206500381468563,Iris-versicolor
4.712053159425655,3.3375519497681974,1.6794993341031201,-0.08658078525480678,Iris-setosa
5.61782163767876,2.9219362217176426,4.282564147741997,1.4062901937902088,Iris-versicolor
6.010760813500332,2.03789102670377,4.293295434826756,1.4821067223891138,Iris-versicolor
4.49389344443726,3.42608115249568,1.3881402955759992,0.28167832303666807,Iris-setosa
5.345337503339365,3.5949493225584397,1.612353362372283,0.7206933867205123,Iris-setosa
6.87964535761872,3.093791771464993,5.2714110269157946,2.2668209148524916,Iris-virginica
4.6427906767457445,2.9716692653338233,1.210589606411293,0.20834134162233253,Iris-setosa
6.744479770273038,3.057401589785513,4.6514612682535095,1.2536905536669902,Iris-versicolor
5.248921371248365,3.126447274305791,1.3327691479160841,0.5070868685027081,Iris-setosa
4.73491740527132,3.327573892112445,1.2047024807719193,0.3511888068356871,Iris-setosa
5.1427374265740164,3.6610024235781586,1.6459843891053834,0.6819029257915781,Iris-setosa
6.865364468814556,2.4416155928707957,5.8642764927859865,1.5784837359438804,Iris-virginica
5.648792950814547,2.9050925460960673,4.150137309572038,1.3580335296620085,Iris-versicolor
6.096884444028771,2.9225901896307307,4.343927643690806,1.3722627764761803,Iris-versicolor
4.835767571622191,3.0903205892701884,1.573318365944331,0.051228157030990484,Iris-setosa
4.387532826648817,2.9379556915106027,1.2603790512886384,0.3834348517473779,Iris-setosa
5.6267132814453475,3.8644283450100736,1.6781718414962539,0.355081807163813,Iris-setosa
4.91344241248795,2.7008374531874297,1.45654507020143,0.015609810463296625,Iris-setosa
7.3921206717477705,3.214962956596707,5.631510049349449,1.3991653698997224,Iris-virginica
5.103030269644614,3.4774775108331104,1.5394162052710727,0.0478741734275927,Iris-setosa
6.98219838362605,3.3272358565979783,4.776521079053462,1.6200823854687405,Iris-versicolor
6.030346648489277,2.2077593340686716,5.281157819071819,1.7992887503348818,Iris-virginica
5.3154588663691555,3.7618860554063405,1.6422297444659701,-0.02450945015538858,Iris-setosa
5.867372373869448,2.126858216651209,3.843392087478321,0.7166271969063207,Iris-versicolor
4.456078370646779,3.042747004939098,1.124445084196645,-0.018265971326457298,Iris-setosa
4.8987921731792845,2.2118974498094466,3.2355125737083097,0.8713648719779168,Iris-versicolor
4.47602022863752,2.409876122467577,1.5356552107232746,0.31221094255896115,Iris-setosa
7.494749021319477,2.775531477273063,5.857678660229558,2.3896905997085254,Iris-virginica
4.872308798560388,3.6316453484385933,1.2488175450851446,0.490732175774237,Iris-setosa
5.74436697946559,2.4714167931698134,3.231861143834214,1.1436427979083894,Iris-versicolor
4.960909387068508,3.25093111803858,1.265430957299957,0.28098681928057473,Iris-setosa
4.805071827994942,3.336702954629921,1.4008939755580596,0.035591131697094436,Iris-setosa
6.452136499926421,2.726605494636735,5.5652880374091165,1.872096824163218,Iris-virginica
6.212007817517189,2.8853144554147407,4.332599666100772,1.4996496827234413,Iris-versicolor
5.016980710933232,3.36325432486081,1.4621308244513258,0.08491546899458116,Iris-setosa
7.1938410973536975,2.8154161621035145,5.916589874281222,1.8789064476486037,Iris-virginica
5.168543941112876,3.173007291186119,1.7030652844275747,0.5349275938548885,Iris-setosa
4.646421018849053,2.5265182732292555,3.324303494224007,0.8039493937205225,Iris-versicolor
5.671843030974055,3.176736105102941,3.6901359462804306,1.5440228921828105,Iris-versicolor
5.507016136372172,2.4538715424770436,4.707038210517938,1.9542404650276894,Iris-virginica
5.846484580835243,2.6769254745739532,3.9500559425313284,1.426915706593989,Iris-versicolor
5.317290857725216,3.655007651597838,1.2097318881478418,0.2028305628419329,Iris-setosa
7.001868459888706,2.762125479697933,6.067074274633578,1.5150987301008343,Iris-virginica
5.389395267618854,3.487826510257545,1.128795566239738,0.2635254688178856,Iris-setosa
4.380809577169218,3.141306542480121,1.2998705022262378,0.12317602933063032,Iris-setosa
4.821251095497877,3.2482777528301936,1.5198544867478139,0.31040339607035783,Iris-setosa
6.312058436021012,2.7960264612386427,4.372408996859633,1.1959069131170577,Iris-versicolor
4.801906322432332,3.7240029216105417,1.6378009185373221,0.6368314983933308,Iris-setosa
5.955021365464931,2.5618667711094543,4.066695038066606,1.067360144904831,Iris-versicolor
4.794077253718577,3.458397809207636,2.0365732905287737,0.4653318690632353,Iris-setosa
6.504579458400577,2.9117338748331543,4.678905957182422,1.5094608049585816,Iris-versicolor
5.0083065076497775,3.3643057894345536,1.2744119108257623,0.3402675585949866,Iris-setosa
6.114309326373094,3.237203663418505,4.747360464429519,2.0865185993924227,Iris-virginica
4.1719988814740745,3.0558650251532917,1.2721728854266339,0.281484400033712,Iris-setosa
5.459255209245398,2.8463736916377393,4.7739009401814005,1.6664693359311809,Iris-versicolor
7.698071420423224,3.109285760188541,6.072640170458707,2.271993266153474,Iris-virginica
4.561590508983139,3.0887389390771505,1.5032490115905088,-0.04681786340728428,Iris-setosa
7.338850038042767,3.120125803748933,6.007670606107577,1.8085208391941041,Iris-virginica
5.569412396215952,3.524382012116522,1.2243759870205246,0.37093476873974285,Iris-setosa
6.014208536456447,3.1172944137781213,4.731085975261711,1.362296724181005,Iris-versicolor
5.175855636368748,3.406725899381279,1.5183976890956967,0.1317937423882487,Iris-setosa
5.481901222453298,3.295918435633314,1.4803355066743586,0.3644541655261157,Iris-setosa
5.6238948218382045,3.860203113432678,1.8698981264540344,0.5809186445491641,Iris-setosa
4.890271725764941,3.6525974574275937,1.606597970840478,0.05716730910934187,Iris-setosa
5.666515264087613,3.8257822350359176,1.3773946877262984,0.1942659691814978,Iris-setosa
6.784949832800742,2.3439234870895724,6.099234856982953,1.6168448667665976,Iris-virginica
6.140237274155603,2.791312963441618,4.368618381674925,1.3164285954392225,Iris-versicolor
5.237125903380912,2.7638369719463864,4.508705638406788,1.1726863064741666,Iris-versicolor
5.905077469039585,2.603849453189124,4.938297937134426,1.7976828094983799,Iris-virginica
6.361767905515734,2.9134617895068002,5.095815614888896,2.0135474785391585,Iris-virginica
5.7249556780989295,3.580064940113031,1.739032347037391,0.0025040774992589054,Iris-setosa
6.1414522909196885,3.027686696594744,5.780396958901477,2.367614157176885,Iris-virginica
7.250251759920985,3.186226029377424,6.178836602429195,1.9699301130312585,Iris-virginica
6.447035351931549,2.2755046106544423,4.41408796149784,1.5543409565479067,Iris-versicolor
6.936990567729624,3.726819054152632,5.875352961330729,2.482793188709552,Iris-virginica
5.077481173646233,3.697536199600058,1.7215935538456075,0.5443770995829791,Iris-setosa
6.427719045569889,2.7120467340812553,5.878263878750356,1.9410243269242982,Iris-virginica
7.003074022040497,2.998492825668214,4.939993682173457,1.3397527317301072,Iris-versicolor
4.759904578755308,3.446838636974329,1.6001824518418295,0.4976181089232706,Iris-setosa
5.879914142528818,2.5041666901442716,4.45375518855586,1.4863742496037455,Iris-versicolor
5.539235722991492,2.7121478287859495,3.7005837613125707,0.8659081340215804,Iris-versicolor
6.429520906221683,2.704988882340657,4.956713443893116,1.5284810447430899,Iris-versicolor
7.680838002111391,3.283503337857111,6.3382482185057745,2.272556635630628,Iris-virginica
6.0777536556777365,2.6735296629991785,4.802827107397214,1.8183432371211004,Iris-virginica
4.957229497187592,3.4165862421614333,1.3224700346516984,0.4476150362205167,Iris-setosa
6.16178756342468,2.1501484534155195,4.226709677668213,1.5139005650247948,Iris-versicolor
7.036595106406132,2.8748063003140305,5.149428623332004,2.255773965694499,Iris-virginica
4.35548360630997,3.116822954973718,0.9456577941994593,0.15395349130581773,Iris-setosa
6.114143541989568,2.9512057177665993,5.555485602570834,2.3258351149748284,Iris-virginica
4.6349427890969634,3.5892827165777406,2.114067683216894,-0.0964328662155648,Iris-setosa
7.275391426884517,3.362657393943543,5.921756973197814,1.5833115914843237,Iris-virginica
6.259085589412525,2.534617857845794,4.8699901194306205,1.456299102427694,Iris-versicolor
6.300283053636057,3.137875345695074,5.137637896967455,1.7973936795715226,Iris-virginica
5.847522169786826,2.4137745907598815,3.984787338392174,1.0041871110538163,Iris-versicolor
6.401519811278221,3.1066335367916578,5.551123400241634,2.067361806633646,Iris-virginica
6.8185105018042105,2.9795908031371385,4.293022749755779,1.4774639516099426,Iris-versicolor
7.093676465268956,2.9088846193983335,5.784912863585236,1.5614227022625005,Iris-virginica
5.922874471530506,2.9167348691735753,4.418887867011216,1.391070791084336,Iris-versicolor
5.829931362469752,3.1379045534138514,3.9594078655064973,1.468664620460489,Iris-versicolor
5.88490847587646,3.1936109602796487,3.7037606404888552,1.1559170917147326,Iris-versicolor
7.319871900082648,2.9229458305910434,5.631381151653212,1.3630574250970493,Iris-virginica
4.437731182747788,2.9797027891189316,1.4326901845492448,0.012949167852338989,Iris-setosa
7.587862467807528,2.6662466219227583,6.327415855948099,1.8575919761791688,Iris-virginica
5.803169775782608,2.8968216283041697,3.820564495054083,0.7784666287216118,Iris-versicolor
6.1148354433475784,2.8620556992620254,5.364822434260805,2.1872072563718272,Iris-virginica
6.997267968272208,3.397393673266296,5.415062528171067,2.3478164639961614,Iris-virginica
5.929282055283547,2.635469205694534,4.339149898472454,1.0444591714988898,Iris-versicolor
6.579341822185675,2.9133794528672103,4.732353222809927,1.376135071293205,Iris-versicolor
4.924050240220362,3.4222854682969484,1.858170169241388,0.301612824819665,Iris-setosa
6.610246460889643,2.8636415517328335,5.439912381775619,1.6127061167943404,Iris-virginica
5.823330908354859,1.9341642908612529,3.7580575477290656,1.1893775402227744,Iris-versicolor
4.63178887113792,3.0048007339637106,1.1583065444604552,0.3563323179306771,Iris-setosa
6.06210560915887,3.3912486787542018,5.043194209081595,1.8591792447291984,Iris-versicolor
5.085790891174279,3.4529955487419777,1.1988551035990205,0.13835688330364487,Iris-setosa
5.7911776946417515,2.721313845735158,4.946190944611565,2.3543848864147767,Iris-virginica
5.783743260948835,2.0177567915217796,5.181255754919283,1.5900567318168908,Iris-virginica
6.704727262017399,3.018665420272341,4.700139715698542,1.9657176208208322,Iris-versicolor
5.965533663958532,2.99882876363415,3.9804946329652573,1.493718869540254,Iris-versicolor
6.501426828470551,3.030092352731685,4.685067518012902,1.3917855536429582,Iris-versicolor
6.280452004205666,2.908273570969403,5.330579045451169,1.7949672985250524,Iris-virginica
5.697869192684503,2.7219812209569647,3.9127545725333204,0.9037616960523532,Iris-versicolor
5.3025393011460755,2.7676770088859834,4.166881433437389,1.4654569605012804,Iris-versicolor
4.606346621774899,3.294481870128176,1.455588287178572,0.13269761563290214,Iris-setosa
7.011861360887317,3.3489182234833463,4.939366472894828,1.5065643466720005,Iris-versicolor
5.642958978864535,4.055946092037602,1.1779497099092555,-0.05757217862862418,Iris-setosa
5.392027894976447,4.180248607779506,1.1538941534950453,0.010841933336793258,Iris-setosa
8.145965250296523,4.072925456788932,6.220839740218872,1.9604979784962557,Iris-virginica
5.5,2.4,3.8,1.1,Iris-versicolor
5.430709375378964,4.157054318510715,1.7050383088257268,0.49223138689220075,Iris-setosa
4.528727437666409,2.96181371523745,1.4609251626863022,0.19286320622248593,Iris-setosa
4.5705768046664215,2.8393452377212496,1.3908136116343572,-0.05541742671917696,Iris-setosa
8.197521014406739,4.009567379856767,6.532506774743419,2.1339981308555176,Iris-virginica
6.333547050396999,2.869495966344084,5.202782171111569,1.6997286645705036,Iris-virginica
7.997334995848716,3.8025087672908855,6.912217926217108,2.2634249715491146,Iris-virginica
5.715709430084496,2.706685585619609,4.823352469569877,2.317617717380979,Iris-virginica
4.832208246829712,3.74773283534854,1.702995441757365,0.06546152372960987,Iris-setosa
7.899492813803232,3.022074276167749,6.603021421558892,1.9791704805444128,Iris-virginica
6.61644754793406,3.376840070268169,6.0303799460223075,2.4051154784631437,Iris-virginica
