SepalLengthCm,SepalWidthCm,PetalLengthCm,PetalWidthCm,Species
5.1,3.5,1.4,0.2,Iris-setosa
4.9,3.0,1.4,0.2,Iris-setosa
4.7,3.2,1.3,0.2,Iris-setosa
4.6,3.1,1.5,0.2,Iris-setosa
5.0,3.6,1.4,0.2,Iris-setosa
5.4,3.9,1.7,0.4,Iris-setosa
4.6,3.4,1.4,0.3,Iris-setosa
5.0,3.4,1.5,0.2,Iris-setosa
4.4,2.9,1.4,0.2,Iris-setosa
4.9,3.1,1.5,0.1,Iris-setosa
5.4,3.7,1.5,0.2,Iris-setosa
4.8,3.4,1.6,0.2,Iris-setosa
4.8,3.0,1.4,0.1,Iris-setosa
4.3,3.0,1.1,0.1,Iris-setosa
5.8,4.0,1.2,0.2,Iris-setosa
5.7,4.4,1.5,0.4,Iris-setosa
5.4,3.9,1.3,0.4,Iris-setosa
5.1,3.5,1.4,0.3,Iris-setosa
5.7,3.8,1.7,0.3,Iris-setosa
5.1,3.8,1.5,0.3,Iris-setosa
5.4,3.4,1.7,0.2,Iris-setosa
5.1,3.7,1.5,0.4,Iris-setosa
4.6,3.6,1.0,0.2,Iris-setosa
5.1,3.3,1.7,0.5,Iris-setosa
4.8,3.4,1.9,0.2,Iris-setosa
5.0,3.0,1.6,0.2,Iris-setosa
5.0,3.4,1.6,0.4,Iris-setosa
5.2,3.5,1.5,0.2,Iris-setosa
5.2,3.4,1.4,0.2,Iris-setosa
4.7,3.2,1.6,0.2,Iris-setosa
4.8,3.1,1.6,0.2,Iris-setosa
5.4,3.4,1.5,0.4,Iris-setosa
5.2,4.1,1.5,0.1,Iris-setosa
5.5,4.2,1.4,0.2,Iris-setosa
4.9,3.1,1.5,0.1,Iris-setosa
5.0,3.2,1.2,0.2,Iris-setosa
5.5,3.5,1.3,0.2,Iris-setosa
4.9,3.1,1.5,0.1,Iris-setosa
4.4,3.0,1.3,0.2,Iris-setosa
5.1,3.4,1.5,0.2,Iris-setosa
5.0,3.5,,0.3,Iris-setosa
4.5,2.3,1.3,0.3,Iris-setosa
4.4,3.2,1.3,0.2,Iris-setosa
5.0,3.5,1.6,0.6,Iris-setosa
5.1,3.8,1.9,0.4,Iris-setosa
4.8,3.0,1.4,0.3,Iris-setosa
5.1,3.8,1.6,0.2,Iris-setosa
4.6,3.2,1.4,0.2,Iris-setosa
5.3,3.7,1.5,0.2,Iris-setosa
5.0,3.3,1.4,0.2,Iris-setosa
7.0,3.2,4.7,1.4,Iris-versicolor
6.4,3.2,4.5,1.5,Iris-versicolor
6.9,3.1,4.9,1.5,Iris-versicolor
5.5,2.3,4.0,1.3,Iris-versicolor
6.5,2.8,4.6,1.5,Iris-versicolor
5.7,2.8,4.5,1.3,Iris-versicolor
6.3,3.3,4.7,1.6,Iris-versicolor
4.9,2.4,3.3,1.0,Iris-versicolor
6.6,2.9,4.6,1.3,Iris-versicolor
5.2,2.7,3.9,1.4,Iris-versicolor
5.0,2.0,3.5,1.0,Iris-versicolor
5.9,3.0,4.2,1.5,Iris-versicolor
6.0,2.2,4.0,1.0,Iris-versicolor
6.1,2.9,4.7,1.4,Iris-versicolor
5.6,2.9,3.6,1.3,Iris-versicolor
6.7,3.1,4.4,1.4,Iris-versicolor
5.6,3.0,4.5,1.5,Iris-versicolor
5.8,2.7,4.1,1.0,Iris-versicolor
6.2,2.2,4.5,1.5,Iris-versicolor
5.6,2.5,3.9,1.1,Iris-versicolor
5.9,3.2,4.8,1.8,Iris-versicolor
6.1,2.8,4.0,1.3,Iris-versicolor
6.3,2.5,4.9,1.5,Iris-versicolor
6.1,2.8,4.7,1.2,Iris-versicolor
6.4,2.9,4.3,1.3,Iris-versicolor
6.6,3.0,4.4,1.4,Iris-versicolor
6.8,2.8,4.8,1.4,Iris-versicolor
6.7,3.0,5.0,1.7,Iris-versicolor
6.0,2.9,4.5,1.5,Iris-versicolor
5.7,2.6,3.5,1.0,Iris-versicolor
5.5,2.4,3.8,1.1,Iris-versicolor
5.5,2.4,3.7,1.0,Iris-versicolor
5.8,2.7,3.9,1.2,Iris-versicolor
6.0,2.7,5.1,1.6,Iris-versicolor
5.4,3.0,4.5,1.5,Iris-versicolor
6.0,3.4,4.5,1.6,Iris-versicolor
6.7,3.1,4.7,1.5,Iris-versicolor
6.3,2.3,4.4,1.3,Iris-versicolor
5.6,3.0,4.1,1.3,Iris-versicolor
5.5,2.5,4.0,1.3,Iris-versicolor
5.5,2.6,4.4,1.2,Iris-versicolor
6.1,3.0,4.6,1.4,Iris-versicolor
5.8,2.6,4.0,1.2,Iris-versicolor
5.0,2.3,3.3,1.0,Iris-versicolor
5.6,2.7,4.2,1.3,Iris-versicolor
5.7,3.0,4.2,1.2,Iris-versicolor
5.7,2.9,4.2,1.3,Iris-versicolor
6.2,2.9,4.3,1.3,Iris-versicolor
5.1,2.5,3.0,1.1,Iris-versicolor
5.7,2.8,4.1,1.3,Iris-versicolor
6.3,3.3,6.0,2.5,Iris-virginica
5.8,2.7,5.1,1.9,Iris-virginica
7.1,3.0,5.9,2.1,Iris-virginica
6.3,2.9,5.6,1.8,Iris-virginica
6.5,3.0,5.8,2.2,Iris-virginica
7.6,3.0,6.6,2.1,Iris-virginica
4.9,2.5,4.5,1.7,Iris-virginica
7.3,2.9,6.3,1.8,Iris-virginica
6.7,2.5,5.8,1.8,Iris-virginica
7.2,3.6,6.1,2.5,Iris-virginica
6.5,3.2,5.1,2.0,Iris-virginica
6.4,2.7,5.3,1.9,Iris-virginica
6.8,3.0,5.5,2.1,Iris-virginica
5.7,2.5,5.0,2.0,Iris-virginica
5.8,2.8,5.1,2.4,Iris-virginica
6.4,3.2,5.3,2.3,Iris-virginica
6.5,3.0,5.5,1.8,Iris-virginica
7.7,3.8,6.7,2.2,Iris-virginica
7.7,2.6,6.9,2.3,Iris-virginica
6.0,2.2,5.0,1.5,Iris-virginica
6.9,3.2,5.7,2.3,Iris-virginica
5.6,2.8,4.9,2.0,Iris-virginica
7.7,2.8,6.7,2.0,Iris-virginica
6.3,2.7,4.9,1.8,Iris-virginica
6.7,3.3,5.7,2.1,Iris-virginica
7.2,3.2,6.0,1.8,Iris-virginica
6.2,2.8,4.8,1.8,Iris-virginica
6.1,3.0,4.9,1.8,Iris-virginica
6.4,2.8,5.6,2.1,Iris-virginica
7.2,3.0,5.8,1.6,Iris-virginica
7.4,2.8,6.1,1.9,Iris-virginica
7.9,3.8,6.4,2.0,Iris-virginica
6.4,2.8,5.6,2.2,Iris-virginica
6.3,2.8,5.1,1.5,Iris-virginica
6.1,2.6,5.6,1.4,Iris-virginica
7.7,3.0,6.1,2.3,Iris-virginica
6.3,3.4,5.6,2.4,Iris-virginica
6.4,3.1,5.5,1.8,Iris-virginica
6.0,3.0,4.8,1.8,Iris-virginica
6.9,3.1,5.4,2.1,Iris-virginica
6.7,3.1,5.6,2.4,Iris-virginica
6.9,3.1,5.1,2.3,Iris-virginica
5.8,2.7,5.1,1.9,Iris-virginica
6.8,3.2,5.9,2.3,Iris-virginica
6.7,3.3,5.7,2.5,Iris-virginica
6.7,3.0,5.2,2.3,Iris-virginica
6.3,2.5,5.0,1.9,Iris-virginica
6.5,3.0,5.2,2.0,Iris-virginica
6.2,3.4,5.4,2.3,Iris-virginica
5.9,3.0,5.1,1.8,Iris-virginica
5.644825470302522,2.8473782062350352,3.924867404044003,1.107601901693735,Iris-versicolor
5.656805033628162,3.260209459983528,4.605066286095038,1.6566184863762878,Iris-versicolor
7.419774936789147,3.2306765251183274,6.049723322277005,1.49026663455761,Iris-virginica
6.269046893703477,2.6116659692419733,4.833103382366999,1.7071946711120456,Iris-virginica
4.996725327701295,3.6263581271640346,1.7234298506675627,0.4574519892052107,Iris-setosa
6.604974674203142,3.2030818192095936,5.381258674385143,2.202158716252603,Iris-virginica
5.755598975459428,2.414957008211009,3.8220436918865897,1.1547083968585539,Iris-versicolor
4.471051651028768,3.4569751143579226,1.0578682213644637,0.18391819583355695,Iris-setosa
5.182929444957675,3.276034481285463,1.3276092481149502,-0.019204595639602723,Iris-setosa
5.687886641816248,2.608091789338808,3.6456277969810476,0.784854041751762,Iris-versicolor
5.629838369339908,4.082658107378014,1.280923000812351,0.25395446895202684,Iris-setosa
4.988392519093842,2.5567145837863183,3.196281786494103,0.8060843971998841,Iris-versicolor
4.617150521352735,3.045885810143976,1.375549725420511,0.267834934408424,Iris-setosa
5.453516500342367,2.653260702016349,3.5844672318954136,0.8398980574070829,Iris-versicolor
4.912444415128098,2.7926260343250844,1.4100900502579445,0.4936365513034082,Iris-setosa
7.660451967661975,2.77800594456395,6.808060250811389,1.9354117515786577,Iris-virginica
7.575512259387277,3.2867238771209015,6.30736823447457,2.022344058130558,Iris-virginica
5.662921896422939,2.728693997889548,4.8417120849876,2.691236363728262,Iris-virginica
5.602824728051289,4.369886883120094,1.3466813654354863,-0.05863976917462427,Iris-setosa
6.679183805755782,2.7515089338919068,4.348954672524021,1.361152755032709,Iris-versicolor
4.44201870479786,3.3796215532680653,1.5880675779594913,0.06520781593134714,Iris-setosa
7.172794659149166,3.120544584045023,5.521140118389729,2.0538481822684655,Iris-virginica
7.960712325132115,2.9928672988773344,6.8028306376358465,2.234274500172723,Iris-virginica
7.0235300283760305,3.778305664778031,5.815622446220774,2.2867890253555365,Iris-virginica
5.118623245080124,,3.2899645896204075,0.9231365432255825,Iris-versicolor
4.963972860395243,3.081587127860669,1.5328453466069474,0.7153235788840542,Iris-setosa
6.118486744463327,3.435312615151173,4.3005530536251255,1.6056036028612222,Iris-versicolor
6.983826610498711,2.9021364725681362,5.825589406760065,1.5071120315504376,Iris-virginica
5.166493083519744,3.665091685530776,1.5230909018973695,0.26564501398060014,Iris-setosa
6.096527975372322,3.0395615589815623,5.20951510184764,1.5658010324970562,Iris-virginica
7.66959266140174,2.9506352260547986,6.001547355507174,1.6245728584450856,Iris-virginica
5.325781565654639,2.728374338403324,4.617366724678711,1.6356933719584121,Iris-versicolor
6.35732841347655,2.9975062685387064,4.973367321751127,2.111827339203492,Iris-virginica
5.314844777740892,3.8534079184388066,1.0998159048893699,0.5751737764342624,Iris-setosa
6.5940333236779765,2.2517770435016797,4.364056924273371,1.017376307553689,Iris-versicolor
7.764283911330832,2.9500506614227646,6.575567740987212,1.7718636168300794,Iris-virginica
7.0491542080199405,3.3226600257465924,4.979038247136806,2.5265786397443764,Iris-virginica
5.463670795663923,2.700152830590898,3.9699170386685543,1.0906852969504255,Iris-versicolor
5.412907065823943,2.7013866892533183,3.577954424340259,1.4752029384342913,Iris-versicolor
5.63053993438088,2.6566495249506454,4.925838002917416,2.438162033643549,Iris-virginica
,2.1827509727760077,3.952302647049734,1.1654146470019224,Iris-versicolor
6.61350154077106,3.502858811262211,5.984560903591375,2.646296199093855,Iris-virginica
5.900429714415339,2.990283717874955,3.952014807360834,1.796696035161151,Iris-versicolor
5.554788312417815,2.635359069622998,3.663498100262513,0.7328257433026637,Iris-versicolor
5.083473506543565,2.2632798302316517,3.5070693721448087,1.0957959374739976,Iris-versicolor
4.731317825445298,3.493586711110679,1.58783160296142,0.47798409367708194,Iris-setosa
4.995967837874046,3.6763256356468004,1.6579353769975105,0.08429485018789123,Iris-setosa
4.58384235576659,3.11057983068911,1.2936839557052195,-0.06032840727130351,Iris-setosa
6.340621721362782,3.080971751967889,5.6965589654938285,1.9314859488833753,Iris-virginica
6.77048840849981,3.1284177457160975,5.6976690180405924,2.2635502434708004,Iris-virginica
5.592081690219863,3.9795305404283075,1.41271160725959,-0.04063595995286515,Iris-setosa
6.381508895913359,3.5625342505186253,4.9187815449517185,1.5790806333578975,Iris-versicolor
4.931929797091028,3.5711421446251728,1.5172312649474253,0.02359483077436958,Iris-setosa
4.947594178775908,3.202799887567876,1.2122350473461927,0.06856302219527335,Iris-setosa
4.24650710918897,3.1814057779661,1.0397978326759139,0.2662529133567099,Iris-setosa
7.275656537388545,2.8663011782072876,6.005066924277724,1.82201268725091,Iris-virginica
5.457038040545189,2.7962544221096386,3.200571983989642,1.040495053453057,Iris-versicolor
5.881246633290435,2.4290907557836365,4.9424889285530105,1.7684147018407586,Iris-versicolor
6.185560908796631,2.6867895641143122,4.538061800815737,1.0180933459554364,Iris-versicolor
4.955754794002989,3.4754176509427266,1.5163757436048104,0.34315806830653295,Iris-setosa
5.631394512202204,4.447554345747066,1.2778380567666017,0.3461676898676548,Iris-setosa
5.932765214784501,3.2660489635235224,4.24070841744389,1.7618233078185277,Iris-versicolor
5.8732939193370814,3.4026030906687894,4.9385186238621595,1.6935240520103496,Iris-versicolor
6.388501471768242,3.030029910288062,4.732260431646841,1.3935627451308266,Iris-versicolor
6.859340459868696,2.9460556750564564,5.360410439657881,1.8357174486055399,Iris-virginica
6.088090643454797,2.9416427875094295,4.465578267139045,1.559244669506059,Iris-versicolor
6.335847258410355,2.5677723074623002,5.226133865078398,1.4069127677616333,Iris-virginica
4.833966247540803,3.717521994548727,1.2185840652127116,0.44235632581358353,Iris-setosa
5.083426181785126,2.7031632435351685,1.616795380825119,0.13886696761581854,Iris-setosa
5.896681900044944,3.217434758154753,4.243272957146332,1.3661645062524488,Iris-versicolor
6.328382453174978,2.835242194173538,4.552968781702265,1.3417497533045726,Iris-versicolor
5.21667839734436,2.191736879848223,3.403071404917969,0.8020768124224562,Iris-versicolor
5.74762279812038,2.128421614403706,4.195002201302065,1.5286683100774912,Iris-versicolor
4.6284713962009,2.9750435665618156,1.0498701024002328,0.06135399545920098,Iris-setosa
6.054405433736962,2.85124405232914,4.695866133126016,1.9543757568490494,Iris-virginica
4.844078838522428,3.342569659239468,1.608589264035225,0.47285423571834134,Iris-setosa
5.275263789845014,3.2656093419950314,4.471016978608537,1.3887386961108397,Iris-versicolor
5.0336358304105255,3.2065634193617956,1.4154293626040155,-0.03714765244562382,Iris-setosa
5.999593953034591,2.4379920359920124,4.9434474568092135,2.077616697907196,Iris-virginica
4.934781264401795,3.6337428760378043,1.325614724767431,0.5426053851226369,Iris-setosa
6.446437631154349,3.207742323947678,5.2438408348601255,1.9990369512023847,Iris-virginica
6.450438590399489,2.6746542070928503,5.823917614465498,2.056762016133386,Iris-virginica
5.838659522033759,2.891577773105193,4.17081706979757,1.107243462537757,Iris-versicolor
6.701765555039853,3.025028044329898,5.424723800852516,2.1548197339724986,Iris-virginica
7.42858378240678,2.8487129972798595,5.724139020674231,1.3535319474940075,Iris-virginica
4.929517534035846,3.312646893156932,1.1084870806712528,0.23779528195393856,Iris-setosa
4.932113982046361,2.9044125705506016,1.1383590348095314,0.30204566968015817,Iris-setosa
4.868364779619735,1.957029873693315,3.648372834446947,1.2426031922759837,Iris-versicolor
5.533758793901713,2.4805158918911276,3.8555601802284976,0.7100650088572679,Iris-versicolor
7.074762338410677,3.126378443399748,6.420941907566616,2.039316905617704,Iris-virginica
5.261779281439493,2.261888202083099,3.6789177315731787,1.0678595040551988,Iris-versicolor
5.087839555656463,2.868346296022989,4.107139821758348,1.1394643314051216,Iris-versicolor
4.789585936328579,3.409770858407668,1.5471756920593136,0.3374565762914373,Iris-setosa
5.149394958731769,2.784019519623261,4.460271992874437,1.7524420096474869,Iris-versicolor
5.646891958829259,2.3628659490356507,3.70002384284519,0.839489111480574,Iris-versicolor
7.201056709328506,3.180863339140394,6.298465617905816,2.021402138032947,Iris-virginica
5.514770220585908,3.7012183321845042,1.7729535680460187,0.15787667160908203,Iris-setosa
4.888022396547491,2.4754467460803555,4.388682342858581,1.5732117431708925,Iris-virginica
,3.1705086894853323,5.048627623075836,1.6498020007228935,Iris-virginica
6.701549649761508,3.239453318659481,4.535930666354361,,Iris-versicolor
6.542532184539056,3.0480013955184937,5.066709548157838,1.3695430917240512,Iris-virginica
5.146031559760871,3.505026196506192,1.261060403895292,0.47492740691465474,Iris-setosa
6.347202926702745,2.8841767078570553,4.431765459949212,1.3580695499541966,Iris-versicolor
6.6424942961843465,2.875861345407989,4.974531453001974,1.629994897155067,Iris-versicolor
5.739856587200393,2.586798829486532,4.689177066761806,1.5728824103686676,Iris-versicolor
5.247741038411264,4.072131694702347,1.3051639991987782,0.03474104911093395,Iris-setosa
7.51759537894441,2.7880856463139754,6.299335329276085,2.100061833056524,Iris-virginica
4.458518436115838,2.207789015006458,1.4185666774435142,0.30874986000357746,Iris-setosa
6.304568331643976,2.5026999764560918,4.84970845924348,1.6662781618380156,Iris-virginica
5.876839532971041,2.7297376008759002,4.897320987598525,1.089662393459164,Iris-versicolor
6.40653052525024,2.9305406038459543,4.603656895470598,1.490659084854929,Iris-versicolor
5.091969321616321,3.5745815231676197,1.2729661150721507,0.5829906328095209,Iris-setosa
5.034625095076778,3.257119170409686,1.4446465680799665,0.26042450040657295,Iris-setosa
7.440503811056925,2.5944712007144495,7.034696194552165,2.5607181230220477,Iris-virginica
6.743146305400075,2.7519813965839806,5.318181657840084,2.102403624519476,Iris-virginica
5.692856104810178,3.127625294581655,3.906708180926802,1.3829479251942316,Iris-versicolor
5.173575615068945,4.07716108145994,1.2664458888583863,0.4151058362463836,Iris-setosa
6.026641097321986,2.998705028513326,4.511906163524803,1.7510072707106934,Iris-versicolor
5.4604991913970755,2.893171305062989,4.1546997308369225,1.2920120055403317,Iris-versicolor
4.930248576970403,2.3548368628989875,3.3516904030392656,0.992569819728363,Iris-versicolor
7.885876285108891,2.6408391597997496,7.121354919046198,2.2002164307273855,Iris-virginica
4.5160954428885605,2.792541435811194,1.2764047883517031,0.15456247677795368,Iris-setosa
4.8130630779591215,3.5489078457371326,1.5028282575531222,0.20450423509587864,Iris-setosa
6.798087771919959,3.4736423952412614,4.6091813632905,1.5763217083577068,Iris-versicolor
5.563255896889402,2.698379614378221,4.289276366405928,1.0368801486381782,Iris-versicolor
6.142224845003423,2.7273892966699838,4.6744929153938415,1.8107612255108336,Iris-virginica
5.376945928365863,2.5208460030907105,3.941065246944321,1.0064337178528624,Iris-versicolor
5.614905831033236,2.5320487827502802,3.841518582613446,1.1581359577072403,Iris-versicolor
5.271385016782472,3.9773681138016297,1.3018193436964145,0.4849160442903867,Iris-setosa
6.301808672008068,2.712725776983595,5.254432570069426,2.0719540413329383,Iris-virginica
6.92893625488523,2.9450653365134705,5.842882000859244,1.7057748930392587,Iris-virginica
6.2176693198423845,2.7344742570938183,4.8921779776388306,1.6592849928995124,Iris-virginica
4.716653404493835,3.048633780679477,1.3582443506777244,-0.04289569223910311,Iris-setosa
7.91634990383755,2.9166788740150187,6.22652831246183,2.439139613388162,Iris-virginica
5.54668750266974,2.47723487683641,3.924227666237886,1.3760359362739827,Iris-versicolor
6.623821358399215,2.949547962639827,5.313603794105106,1.850935587760799,Iris-virginica
7.871463694186931,2.874472362248532,6.225699393173348,2.3876000618687234,Iris-virginica
6.8646993287880145,3.150597504819764,5.468960519018101,2.4434519361742453,Iris-virginica
5.337034665752398,2.8654934358313957,4.202313068090634,1.4978528598678706,Iris-versicolor
5.9049065919203185,3.1674245583580514,4.469863894355942,1.388517589012686,Iris-versicolor
5.862457138938312,2.312663756684692,4.739182550896332,1.5397844376547831,Iris-virginica
4.601329176964535,2.8714303681066813,1.4662185147311826,0.17349045908834815,Iris-setosa
4.938126632815046,3.273350642612618,1.1009383396120156,0.09406807170748335,Iris-setosa
4.941228301181177,3.456561814008491,1.8389093585166227,0.20661076673470163,Iris-setosa
6.919786621840007,3.278861859100776,5.9842371738146865,1.7265296318675885,Iris-virginica
4.924306552000481,3.647208448309804,1.339340210681733,0.08358957496983946,Iris-setosa
4.768406672127429,1.7008598458726323,3.3291135504527114,0.818730385732538,Iris-versicolor
7.325018550059648,2.9021706376474534,6.601582262249833,1.8644298949929188,Iris-virginica
4.490567696678415,3.132469394041702,1.098874278575291,0.24211026590474322,Iris-setosa
5.018752122418037,3.328112088822578,1.3299776109654466,0.2900357406298682,Iris-setosa
6.829088306098697,2.590583629206269,4.547888627362837,1.288580082316769,Iris-versicolor
5.089772177456393,3.2990199961318973,1.6751848829267662,0.7743610259705338,Iris-setosa
4.89054750321474,3.025809364883747,1.4339391928014638,0.09812430867859381,Iris-setosa
6.353106796528699,2.4102392797305967,5.358066450977372,1.9450787912456495,Iris-virginica
5.543937759870889,2.7394228136106524,4.457887868448621,1.1257313790167172,Iris-versicolor
6.846863450694157,2.7574204472606363,5.848055843615748,1.6246290252529163,Iris-virginica
5.76180152639094,2.629630747927497,4.756444855294557,1.9398634826735823,Iris-virginica
5.664275575976082,2.4345981500448732,4.410110268523982,1.0173502533871492,Iris-versicolor
5.541289864930315,2.697944155942364,3.3429492741779456,1.3499680978515363,Iris-versicolor
6.270191033848006,2.619168347359081,4.439072084665596,0.9473381181326015,Iris-versicolor
5.658603887755423,2.508205072148417,4.338868951856413,1.1860454612811748,Iris-versicolor
7.183095886864351,3.3235718487597876,4.915033121804053,1.1211129650701497,Iris-versicolor
5.011771394851325,3.452492409648603,1.238614625584527,0.05666389008431941,Iris-setosa
5.044816735486897,3.587490069952335,1.666432922446355,0.0311706345089989,Iris-setosa
6.064058279777199,2.748965293483686,5.103025907729165,1.7023287378597072,Iris-versicolor
4.672611074892249,3.550620992375867,0.852970710051142,0.0023391083451554384,Iris-setosa
5.008295658176946,3.2984045588276327,1.337268291353324,0.18773161287909496,Iris-setosa
5.3158055139415605,2.943183227789702,4.478747784360384,1.5033666712127,Iris-versicolor
5.255473699734589,3.1227842161537884,1.4316477182884153,0.15100949269999492,Iris-setosa
6.5654516139638375,3.322072057405971,5.337168237219141,2.1606843344138458,Iris-virginica
5.983825413580281,2.4072760316416595,3.6369688776825275,0.9933454030018878,Iris-versicolor
5.550927964717866,2.5381722658227552,3.9632360153793034,1.1395648151362483,Iris-versicolor
5.389694920713367,3.7319237991011853,1.776025665590096,0.4410997704502139,Iris-setosa
6.561848730154492,3.1439557718299387,4.4832809084845335,1.4626889058335568,Iris-versicolor
6.1345990149971295,2.3408742133781812,5.447217076378311,1.2961446731762114,Iris-virginica
5.844491143404263,3.2638122147318533,5.0441906051157845,1.8797999859498131,Iris-virginica
7.000017800353762,2.902410835668026,4.6877077868753,1.3594831599499033,Iris-versicolor
6.2492375644185065,2.88775954207635,5.494192365169855,1.8018664841792358,Iris-virginica
6.433247847306239,2.501100061134763,5.045897557112917,1.519646935460277,Iris-virginica
4.5020021684897635,3.2235775113032803,1.1792397510853443,0.3488167490957411,Iris-setosa
7.311268116684082,2.7405002639899423,6.672251081086574,1.9210157478836316,Iris-virginica
5.61966797753345,3.073951788120664,4.99688009790886,1.8725223911484439,Iris-virginica
5.311676879426052,4.148638572383791,1.5953988571736082,0.5939926343699544,Iris-setosa
4.733208270502384,3.1005492360371782,1.4796364860600855,0.31332743598479834,Iris-setosa
5.152616816251069,3.3413934824718905,1.8065597915119125,0.63202273870185,Iris-setosa
5.945912355986491,3.274803684089809,4.538794712337449,1.6232230375270942,Iris-versicolor
4.80215582714352,3.4379796702497907,1.100341283271081,0.2849420358318926,Iris-setosa
5.6562725719712,2.461609838888795,4.942194772126425,1.8598209083053237,Iris-virginica
5.153224985546606,3.4689380195081103,1.496498765390745,0.8711614203933704,Iris-setosa
6.229429609299519,3.127789479647217,4.440430590504719,1.5880454179691164,Iris-versicolor
5.718047171401694,2.77791590214893,4.391177937453556,1.4482269408632074,Iris-versicolor
6.858855999651648,3.099062942647051,5.369633542460845,2.169726289099401,Iris-virginica
5.321354913900347,2.3072919491310975,3.4790590367408516,1.2639489415441205,Iris-versicolor
5.676405975953044,2.9462223920341,4.302433898591881,1.0410316940234978,Iris-versicolor
7.011469557580028,3.178476036658185,5.304302174570635,2.3446509256909858,Iris-virginica
5.200376522312695,3.0591927531561143,4.304453511033293,1.7190597225334094,Iris-versicolor
6.458867848827289,3.649700522337509,5.331630255265541,2.5551929282620374,Iris-virginica
5.135649388951124,3.5875250162036507,1.4875932219353438,0.49233675958628537,Iris-setosa
4.320103253458816,3.059983358789573,1.5597895019658592,0.416753429502872,Iris-setosa
5.288621263578183,3.8771514457493246,1.271933709617601,0.37924387950570887,Iris-setosa
6.619328034399205,2.6652947460085925,4.606004010050803,1.443474748205972,Iris-versicolor
5.905359176487794,2.8078478941192953,5.1960199882480795,1.9910790628944643,Iris-virginica
6.260963479689505,2.9271579452886103,5.258027669457649,2.102224289270994,Iris-virginica
5.159794757981013,3.1683210716485743,1.1976285555404844,-0.039917949644117795,Iris-setosa
6.446090184947587,3.0539000526729225,5.198548262844604,2.279629018713025,Iris-virginica
6.747117602222173,3.468020510005585,5.938815354218367,2.4361286404894535,Iris-virginica
6.327082692980928,2.761958397768471,5.786167209259016,2.1710985349591683,Iris-virginica
6.152771401785574,2.412283869210619,4.954157260743297,1.9907475303533821,Iris-virginica
4.979625549271459,3.9214378443133495,1.7852507258663353,0.4747198744171452,Iris-setosa
5.770019431785311,2.1623205337958273,3.793973920775815,1.5268728475888833,Iris-versicolor
6.391595935354672,3.3797874098782397,4.8641683204274315,2.2028158279712153,Iris-virginica
6.221575239994848,3.4381697761265047,5.244147844633001,2.1082917436751827,Iris-virginica
5.319004339176653,3.6793412471580558,1.5462553599276496,0.2852385763494542,Iris-setosa
4.927121978112248,2.9648805523491264,1.5051817173812543,-0.13518194034708755,Iris-setosa
6.243825905120733,3.237331443293578,5.12175622223774,1.9279353105376742,Iris-virginica
5.831697091216047,3.998752703121383,1.5667611914035706,0.0960326666424953,Iris-setosa
5.530503886124876,3.708196125040622,1.1357012570179497,0.2791101637820143,Iris-setosa
5.016730516209568,3.1951207834970647,1.8772371336968101,0.2872696251751381,Iris-setosa
5.0001682026802605,1.8730900456678663,3.395485521768588,1.0099394884771051,Iris-versicolor
5.824465571220032,2.604809872919679,4.752022728135041,1.77552284144272,Iris-virginica
7.664612757260219,2.5977497424898393,6.742339748934282,2.0824133954999606,Iris-virginica
6.138533361535867,2.4269238907078967,4.138897509416284,1.4469295469165648,Iris-versicolor
6.613046563312459,2.9114862394980787,5.862487339062746,2.4991410602471515,Iris-virginica
6.7801517896077215,3.1809558716444406,5.802176588581251,2.2087478844614497,Iris-virginica
7.0371314019701305,2.985976080940151,5.974166358318223,2.408087702187676,Iris-virginica
5.435192549909714,2.7072354003471704,3.623888632353162,1.20095122355447,Iris-versicolor
5.8204072718153395,2.9937547676289067,4.040250969388807,1.1849846382476676,Iris-versicolor
6.4157832512124475,3.17794226743064,4.122796859297158,,Iris-versicolor
4.496732142231737,3.058345135906925,1.061537032886342,0.14009296752311665,Iris-setosa
7.629816506155415,2.3460000182766536,6.91459058784154,2.233682361736895,Iris-virginica
5.283074723036745,3.631079937664674,1.6051902363964106,0.31045625756392964,Iris-setosa
5.982389068125667,2.7539948235509715,3.790452983098757,1.1228611848517418,Iris-versicolor
4.722544031153058,2.37542284709398,4.221577165586692,1.4491937061524744,Iris-virginica
6.173799950546193,2.9947582340080667,5.440177742120482,2.0456784279550635,Iris-virginica
4.711769543272174,3.4980559183793405,1.3626895180068315,0.028667710622251513,Iris-setosa
5.541770535207291,4.229448169592225,1.4715437491536447,0.357249151865107,Iris-setosa
4.800089792855665,3.174535622071799,1.584710752563717,0.3825564862980049,Iris-setosa
5.334213622378275,3.544920520973924,1.8646560348751944,0.26970541193180897,Iris-setosa
7.191182427821198,3.382498681119032,5.242193185740923,2.4637301673071006,Iris-virginica
6.6286709923444365,2.705578773476811,5.586214992837561,2.0640576480236996,Iris-virginica
5.3756144532424175,2.6438249956100788,4.7649344487502505,2.169075499744359,Iris-virginica
4.829757473442184,3.8700167768454117,1.5228874474533576,0.2770162803719614,Iris-setosa
5.856687539181925,2.563616230958132,4.9307869078664215,2.055912214474916,Iris-virginica
5.517972539371443,2.732819631070318,3.972250680600302,1.393508599336067,Iris-versicolor
4.311213976182721,2.0351769728108757,1.0920764480145357,0.4417027580549738,Iris-setosa
7.001443024644013,3.006768945242244,4.976813568952297,1.4020924305689857,Iris-versicolor
5.49889448677662,3.3922085734490177,1.3221046293983494,0.031636595024292724,Iris-setosa
5.889642103821103,,5.814834724408552,1.540970183623881,Iris-virginica
4.965841337584365,2.5497452317887914,2.965216601437285,1.0106221958316344,Iris-versicolor
5.09884693487038,3.7517583532131638,1.5880970427713699,-0.038846549404053216,Iris-setosa
4.954751151976812,3.042208197261914,1.5631032967323835,-0.09941338332435978,Iris-setosa
4.842017464805638,3.678303376553152,0.7637330292134317,0.48439491928386824,Iris-setosa
5.987954300645275,2.581358975563191,4.055904162288169,1.4888117060145758,Iris-versicolor
4.347275144911542,2.6398400593582325,1.4382552738727687,0.11020673456367783,Iris-setosa
6.493527262384925,2.645198094135841,4.819742612007312,1.6025849093748923,Iris-virginica
5.4630645737934715,2.9728468482724777,4.101958988872334,1.4544458466861347,Iris-versicolor
5.3870661877086174,2.9082738298971202,4.582102451718444,1.722541267339353,Iris-versicolor
4.854087453018541,3.1801864841638743,1.3573725722654653,-0.006736180382989204,Iris-setosa
4.370478755114931,2.9655826255969124,1.0642388736996697,-0.03166524527807307,Iris-setosa
5.707914154303567,2.8695616737585405,4.133907652889815,0.9769776147553073,Iris-versicolor
6.560748930593256,3.1178827013928747,4.545299238080732,1.4608269630888788,Iris-versicolor
5.78744979694791,2.705872308317289,4.059147033896375,1.3256086845536408,Iris-versicolor
4.905924633335314,3.1112545327158148,1.1186284460806175,-0.02130488682946463,Iris-setosa
5.350639893958578,3.542084145013737,1.35380313808253,0.298099581381525,Iris-setosa
6.430918620543562,3.006121557855086,5.576156895841323,2.416845247359523,Iris-virginica
6.31286023227961,2.748809334580986,5.306233316107155,1.8067849856909548,Iris-virginica
6.443937033221449,3.172818718639889,5.565284463872902,2.6659936708229637,Iris-virginica
4.971174134902283,3.7771241726412113,1.2192706468516517,0.04757757224242559,Iris-setosa
6.195634647067011,2.933771228819727,5.78613582753022,2.0750598327352727,Iris-virginica
6.396435919420252,2.8830407999231675,5.637206979445486,1.854503358262988,Iris-virginica
5.713471379513544,2.532272034510389,4.850928930260479,1.617491554722996,Iris-versicolor
5.23109016303205,3.2745520299012245,1.3014733177636408,0.11976970158905684,Iris-setosa
5.173171509061256,3.4967961850578924,1.3143906148186835,0.5654545528401789,Iris-setosa
5.284798542436338,3.870912550503098,1.2066697981796628,0.3854395534439522,Iris-setosa
4.937961573362346,3.0849164538855183,1.5837623687243538,-0.01880533114021224,Iris-setosa
6.866997436368144,3.1599936806131987,4.908786547456995,2.2596098033720353,Iris-virginica
5.800351650962812,2.492234078926598,4.097776201336714,1.5734306151469046,Iris-versicolor
6.231018496869573,2.2255342675770304,4.221735696093393,1.1899879366754265,Iris-versicolor
5.676709697460861,2.842665729552641,4.3871016163447205,1.4813733715860695,Iris-versicolor
7.682718206312559,2.960685042424497,6.9429246080691644,2.196921638009441,Iris-virginica
6.181298763615984,2.9827314727251455,4.244432013712561,1.0089959248902287,Iris-versicolor
7.151523764543695,3.059689871365357,6.244325029900775,1.9488158774763114,Iris-virginica
6.073555039417417,3.0697035667444292,5.504560060474728,1.8403375452924882,Iris-virginica
6.124317388181787,2.454508997910766,4.2662035641563465,1.5276401996347913,Iris-versicolor
4.73197359439915,3.556628238898708,1.5306706368362852,0.36910095898638284,Iris-setosa
5.953835996124346,2.214286332679524,4.853839192021481,1.817222900501785,Iris-virginica
5.003101543037387,4.074989637610286,1.8497116343190656,0.29684417740404073,Iris-setosa
6.293573894332849,3.383435228933524,5.044685809563219,2.2664001979240442,Iris-virginica
5.480619343214201,2.5397200780180786,4.256485740522191,1.3552908187993662,Iris-versicolor
4.705063426520362,3.38394111219649,1.6214944172198924,0.31137377573123715,Iris-setosa
5.758918312922038,4.224999562956544,1.5593615091531021,0.41231173277697397,Iris-setosa
5.576010133602386,3.620555804588854,1.2591525466362232,0.6199476371273944,Iris-setosa
6.069555533322601,3.96224881604083,1.4036665516507558,-0.014803438417012094,Iris-setosa
6.067306462738522,2.736356421973964,5.1011312959544055,1.8887684514141347,Iris-versicolor
5.438700626367799,3.3477401593779645,1.7795277499303543,0.4425681183890462,Iris-setosa
6.239608796957665,2.938062593188568,4.749012818047982,1.7360956424494705,Iris-versicolor
6.039387202988607,2.5250923331897392,5.139207986389395,1.8232212849724723,Iris-virginica
6.24168549544659,3.1984378149313866,4.433621431047023,1.392730166373253,Iris-versicolor
6.508859029654501,3.0577429483767626,5.592138842543803,2.5882814940658374,Iris-virginica
5.291282413498606,3.2174850091464076,1.3349014160223458,0.31805045414944444,Iris-setosa
6.071269095203641,2.664837426825395,5.55319352684603,1.6895759663056904,Iris-virginica
6.164461595516263,2.738729075430246,4.885247331791115,1.3348359554569758,Iris-versicolor
5.776095940526405,2.738397234083667,4.843403866607396,2.306571475167967,Iris-virginica
5.244434772599441,1.7642384943219707,3.41257731451442,1.2022816808648917,Iris-versicolor
7.120341855429573,3.23882708502597,5.6295209823509165,1.3325447616358495,Iris-virginica
5.113002117009556,2.0352566030084733,3.4836749790459804,1.0613591105754383,Iris-versicolor
6.0909504447600735,3.5544261160811703,4.616952538928493,1.7278828084751594,Iris-versicolor
4.9781540593078955,3.434853485734787,1.3825553548394223,0.08909466985337669,Iris-setosa
6.1720604873977285,2.2014797452622106,5.004959095825936,1.2532315466262065,Iris-virginica
6.642871449608037,3.0310953772853026,5.053156234727133,1.9865546073004838,Iris-virginica
7.293869544471842,2.768957663578129,5.75713580998023,1.940232996638786,Iris-virginica
6.42297245492976,3.380040773802798,4.661590528179143,1.8714092512476,Iris-versicolor
5.500369757153996,2.518827877338926,4.266634661754401,1.5044964118300117,Iris-versicolor
5.628468502132674,3.775511902488621,1.5700608914338674,-0.04022068074358273,Iris-setosa
5.727111433649757,2.704154690231166,4.200968292214702,1.3675287365094053,Iris-versicolor
6.409982995682301,2.980196278779799,4.753803537100444,1.6550457811615147,Iris-versicolor
5.910239555994179,2.796071589897647,3.9788818334703944,0.9971046027771243,Iris-versicolor
5.266444778723307,3.1477744041882727,1.516173092708662,0.5621877262428518,Iris-setosa
5.433275681420611,3.090411625113361,4.413997209418604,1.045119260753045,Iris-versicolor
6.040671673435442,2.1742191606086525,5.013908321864606,1.6726087290911487,Iris-virginica
6.078716371324193,2.087112611428848,4.43881494375127,1.0722833279469346,Iris-versicolor
6.264356040629332,2.7620084460104204,4.33834256620326,1.283255054998443,Iris-versicolor
6.06311089592642,2.5265727299692724,5.340581648405862,2.6274816298486066,Iris-virginica
6.943424510109446,2.701261318678874,5.026608128747219,1.7773652206495532,Iris-versicolor
5.887362441352812,2.4326388931035696,3.415733159283901,0.9909137281600305,Iris-versicolor
5.390217799995485,3.5922719368446185,1.3254817941685102,0.2201189981755759,Iris-setosa
6.162959949573772,3.060465752746486,4.93901155607635,1.7284871200061336,Iris-virginica
6.524282541245413,2.199838380528603,4.632901468386831,1.4065057832373293,Iris-versicolor
6.381168433037189,3.2971548162405844,4.807226180294376,1.68220624179852,Iris-versicolor
4.509962881603889,3.848492640393687,1.152388910828927,0.4651868048381216,Iris-setosa
5.997906380478792,3.3489655274620054,4.713887377785012,1.8111005484890228,Iris-versicolor
5.061122173962835,3.833595487064161,1.2869706804553007,0.22607742915954127,Iris-setosa
4.500489670858141,3.161061128754797,1.3413520398923466,0.050032746477678164,Iris-setosa
6.529023518953076,2.7399377274251466,5.402425314496159,2.1931233654068922,Iris-virginica
7.426342964831228,3.4164435281448644,6.132400014971609,2.3340173493503156,Iris-virginica
6.225375385188944,3.4522149815954815,4.944756006705509,2.204160018715432,Iris-virginica
4.711518650365128,3.0912180354889944,1.7610021088692036,0.09091305752256221,Iris-setosa
6.499737256279974,3.2720568224872357,5.67224064918176,2.0159312077918337,Iris-virginica
7.5551142564406355,2.8336019637373755,6.1672758880141485,2.1562014682708686,Iris-virginica
4.4800755650803366,3.0026189598586623,1.2333575427782555,0.03757144216166214,Iris-setosa
6.675198915632565,3.0560483362293525,4.671394247717289,1.5985704496020314,Iris-versicolor
6.50667165904143,2.427432843272827,4.8169250933841985,1.828799180924296,Iris-virginica
6.513483436616717,2.704018980072423,4.872453906624719,1.6361601132589678,Iris-versicolor
4.644742174654473,3.138256524635757,1.605190120986353,0.17365178131802828,Iris-setosa
5.101347492760652,2.3604831619241073,3.0725207522839524,0.9571352200848084,Iris-versicolor
6.036278030351632,2.7039185568214523,4.899798316172416,1.924285500121891,Iris-virginica
6.992003155563069,2.937482661024548,4.657546985183472,1.3134883772272146,Iris-versicolor
5.623391187489591,3.08631872405507,4.249308312054202,1.1481430982676877,Iris-versicolor
6.128966835727279,3.3912955213762173,5.55354515928962,2.494074919752963,Iris-virginica
4.581717474431677,3.190010528673696,1.0313034057753092,0.08250715439849621,Iris-setosa
5.2037297455873786,2.967740958775758,4.066473637586113,1.2784647623142629,Iris-versicolor
7.689123217750794,4.0584962623387995,6.4052666724011225,2.108808982092664,Iris-virginica
5.402412454213303,2.8592496137554524,4.118418197548649,1.1198941103852182,Iris-versicolor
4.564872997936433,3.135514584317485,1.278741701202633,0.0273207963341911,Iris-setosa
6.853041632753318,3.4557565579504566,5.758181788117987,2.019669256424581,Iris-virginica
5.6216830221355245,2.906564898083217,4.874829831522055,1.9197197681217522,Iris-virginica
4.218168244040861,2.0166351955159016,1.445366944275886,0.4829684985273336,Iris-setosa
5.43457881060551,2.8115326023841853,4.2650836999702655,1.3211021254424207,Iris-versicolor
6.180663288339152,3.18073532998935,4.712075517887647,1.5987956333766609,Iris-virginica
5.792671440720638,2.541696660422414,3.255541948565484,0.8395973282715126,Iris-versicolor
5.603361080175401,3.1177105988957443,1.4209543738301784,0.4369636022448795,Iris-setosa
5.002478333569228,2.3550791834961373,3.33210290232582,0.7409216323923726,Iris-versicolor
6.052260113204567,2.6921080719624477,4.38290888363096,1.236163067646941,Iris-versicolor
6.856182955742554,2.987131738479372,5.617963959173265,1.991132914068694,Iris-virginica
5.170981052305622,2.851303220344212,4.134476759559919,1.2784734687785557,Iris-versicolor
4.733066111499252,3.1771635105723224,1.4819950809156333,0.2528094467745493,Iris-setosa
5.118530994592991,3.3682202255343925,1.3144281469073067,-0.11200214378679643,Iris-setosa
6.736288965111805,3.2839526724059573,5.44083877145384,2.6982856782870797,Iris-virginica
5.488852738765246,4.023675592063561,1.4119014736434619,0.12850587750993808,Iris-setosa
6.5719346195737325,2.946734097957621,4.704218182020929,1.6395288982143421,Iris-versicolor
7.3611613099686295,2.9013868599944193,6.542482787081601,2.2641656757506032,Iris-virginica
6.471085359872167,3.206888100031759,5.907050772998722,2.1939608646887363,Iris-virginica
7.018426677876253,3.037232307176235,5.276621858811175,2.277160953774919,Iris-virginica
6.853219189917632,3.24026463734265,5.4034487657419,2.0677924741665077,Iris-virginica
6.616217134353206,3.020969175727196,4.995522603982492,1.930601049189293,Iris-virginica
5.17830744798435,3.4167952944577404,1.7745140464115965,0.3664027559597192,Iris-setosa
5.988383785085821,3.5844528822225152,4.562299061001095,1.6605795880635443,Iris-versicolor
4.88311048468108,3.2895214377294546,1.4771877945156187,0.35787168045894624,Iris-setosa
5.169877414153131,2.9547699466312034,3.715444831015204,1.4817709529938274,Iris-versicolor
5.940618681674961,2.727047708821617,3.939973716434227,1.4776159804100968,Iris-versicolor
6.495637949836056,2.380697361491319,4.582566887011164,1.1112336481286997,Iris-versicolor
4.934069121311849,3.7093934069912557,1.8890521051335123,0.5243100104903096,Iris-setosa
6.391774871236901,2.706961628583714,4.603920174234814,1.1107150613921695,Iris-versicolor
6.605871484398243,3.2831979793354407,5.155091707814102,1.6392489774925485,Iris-versicolor
4.868318435077696,3.4824996705278175,1.3430522805735823,0.33436871993927614,Iris-setosa
7.0004466878327145,3.1721026784387205,5.03973247838159,1.6473259782927563,Iris-versicolor
5.637757851537597,4.037021336736239,1.5003322888552948,0.5876253752198889,Iris-setosa
6.040536039304033,2.617763064444357,4.936901075832528,2.0703169965892294,Iris-virginica
6.527808624954423,3.021190770261241,4.866976800435361,1.15902440234142,Iris-versicolor
4.530732331527971,3.224374661391165,1.1602053177024985,0.16549476848165326,Iris-setosa
6.495709852585605,2.4382491968577003,4.25810732434317,1.6929049817144217,Iris-versicolor
6.242008006125655,2.728034522598343,4.643682156547884,1.8941062981395935,Iris-virginica
5.050755084199979,3.9010914277323168,1.3743436074683433,0.27417681122936255,Iris-setosa
5.757680654792263,2.6384711790999797,4.808125604585472,1.9273343603174373,Iris-virginica
6.337580895049356,2.5505185581745518,4.936073668041848,1.7881899877205105,Iris-virginica
6.430800912424629,3.2842645980380163,5.163927706369143,1.7932642869995437,Iris-virginica
6.845360830214006,2.9392737650859644,5.822259439838476,2.249419814699937,Iris-virginica
6.670454099462323,3.3817722761163638,5.284609873783448,2.4865241359404924,Iris-virginica
4.830460828283578,3.796004388923656,1.3964964719911297,0.2527063417340954,Iris-setosa
5.735798361404712,2.8851301790932293,3.5305214633794684,1.0485891400154372,Iris-versicolor
5.2457660981611465,2.0719844852263294,3.887847707838574,1.195911585224773,Iris-versicolor
6.21174776031573,2.857350865185555,5.388410644621779,2.082370725099748,Iris-virginica
5.049663063139193,3.7222698481350203,1.2705003912179202,-0.007866509679994194,Iris-setosa
5.291327354774683,3.4517276201669986,1.3539910558982529,0.22499025534380562,Iris-setosa
4.878732279241561,3.240207476042061,1.4999386359269808,0.7399150225545528,Iris-setosa
6.158597328201685,2.830139769623879,5.783063292751307,2.338410283247308,Iris-virginica
5.240100957453135,4.057935453801902,1.518944016655899,0.21701801726716174,Iris-setosa
4.336556774454148,3.5689875841573517,1.405442730202171,0.316905838159931,Iris-setosa
5.910014355034099,3.027398239059848,5.14145207971566,1.769398681827718,Iris-virginica
5.454435802907149,2.5349471928865057,4.924498060412408,2.1818763651595114,Iris-virginica
5.023811193571747,3.4200996585412864,1.45511248044863,0.6742433739084808,Iris-setosa
4.6633369802062505,3.4696212991566315,0.9024064718814694,0.09456036953021041,Iris-setosa
5.629815980822498,4.025672475278558,1.7375182097810187,0.46478040089975686,Iris-setosa
5.285042567688692,1.8499884845139194,3.7866908157325905,1.1943317948960919,Iris-versicolor
5.132954994898973,3.018296003893893,1.4812618243623077,0.13130852254375955,Iris-setosa
6.679264137440946,3.2102220785020674,4.538952590133671,1.4598068096067776,Iris-versicolor
5.424246533426817,2.975290595357341,4.197554995097777,1.6626817010871295,Iris-versicolor
7.684442566276228,3.23215427913167,6.221409033412137,2.2151687410691383,Iris-virginica
6.476481032113453,3.368612083557375,5.463709560623146,2.148643496127735,Iris-virginica
6.653107472565007,2.9361713104958373,5.763031153186226,2.0710517665738024,Iris-virginica
6.561701475155566,3.103244772254768,4.5060420673689885,1.18213481607768,Iris-versicolor
6.0799489680182335,2.903439007155056,5.1783527412085535,1.9298582043844554,Iris-virginica
5.164050369258017,3.5358693661650196,1.521703492651793,-0.01727297231607211,Iris-setosa
6.434169678985192,2.755018995605264,5.589416885558503,1.596760787095972,Iris-virginica
5.997750337410366,2.3297640975939466,4.941026958832964,1.9473450195414008,Iris-virginica
7.358394665604163,3.015824502799139,6.896867512740642,2.299929799031061,Iris-virginica
6.235300959084499,2.580109671002959,5.32056476059336,1.542059224926407,Iris-virginica
7.515725898168438,3.8743829828376875,6.578202787715341,2.4378246332385456,Iris-virginica
5.438992496271638,4.496319681823112,1.327668726127678,0.21711742380763854,Iris-setosa
6.364324811990214,3.2256959616961423,4.638218587785512,1.4383532136048656,Iris-versicolor
6.823929623483277,2.975894150138016,5.658081171345562,2.3641655125674217,Iris-virginica
6.554517220855294,3.1428291502593604,4.441690708945775,1.2438625007145296,Iris-versicolor
6.626761015684467,3.541315563540546,5.454836287831225,2.6163977556513562,Iris-virginica
5.203788548196778,3.449753828066851,1.3366614214669752,-0.07083600827163589,Iris-setosa
5.603530354444345,2.81736812013638,4.967771700501075,2.1329260597500843,Iris-virginica
6.082108965792375,2.4543749226088196,5.033228965028472,1.7020294023165226,Iris-virginica
5.505509109272506,2.594181406912111,3.8212122381381546,1.2176224682486267,Iris-versicolor
6.92976175057096,3.057936324965185,4.864377860914668,1.3490033521691898,Iris-versicolor
6.743315007683728,3.3878380268692774,5.119166298998955,1.9752786514218807,Iris-virginica
5.4513898593159436,4.333118926369093,1.2195420609317347,-0.06052795706956948,Iris-setosa
4.775548915244096,3.290054513236885,1.5457632632461074,0.27080745821016633,Iris-setosa
5.966865003456075,3.1975309011082835,4.4673564159762975,1.7735177299416476,Iris-versicolor
6.082465469200683,2.220901400635024,5.236316260612309,1.4234514187207563,Iris-virginica
4.358394078084835,3.287402878848417,1.6693184045174612,0.14819596003743252,Iris-setosa
6.070215645367864,4.108141721150521,0.9585468684271573,0.06013333745349947,Iris-setosa
5.392768008509434,2.389648663004176,3.994287204602751,0.8521317928375015,Iris-versicolor
6.062372893049197,2.9229228854504528,4.76367147108151,2.0984929980307823,Iris-virginica
6.394141706132892,3.334060426999975,5.0361965179225,2.2598707568856873,Iris-virginica
4.977408541467384,3.060750130998545,1.4508342874471574,0.017828369106920594,Iris-setosa
6.647155813518386,3.135766491165839,4.78783020758665,1.6955578413666412,Iris-versicolor
6.041952688263285,3.041772453183168,6.297184622607514,2.3058452958750415,Iris-virginica
5.058774523906518,3.7677999041368815,1.3256156461254265,0.04059277071749451,Iris-setosa
6.592315927126422,3.4497232797289445,6.233358835850133,2.7611909985140994,Iris-virginica
8.15926518225537,3.8423886828318192,6.607906922600311,2.1190902490737926,Iris-virginica
6.158622851226505,3.0061373308996333,5.071825761239055,1.5874328411365806,Iris-virginica
5.850225882539242,4.612250072886317,1.7201090854496408,0.42700093638347336,Iris-setosa
6.577546367994136,3.0428700635556645,4.769810175879188,1.2351438602366067,Iris-versicolor
5.509766831922491,2.73106116827085,4.119027241483921,1.1871696098987987,Iris-versicolor
4.4873376066439485,3.242492383029502,1.7946489348650982,0.04226019297379427,Iris-setosa
6.033784557548711,3.0318795413951416,4.590692864924602,1.2816079232025805,Iris-versicolor
6.007080628165095,2.6406500044647063,4.80673001483171,1.2835362318597892,Iris-versicolor
6.2257018288655175,2.9219475822372623,5.054694483500411,1.75690788033477,Iris-virginica
6.968294425339738,3.2408116436247054,5.127810036204448,1.5460280947637735,Iris-versicolor
5.09639234819586,4.395344873816988,1.7169793900209243,-0.1731555091196507,Iris-setosa
5.367296462671388,3.074994585240176,3.319891787355197,1.066821546734305,Iris-versicolor
4.441537746885109,3.6184565414775953,0.99839791757248,0.01757213795767487,Iris-setosa
6.427002706386291,3.2194436712562164,5.5405733262086,2.757576186474145,Iris-virginica
6.993398783460025,3.07144236212917,5.870705373971398,2.2736608430981855,Iris-virginica
4.810667621187391,3.0821816920056158,1.3342868653488766,0.21512195175019488,Iris-setosa
4.154915984960581,2.6983481328322307,1.5250266004628528,0.10097587698733798,Iris-setosa
6.645600002959226,2.8317378346107294,5.484711084410192,2.165004607107745,Iris-virginica
5.866791166257423,2.782459115728865,4.277094829632383,1.0025640662489883,Iris-versicolor
4.97347067289424,3.783918461140634,1.382371227798416,0.39044944996648656,Iris-setosa
6.946412859759855,2.9395664652434963,5.932751520924249,1.459456685700078,Iris-virginica
5.267448502961377,3.376156576811077,1.3013559771326397,0.5656657129903024,Iris-setosa
5.528614923956415,3.673722584482622,1.5786668671095727,-0.05404500239180077,Iris-setosa
5.311838765522884,2.7991972246762264,4.2466417935870755,1.4127183351360844,Iris-versicolor
7.134162083593477,2.942614023158481,5.709808881663193,2.278475060024514,Iris-virginica
6.652106946949655,2.4824438560282966,5.934864774815642,1.7641009422279443,Iris-virginica
5.365416488908416,3.5523593058959486,1.6264586775529473,0.10506148496009257,Iris-setosa
5.485973491158262,3.015356660862702,4.0239253496318925,1.1538274935348751,Iris-versicolor
5.836724662957917,2.3726394300022777,3.756640820925488,0.7352958434944644,Iris-versicolor
5.1777590796302055,3.0858047480404407,1.7729377561805344,0.18047698745633642,Iris-setosa
6.872896356635251,3.2396306704634235,4.603692503600848,1.7743231407911801,Iris-versicolor
4.932821281186911,4.282903928960579,1.5929417130165127,-0.03840029694229169,Iris-setosa
6.7991096910166355,2.9396966692167625,4.212715328786916,1.3507355614418866,Iris-versicolor
4.732221910348931,2.9993113336356862,1.0035395495572268,0.3252790320104312,Iris-setosa
5.622260750991796,2.9965425545116537,4.0850508566613986,0.9976029920448548,Iris-versicolor
6.012468957061103,2.570067660999118,4.880924187290993,1.9121555545548903,Iris-virginica
6.199402932295867,2.891602227158298,4.879681595568072,1.379648152312711,Iris-versicolor
4.726138084356054,2.2455622281963112,3.5103898986463076,0.914648829595929,Iris-versicolor
4.779857137331832,2.9936777055790404,1.604194978103919,0.06350405303850962,Iris-setosa
5.588790172953247,2.1454960302128407,3.786436070766632,1.2643333037638347,Iris-versicolor
5.717931717786044,3.5585738687997575,1.0238250065423606,0.09458976911031727,Iris-setosa
5.494070526201001,3.1031268189404133,4.10969249617195,1.5380337673241673,Iris-versicolor
5.006887258103686,3.173703597050232,1.5362806297656477,0.2805616283954706,Iris-setosa
7.4297675966483805,3.314158750021967,6.048859293787954,2.470186399103225,Iris-virginica
7.264206093188897,3.1536621187223797,5.773138243386637,2.0635403772040104,Iris-virginica
4.932865599199722,3.187476859941828,1.2223587901560746,-0.0005235181805043065,Iris-setosa
6.759025104845511,3.3055444373526583,4.779223822595352,1.6406931130143994,Iris-versicolor
5.335098504567462,4.038775572429403,1.785812223251017,0.348905631752489,Iris-setosa
5.689099490395818,2.0406594235512423,4.085694259399185,1.5101665399381097,Iris-versicolor
6.9431223356439915,3.1149507495066096,5.127502419878837,1.7084793853911098,Iris-versicolor
5.120794842012798,3.0438827573785625,1.289007056679675,0.016368058565570998,Iris-setosa
5.716621405847515,2.208781041498962,4.180724604686205,1.1461950238728404,Iris-versicolor
6.539178241838789,2.85553991897198,5.238567922774096,2.2406424581701048,Iris-virginica
7.532108825962457,2.773813139390275,6.489014225304741,2.255061610106773,Iris-virginica
6.38724039303914,2.595623066084187,4.531973583834892,1.4937997209046616,Iris-versicolor
5.843249366556857,2.5359212841156302,5.299432856388562,1.396870934154228,Iris-versicolor
5.91630683604506,2.50987846692449,4.418656198909671,1.257787407698968,Iris-versicolor
4.548934225123212,2.8202972772061194,1.2508005537598952,-0.07837800744627432,Iris-setosa
5.052512643566877,3.5858922104208033,1.5865961393893107,0.5277076705563505,Iris-setosa
6.441369931796815,2.8609964853137355,5.007939940337038,1.837838666601856,Iris-virginica
5.6692566759388106,2.9458109535596613,5.211594253282049,2.161335934413965,Iris-virginica
4.5863612228431965,3.3011466520500963,1.2734305220313995,0.4810724646240401,Iris-setosa
5.084901954470531,3.498063924996304,1.6208306301829265,-0.0034837829934589726,Iris-setosa
5.730160702615161,2.449496655479974,3.503839221108176,1.2582653121350666,Iris-versicolor
6.498198170492809,2.4713728911032504,5.066741375938248,1.7322256944923162,Iris-virginica
7.317075787024137,2.775047962480443,6.4640779359365,2.1716181081094694,Iris-virginica
6.024225431398438,3.084063575915811,4.4549160211985495,1.337919207338574,Iris-versicolor
6.878470865569553,3.194991722623277,4.629948337412363,1.2345411154727375,Iris-versicolor
5.414104000476813,3.8719000223494597,1.0686329075468683,0.14984283549908495,Iris-setosa
4.690196916164485,3.6907851688267126,1.2063518280401686,-0.09463517487441686,Iris-setosa
5.898535869828651,2.5579578437808532,3.8131432949314674,1.3464972514531268,Iris-versicolor
6.081146156368325,2.707231870903569,4.514962153340765,0.9267205551312494,Iris-versicolor
6.424206118503171,3.0423640452864182,5.20149724829604,2.4283204305254453,Iris-virginica
5.204575052074497,4.439125644961303,1.4301742107700999,0.24223308047317588,Iris-setosa
7.757558357154078,3.6797600054610213,6.465458631004097,1.8326857174491185,Iris-virginica
6.482440015070236,3.1328748454922333,5.045580366822039,1.787589789755536,Iris-versicolor
4.525675130644488,3.2474741371545583,1.6412805442830176,0.490015643688974,Iris-setosa
6.556665354184584,2.9630223447700903,4.923796991404693,1.6413661631268208,Iris-versicolor
5.4267259331462645,3.899114560383158,1.5971562558347887,0.2915271722424436,Iris-setosa
6.104129112022342,3.000397487848004,5.432524036014724,2.2914417963417,Iris-virginica
4.731814309481289,3.5811683577935227,0.9122629169956944,0.012762565191079323,Iris-setosa
5.742198732061342,2.407118171740795,4.101212267237139,1.4849169574061452,Iris-versicolor
6.910837316667439,2.7869680725966806,5.216715883033788,1.8140023012398943,Iris-virginica
4.825239080110578,3.386099480733926,1.4157884495322046,0.2895094287053791,Iris-setosa
4.639723070352112,2.8680694326272507,1.5358588850206707,0.22107969275882197,Iris-setosa
5.800360776971731,2.9366292459903933,4.337887232665339,1.0225426574515366,Iris-versicolor
6.928535885624151,3.0349318091276594,5.780127555109151,1.6907568672441164,Iris-virginica
6.938059830107171,2.9020177515086862,4.815923547771071,2.135502122804669,Iris-virginica
6.942176155694589,2.8944337792859347,5.10813830414614,1.8112390227849309,Iris-virginica
6.480416499723441,3.0877476432502435,5.829327561302509,1.5204128418188758,Iris-virginica
7.325740865480687,2.8142331966588525,6.485230351357854,2.078785997062213,Iris-virginica
5.360323475392376,3.7934062519943477,1.2168119673059414,-0.06900889551543088,Iris-setosa
6.957375981755057,3.3807849720678527,4.484040672225624,1.219789190530593,Iris-versicolor
6.925497693810247,3.019941395776984,5.842174981197543,2.227874598191976,Iris-virginica
4.89799272588283,3.387544806437047,1.8475664852551874,0.759486164828028,Iris-setosa
6.4991188930622865,2.04443446074507,4.390517924862712,1.0521867472105817,Iris-versicolor
5.865243728254897,2.419379141848209,4.868089508393687,1.588668318837479,Iris-virginica
5.213547304864983,2.5549702515470027,4.173671021951959,1.4755887684316396,Iris-versicolor
7.433172062321359,2.727202720752406,6.587060685571566,1.9861793197789712,Iris-virginica
7.155138305364532,3.1777370771959537,5.7503217039822925,1.3026393526114957,Iris-virginica
5.815759756262598,3.255932029206529,3.986256826102304,1.283726740756757,Iris-versicolor
5.836002040871624,2.7061616540331492,5.040267715220322,1.484835773971242,Iris-versicolor
6.9807801841168,3.105496445460432,5.411754441407616,2.0563267186286796,Iris-virginica
6.136737631759171,2.619450283194523,5.408986553484896,2.2128898613216577,Iris-virginica
6.095669931871839,2.7638106696846925,4.712427806372679,1.814761083020091,Iris-virginica
5.7111291377865605,4.388144421931763,1.5109959116740943,0.34003148211459083,Iris-setosa
6.912150971013516,3.2515918283344534,5.238114899788723,2.2794799570710205,Iris-virginica
5.020202705070242,3.021141219130529,1.8067915111716903,0.3122009353275263,Iris-setosa
6.400771915736464,3.359788806653499,5.528486039557979,2.2203983879719993,Iris-virginica
7.495383439790037,3.182541425859979,6.498515777145796,1.7537619576907344,Iris-virginica
5.113167715796126,2.9324534103859854,4.1739149641386915,1.632888199459107,Iris-versicolor
5.544920599553158,2.401049735333879,3.6462448759021266,1.1074168438917518,Iris-versicolor
4.465637902151681,2.5748827938967,1.1350216722765518,0.5095311641181491,Iris-setosa
6.739171792675701,3.111050318654934,5.550480798961227,1.655045361656808,Iris-virginica
5.403596465234112,2.8318004613694465,4.483572355013178,1.7841337913321418,Iris-versicolor
6.785760107597988,2.8805577759951357,5.7748632164727445,2.060362440740443,Iris-virginica
5.1745507708633935,3.2569027612744907,1.4232359475645104,-0.04758953749545608,Iris-setosa
5.547045535886431,2.838343160080818,5.376852004516781,1.9902829705636789,Iris-virginica
5.861327845751832,3.7637717507118524,1.4725489332546737,0.4396998486888199,Iris-setosa
4.801943120440233,3.656127162000701,1.4895839491895209,0.12096598993060159,Iris-setosa
6.5013189281028625,2.784844878442461,5.6735925221278825,1.92715400239644,Iris-virginica
5.452421722000326,4.381197391928418,1.260156575258971,0.21994647953670615,Iris-setosa
4.825891777752019,3.563214822438642,1.7317518090946973,0.30354527204949405,Iris-setosa
4.661146239517872,2.9764803504041772,1.172606708638125,0.4316692849822906,Iris-setosa
6.393047662660353,3.2183246338114415,5.818751050302301,2.147264950245966,Iris-virginica
6.538869366881105,2.423520269851357,4.343169294858231,1.517321249946032,Iris-versicolor
6.629300879797322,2.8043188496121103,5.513641046131704,1.6073232051788013,Iris-virginica
6.227061407074978,3.0530755466030985,4.9717329670116195,1.913031768477163,Iris-virginica
6.641345605758454,2.90355363183242,5.516615007550079,1.8226538531131107,Iris-virginica
6.227945627972227,3.1196772343750974,5.712214044785705,2.1178552452272936,Iris-virginica
6.052936658550375,2.7882859117922654,5.025877770961929,2.322121826902923,Iris-virginica
4.722249628706445,3.3459536788689777,1.3206899245685324,0.42456780492402657,Iris-setosa
6.596391161439641,3.4382901771387426,4.341903890074927,1.3902342648328407,Iris-versicolor
4.625724669246784,3.3371488951470103,1.6868867860315613,0.46477188613891046,Iris-setosa
7.501339524082182,2.6016104049549478,6.054231685403621,2.070512753036279,Iris-virginica
6.6865641753925145,3.355838623800167,5.514638107362805,2.0307878238247414,Iris-virginica
4.359623155583102,3.232753603978643,1.570382257686323,0.24540715763656534,Iris-setosa
6.3364834809441035,2.949989756345802,4.395600871847654,1.5565741024844684,Iris-versicolor
6.3538758093192085,2.855233011209156,5.441164673825525,1.6666234255838492,Iris-virginica
7.1638415794040755,3.0152024135400404,6.060802621852201,2.0398022555791315,Iris-virginica
5.55850251979124,2.2539840203624264,3.8903607192284686,1.3317683145116206,Iris-versicolor
6.978913908575618,3.278199442333306,4.630554164942901,1.5522948399947376,Iris-versicolor
4.981037683079903,3.807562604526791,1.414517424448104,0.23915046612028307,Iris-setosa
6.508721636856542,2.6801140482340498,5.0832210150901656,1.8769558563305848,Iris-virginica
7.470249717312817,3.861742907196205,6.078865755223381,2.788909203037565,Iris-virginica
6.751704722392361,3.36073951635029,5.9795555363795,2.058308716373361,Iris-virginica
4.972828828744406,3.11053331109662,1.2915476592995532,0.23686416116507175,Iris-setosa
6.120398902315989,2.993084784895632,5.013976612237657,2.071218699050791,Iris-virginica
4.135739593789799,2.8571966555539126,0.9066426589745378,-0.12062692037673381,Iris-setosa
5.247083935260924,2.255839845978761,3.5923381733348987,0.705548122425828,Iris-versicolor
5.390819705021132,3.1664431242889135,1.2997009937537745,0.4710852871232719,Iris-setosa
6.187641440675296,3.1886087926971043,5.676904023660331,1.6052851712621432,Iris-virginica
5.33077199806454,4.124398888649409,1.7346097640330207,0.22213195977506361,Iris-setosa
4.86897801662176,3.618451231629728,1.2315945279839773,0.27385619783633053,Iris-setosa
6.145261693867826,2.6721574489756037,5.576881408426332,1.5276128474893653,Iris-virginica
4.358770313064619,3.05747826483006,1.3060509610769773,0.3078287187089915,Iris-setosa
5.4090497824516675,3.515915771995723,1.3334837899478813,-0.0658501175633544,Iris-setosa
7.0255134292086,3.2981559212176585,4.69012776988462,1.4417125444893366,Iris-versicolor
6.067380353978073,2.749766643115049,5.102386046309584,1.6715698286929206,Iris-virginica
6.91598692096191,2.8092310200800714,5.219525964459768,2.0643768658776174,Iris-virginica
7.370914419357303,3.775932746064508,5.923875886185129,2.5510171198880505,Iris-virginica
6.3743797024430675,2.928432786237237,4.471119337315706,1.3432606335568722,Iris-versicolor
,2.976072966791889,1.366828180479784,0.2828597754518157,Iris-setosa
7.214060388853132,2.8377385482361017,6.384469894730764,1.7676360701453018,Iris-virginica
4.532150404624493,2.9697005543479276,1.1633882765381043,0.1343125227169911,Iris-setosa
7.442935624142118,2.9584477788419115,6.307908105559382,1.5224886082561535,Iris-virginica
5.586277586415237,2.8667570606710355,4.964222135217896,2.278326507796405,Iris-virginica
6.272396501249531,2.8182786772562416,4.488880995499515,1.408532024261814,Iris-versicolor
6.146924622795406,2.6806115233968213,5.474857669220531,2.315657386880076,Iris-virginica
6.278903731798231,3.17323258408569,4.840747186235102,2.2119834315139073,Iris-virginica
7.579754752900123,2.7992906883731656,6.779205892049275,2.0570822090509657,Iris-virginica
6.118414434459982,3.008713485224824,4.502635094623871,1.6411489902937477,Iris-versicolor
6.03472432442189,2.9953251776393617,3.9401806767548075,1.1935292477082657,Iris-versicolor
5.557127826453804,4.205765451338245,1.4310432938775515,0.00930986889588814,Iris-setosa
7.006750342371806,3.0957390359113686,5.748191209219805,1.7838760847541417,Iris-virginica
6.534025269598089,2.62483446341163,5.258374609740443,2.032507122835746,Iris-virginica
5.234106293846959,4.334695335426133,1.2241758858071141,,Iris-setosa
6.665571652919505,3.2783030997915907,5.069617479875224,1.9708879604804692,Iris-virginica
5.784319140816687,3.2253219162393516,4.692565638920089,1.7852500851825897,Iris-versicolor
5.144453628816817,2.6942060383911084,3.346898687447151,1.2317746874290443,Iris-versicolor
6.340872867087981,3.036117133858623,4.99081630055644,1.7728221304793812,Iris-virginica
5.185555441694017,3.724245362504126,1.506224574611226,0.6753820266443384,Iris-setosa
6.460874016296044,3.300822301308568,5.692465575185082,1.5312913295198711,Iris-virginica
7.962999196263525,3.9145155969058445,6.6882806274897435,2.0354324939165616,Iris-virginica
5.45310809764922,2.484304326390638,3.567605091034333,0.800557151733577,Iris-versicolor
5.896717911129616,2.986071173999961,3.8072610368905777,1.5912804520621957,Iris-versicolor
4.385074198165699,3.109917516911518,1.21155664523332,0.11910543211586938,Iris-setosa
6.216260072634984,2.942141839132786,4.075605573225607,1.4031145057148355,Iris-versicolor
4.002584502855436,2.9631044034117773,0.8607248780559041,0.17158150106745393,Iris-setosa
6.535609459715448,3.3125040971139144,5.107010377016442,2.3732397873958555,Iris-virginica
4.629242552308187,3.48222249399303,0.970108907850287,0.11444545705811004,Iris-setosa
6.204441153328459,2.9563087475474736,4.614795906601955,1.871614739000823,Iris-virginica
6.658647506022435,3.016080281592017,5.661809571016274,2.0836653047985245,Iris-virginica
6.642177314056559,3.026498572414097,5.233009487571489,1.999332798050673,Iris-virginica
5.891583746063606,2.7223121204807277,5.338496534969025,1.7720046450985274,Iris-versicolor
4.806379576695135,2.2590850400745244,3.5050011140505752,0.7910271272404321,Iris-versicolor
6.9668666826066925,2.513715717856562,4.734364697989049,1.110161643617636,Iris-versicolor
5.141972886622332,3.6837323529643338,1.7216097123228722,0.31069027509954167,Iris-setosa
6.478263983595698,2.7855702174311174,5.381508933429444,1.6343550781176595,Iris-virginica
6.078173061429421,3.1580666692397226,4.767969299429602,1.2584109403957282,Iris-versicolor
5.441680058287896,3.878842195749128,1.7113901413350323,-0.02193374236483503,Iris-setosa
6.258503304983984,2.5867357158698683,4.8600585267754,1.6682953987189764,Iris-virginica
6.4529694138234,3.4367158317470965,5.658672440965064,2.6943490172122035,Iris-virginica
5.046626677226202,3.3505583809440767,1.6723140393700284,0.061512757387467115,Iris-setosa
5.9667030310198514,3.6384846587754645,4.517045320371405,1.6989629275097562,Iris-versicolor
7.416097120638987,3.8265641141875575,5.954211394154199,2.496716928553922,Iris-virginica
5.255331193104764,3.2386936181102666,1.4589535076795928,0.04713837304011831,Iris-setosa
5.330233600172376,2.7289474297024774,2.739343397691002,1.234883780450092,Iris-versicolor
5.736093663752904,2.341477622736002,3.8723425660948787,0.9891479832971606,Iris-versicolor
4.925240724493957,4.351786326272859,1.3581132951069632,0.20934548587864035,Iris-setosa
7.034337949748243,3.1462341009090755,5.223117744096932,2.2220528552774628,Iris-virginica
6.170243505005475,2.6182713043170835,5.483142819384054,1.4862552016326587,Iris-virginica
5.906842055794049,3.0435949882262228,4.081363748621634,1.2160988514310402,Iris-versicolor
5.723209373866539,2.7753049885026235,4.386593860764022,1.5237902374181114,Iris-versicolor
6.058088320853457,2.8082179568199876,4.709975000915545,0.9397121185585662,Iris-versicolor
4.800039001175001,3.3726178013301813,1.2506473550825292,0.19728366148940288,Iris-setosa
5.879172145438392,2.5804315081247275,4.164943655230717,0.8449321734336528,Iris-versicolor
6.174670579299703,2.8050264019247155,5.1390449395218925,1.8218625366009733,Iris-virginica
5.314249999302651,2.5625645573281695,4.211482387514559,1.4843702424005556,Iris-versicolor
5.156192625477922,3.6994510250091275,1.4597568790768256,0.20458674337487348,Iris-setosa
6.275933554869787,2.413918272124475,5.052829229471313,1.6930762050977273,Iris-versicolor
5.659357955307767,2.622774658778845,3.6181767037489516,1.3842594843418758,Iris-versicolor
6.291340938897472,3.0153523877282034,4.588076291209506,1.834685522766382,Iris-virginica
6.547828478281347,2.85137224465794,5.1989932133827095,2.1652954904415687,Iris-virginica
6.007816418208594,2.800646547638104,4.997259759364883,2.4247283900340357,Iris-virginica
6.51256526118201,3.5374331474104785,6.078091107815343,2.641839740022634,Iris-virginica
5.121345190611222,4.259971375233076,1.5510431561830496,-0.19298141520259818,Iris-setosa
6.494950772189483,3.074028686274664,5.942696957750184,2.04429858259637,Iris-virginica
7.2858097009779055,3.0872080453078254,5.936018883784578,1.8773505492571976,Iris-virginica
6.212294261930078,2.6366938100185218,5.329363905292921,2.0765827367117726,Iris-virginica
5.397369606726473,2.5652223611963865,3.8807443158556487,1.3010024900360808,Iris-versicolor
4.973278199527111,3.113256839806733,1.3764552599293636,0.05991587626751285,Iris-setosa
6.184929216540741,2.6745001371598147,4.845731354800227,1.8926172401910302,Iris-virginica
6.593044953695658,2.756621483582709,5.741374466960705,2.37838412680305,Iris-virginica
6.4940980624613935,2.5704396057663237,4.726022219976486,1.6745996690796887,Iris-versicolor
6.3881800038224315,2.9804714563649894,5.245714310342003,2.287331945023363,Iris-virginica
5.738223987076126,3.25267982803952,4.988798597315677,1.7736878957372435,Iris-virginica
5.022526940846193,3.079131425583123,1.5372250693418354,-0.13857064601076843,Iris-setosa
6.763513128302732,3.5324789838588093,5.777755340722724,2.755176991468774,Iris-virginica
4.970255699903775,3.420190584539285,1.0125545108540976,0.29818240386255596,Iris-setosa
4.798538676086478,3.623562042974986,1.1805065693495094,0.4293464578044678,Iris-setosa
6.463607261838256,3.141626756613815,4.228206959888709,1.1081030944681323,Iris-versicolor
5.819874452335463,2.853129444824351,5.172689640426149,1.7066617542088245,Iris-virginica
7.971017250160586,2.5193962725159516,6.733187652308585,2.377527027397517,Iris-virginica
5.269434747640309,3.594151894183814,1.441680003611367,0.29063108841847385,Iris-setosa
4.95183832855135,3.3018811568449373,1.7331320782791142,0.3113826371733568,Iris-setosa
4.8915683247334405,2.1325334533546436,3.376814490553588,0.8880922285876178,Iris-versicolor
4.948636009467389,2.924477656180236,1.3099521434487578,0.1708219742216491,Iris-setosa
5.104837820907034,3.600323877105446,1.5032806869748303,0.15559846206547373,Iris-setosa
5.201481332849598,3.5436695673532084,1.6879707541350626,0.13466451545997374,Iris-setosa
5.816861485357359,2.1215589040292064,4.045590493894512,0.7084149215580084,Iris-versicolor
4.666333702622963,3.1568900137897646,1.5748405402461985,0.45578724142891147,Iris-setosa
5.715797146893544,2.6392197489648788,5.006355631118326,2.0221640283727593,Iris-virginica
5.141302548505446,3.3974147084565494,1.437912767351386,0.0650585730340861,Iris-setosa
4.362864948673017,2.880617225899957,1.3604202290917646,0.28996832758579527,Iris-setosa
6.979429923768102,3.3070578042067225,5.28321757053686,2.1945842806486056,Iris-virginica
4.992283674280264,3.239579875699938,1.4544635114160382,0.07894061863198651,Iris-setosa
4.638460330453207,2.9317987281711764,1.7670317400265438,0.29712452089268593,Iris-setosa
5.833949374798181,3.2471274825314267,4.526421075059902,1.3711896729437258,Iris-versicolor
4.913752088982294,3.148666563786303,1.4238521832705295,0.25664798551174106,Iris-setosa
6.208309184536427,3.132148734132805,5.653054725247975,2.1886536240353385,Iris-virginica
5.668122617782999,2.7646028674591556,4.221118805630131,1.4447096239709976,Iris-versicolor
5.105780982661283,3.754065909017648,1.2778272739365069,0.20780884810806752,Iris-setosa
6.896975410920742,2.966546573715108,4.517401261951363,1.3323267356275608,Iris-versicolor
6.18508173314402,3.0224404260318654,5.003165418632151,1.9232388066200938,Iris-virginica
5.408650542746615,2.5071968115119865,5.071009027588607,1.9292855738361574,Iris-virginica
5.822161121252378,2.882125070086554,3.6758466260820524,1.2508345639279463,Iris-versicolor
5.167810381543915,2.7065173195071925,3.8901496959149044,1.6194368993235084,Iris-versicolor
7.481603333901161,3.322086355079143,5.7445510102976325,1.8642448064847312,Iris-virginica
6.260949377656647,2.691466429157517,4.784663803857315,1.3193299131553238,Iris-versicolor
6.179697320845084,2.8840527196371877,5.857549050523003,1.8326977189970777,Iris-virginica
4.892384735906384,4.0935855244980015,2.181098106354131,0.5182914928283108,Iris-setosa
6.108125873008484,2.612327007955634,4.9118065978225145,0.9880369459639522,Iris-versicolor
6.577457828036028,2.9750980502758977,6.054450447836241,2.3680239148552085,Iris-virginica
5.941396314007186,2.431847273770408,4.955428176004479,2.1092603138032664,Iris-virginica
6.215388161455018,1.9214326704776399,4.768943596610016,1.3866630428011513,Iris-versicolor
5.862062316688268,2.944735467168618,4.099748048914714,1.4749840599213502,Iris-versicolor
5.829973303335073,2.4645817219945343,5.6587722930011015,1.2438518629178221,Iris-virginica
7.177558309801212,2.646770708853621,6.357384434559318,1.9040428696805227,Iris-virginica
5.799235452001038,3.176025463216062,4.341964300989521,1.2873076463625137,Iris-versicolor
5.984040815318222,2.901648755446161,4.873523629557705,1.6983332257854717,Iris-virginica
7.222218502001867,3.2515438080572268,5.879875490652204,1.8892343776755256,Iris-virginica
5.546989135548014,3.9111015991332594,1.6230673025383837,0.3322287715046166,Iris-setosa
4.907774096301383,3.8633398796300797,1.223050658083585,-0.0797190458982639,Iris-setosa
6.12802928309837,2.5083536977671828,5.028859296893629,1.5602994036716786,Iris-virginica
6.501695965805578,2.933896142812289,5.276731945922091,2.1175616512184128,Iris-virginica
4.015128022074053,2.927938285015296,1.2956652167647387,-0.0853047688003537,Iris-setosa
6.540804311820978,2.661539720777875,4.980809223759363,1.8993747917764352,Iris-virginica
4.727612551533041,3.6970318374492455,1.8416389366766488,0.11641570240893773,Iris-setosa
6.217328428556712,2.6395748508796095,5.333375164558868,1.7695603463919127,Iris-virginica
5.608551034917276,2.6906542514010345,3.651305081985963,0.9286410937960193,Iris-versicolor
4.85481161906732,2.1679543432341806,3.5549203086609777,0.7547245500262274,Iris-versicolor
6.004662759941843,3.279837900441931,4.942194755563724,2.081259260544964,Iris-versicolor
4.73709062481635,2.474476664934392,1.2688996790926843,0.2183416706758913,Iris-setosa
6.741208740181616,3.020349783587087,5.8910638966306434,2.640417107562176,Iris-virginica
5.115070256347808,3.0560974904152065,1.6086850256685883,0.05848771379275888,Iris-setosa
6.043798076213287,2.8330502232751824,5.035891739163258,1.3023101128843353,Iris-virginica
6.143942524806731,2.982290138729565,4.453967863461791,1.7918462629982332,Iris-versicolor
6.487241796620553,2.5608746038341828,4.664898269015199,1.8490743040585687,Iris-virginica
5.4252920721288636,2.9826070522924915,4.377635614129793,1.393880702117482,Iris-versicolor
5.529814546776245,2.659665212436281,4.8568954902803005,2.035126173099309,Iris-virginica
4.727889157788357,3.5612219541312538,1.8124481546722673,0.7156184807219467,Iris-setosa
6.174036377981222,3.445849619934942,4.923520900825611,1.9704621892865704,Iris-versicolor
5.81916121442989,3.669792445131196,1.4126311271971321,0.146534721744866,Iris-setosa
7.437409623797,2.9721330080039285,6.349517997867504,1.7277821874212467,Iris-virginica
7.381143931613668,2.8218100726400874,5.843772676617134,2.1740750529532527,Iris-virginica
6.619813896472814,2.8434971503938105,5.797407505982117,2.467148150190918,Iris-virginica
6.06876951039656,2.696926332734395,4.733727558148286,2.0405057438676684,Iris-virginica
6.129902168084205,2.793954312458829,4.722245959618629,1.635444146467538,Iris-versicolor
5.854872073898531,2.378337330145944,5.370927215469237,1.1950124548874392,Iris-virginica
5.325896933057082,3.912252808368361,1.6298824307638875,0.4314208647997919,Iris-setosa
4.814967874287772,3.34710991087665,1.7286160737801237,0.34263149236084917,Iris-setosa
6.034294647232076,3.0081351366032694,4.537634571347353,1.1028801478377672,Iris-versicolor
5.1177526693039965,3.919486124495164,1.71920075373199,0.04200909995925134,Iris-setosa
5.686056229045823,2.792606249486754,3.854427517834585,1.4201904138813486,Iris-versicolor
6.644463253012576,3.036849826005822,5.431630203040802,2.2111659536656063,Iris-virginica
5.749902235410213,3.1531771582670562,4.5688443734164945,1.306095152530587,Iris-versicolor
6.184550212357304,3.067661397621608,5.045642951127586,1.9254061825883175,Iris-virginica
5.903991888678297,3.2781955741049043,4.151019869450355,1.5079684178942696,Iris-versicolor
5.017111879061971,3.696857473288209,1.532787217425835,0.11295644789552645,Iris-setosa
7.660302585411135,3.0265615394735716,6.471604076473074,1.7638739794725242,Iris-virginica
5.18580634667794,1.745274274781062,3.286746874144471,1.0486061865176228,Iris-versicolor
6.293876042323046,3.1321018824987408,4.820183621759332,1.4011984084661187,Iris-versicolor
6.62649534593744,3.0685195513366117,4.927823688051381,1.6768019156888792,Iris-versicolor
4.644299790625317,3.250914170579296,1.2060599773664056,0.4641725869847213,Iris-setosa
7.085428731504894,3.446001463640065,6.161370720464875,2.37064113579623,Iris-virginica
5.651641222958633,2.92899138617676,4.215985375603096,1.4711825342346831,Iris-versicolor
6.714745213623391,2.7768354206420844,4.379478858883295,1.1182543526585766,Iris-versicolor
5.572933655906371,2.933060243084012,3.946361832104779,1.0224990463604333,Iris-versicolor
7.20764416210238,3.2219483035684435,5.891086969195872,1.7378979947620157,Iris-virginica
4.99954996480807,3.6854677369126416,1.7788037933376468,0.06474538384127884,Iris-setosa
5.7485789038466555,2.3757944849700117,3.8545110720444833,1.1269033537980264,Iris-versicolor
4.8172529958036385,3.4086251306934887,1.4868718142807285,0.11274505279723979,Iris-setosa
6.813367666010931,2.6532396865165917,4.7921320885727585,1.4541385863796537,Iris-versicolor
5.70320269397447,3.784547372602562,1.9035129161900703,0.019057719333737067,Iris-setosa
6.405879950306522,2.2997857059793403,5.10759243689413,1.9591630218582554,Iris-virginica
4.183753963664057,3.1993308747092724,1.0522891305679973,0.37220254314088685,Iris-setosa
5.176729477155418,3.398675893377208,1.5278762265866637,0.20235134335933314,Iris-setosa
5.097912308825739,3.7937348908522814,1.202888291012225,0.398027477421764,Iris-setosa
6.559914791094031,3.073254207897391,4.485992549596882,1.6892154427865893,Iris-versicolor
5.466110199952181,3.799593046966122,1.3342012949077247,0.281030751246378,Iris-setosa
6.437227115196494,3.0494555879407166,5.61283750267641,1.9769478852476157,Iris-virginica
6.791827175896723,3.0441293089623005,4.530755601309879,1.2570036696248033,Iris-versicolor
4.727012498336367,3.7370873410164354,1.4199809451054182,0.7505546667067073,Iris-setosa
4.189509299902969,3.0279922899460856,0.9160419968244677,-0.17403742983043372,Iris-setosa
5.813287505526018,2.6223009195789855,5.12515845729383,1.8044563663808584,Iris-versicolor
4.781134335106377,3.6400008652813924,1.705041644918123,-0.029253919231410186,Iris-setosa
5.523820528617223,2.5099998926181466,4.117554590321412,0.90227809437571,Iris-versicolor
5.906398543924602,3.1063904405758893,4.608721859812376,1.586191525672982,Iris-versicolor
7.58631410165613,2.958758241889134,6.63333797751002,1.7775190651370407,Iris-virginica
4.590518291867697,3.416254715150259,2.100264734565105,0.4884924706999719,Iris-setosa
6.141663461944997,3.1831967412738242,4.413053919253768,1.6229394739803693,Iris-versicolor
5.55612986119212,2.7221363712320064,4.263403500936916,1.4691670887910482,Iris-versicolor
6.705603370930432,2.989537248947156,5.20448995089357,1.8328827651524693,Iris-virginica
5.685822899137028,2.825892055176939,4.004498786441798,1.4200694218815935,Iris-versicolor
7.267910707065836,2.7718808929468977,6.0395298018873484,1.7721939730222704,Iris-virginica
6.9940829398563125,3.071920837270538,5.44860680479158,2.623930501626088,Iris-virginica
7.590361706738465,2.48271531737592,7.165461367845572,2.0198480609240153,Iris-virginica
5.740788763764715,2.847440334082003,4.377416360620715,0.9215515043216473,Iris-versicolor
6.484095634427945,3.012850536377688,4.415825316975533,1.6094424408522225,Iris-versicolor
6.038085844533881,3.1367649962909283,4.766842064115506,2.0699080557691776,Iris-virginica
5.322412527395996,2.131996785078644,3.569717366138,1.350602728716768,Iris-versicolor
4.868616747830972,3.3939619212485006,1.5119947135988594,0.19242226107164875,Iris-setosa
5.704500587381567,3.0678210535700092,4.7338644594108406,2.005023821378194,Iris-virginica
7.556229556773351,2.9995618284353065,6.201014295644526,2.195388130079253,Iris-virginica
6.640144526607244,3.061189592944105,4.404536120017215,1.3792088200626254,Iris-versicolor
5.071503370226597,2.7227697181018677,4.542371588578526,1.4435962847955026,Iris-virginica
6.480127735660639,3.4253739177336904,6.2762359756583805,2.5923699115997256,Iris-virginica
7.810286077585556,3.596162809644827,6.485459472021353,2.030600479884579,Iris-virginica
5.775642135075287,2.8079009003819237,4.239178455146162,1.4839770686045666,Iris-versicolor
6.536793348074567,3.5726615383564684,5.927395864551527,2.030229726685151,Iris-virginica
6.442209376835351,2.744028499217913,5.260760715715235,2.3172146066523025,Iris-virginica
5.458732665944211,3.0990191403423646,4.309953763867769,1.2460198764114268,Iris-versicolor
6.639369104715482,3.2904188215837893,4.228507209107262,1.2730330131195766,Iris-versicolor
5.219596154766865,3.2121362409147505,1.7819071431431786,0.5582351564337278,Iris-setosa
5.603355283782284,2.402588904812923,3.790463473029206,1.0070707125214384,Iris-versicolor
5.662732405265906,2.760823335331748,4.259373577523206,1.3784646646607617,Iris-versicolor
4.887285570181,2.5345169000602366,4.363604126660642,1.9525114467109284,Iris-virginica
6.9099015642686785,2.912748225397467,4.7388640151674375,1.2413868315628738,Iris-versicolor
5.378482118637526,3.390910203937226,1.7272307595362186,0.020855416625989442,Iris-setosa
7.240276011934391,2.6498505163859494,6.37396593984182,1.9279539328928852,Iris-virginica
5.799277180364001,2.389585356177519,4.297901960374552,1.3145454539485044,Iris-versicolor
6.3879983114134635,3.0028117115352813,5.565446834497741,2.3200383940416374,Iris-virginica
6.253816792378617,2.5446506802567166,4.964071247253885,1.7961131417298812,Iris-virginica
6.5083844145068435,2.8636971097299337,5.372579864328441,1.8866577653321719,Iris-virginica
5.531977003475274,2.9235644075217775,4.392119916607328,1.2968642837245041,Iris-versicolor
5.772757017737303,2.522023215910005,4.05460333962526,1.165063718514463,Iris-versicolor
4.953986566735705,3.489291478322104,1.6595328807026148,0.05733511348215978,Iris-setosa
6.420045233188521,3.4514811301574393,5.914477009992865,2.4285343242365007,Iris-virginica
6.469779355193,2.663045117743633,4.707433189549464,1.5372704772111858,Iris-versicolor
6.71730366015554,3.217367655446264,4.749994113517042,1.6589995281186525,Iris-versicolor
5.849399188598086,3.5028619263075216,4.407277521538236,1.6504127650234752,Iris-versicolor
4.879208485723668,3.479509366050258,1.5797101269995595,0.27762107387719503,Iris-setosa
6.555946180639777,2.9920850813076756,5.141468659148877,2.575604970939643,Iris-virginica
5.113551126896561,3.7078108081309415,1.6832792563955294,0.26156261567458516,Iris-setosa
5.684769008617188,2.2171602212318176,3.839042441794032,1.2484017395156979,Iris-versicolor
5.27481313132281,3.1119243955269313,1.4196219060080482,0.3834981562525904,Iris-setosa
5.12566513870209,3.0589018590192882,1.4448199783813775,-0.021688494422033744,Iris-setosa
5.878820093514786,3.1613973039903978,4.926026637261067,1.8669059502011138,Iris-versicolor
6.459436770214922,3.0181628985150355,5.543451301269819,1.576727115383617,Iris-virginica
5.6662905162066375,3.404133932875593,1.4305103329643445,0.45587187171208077,Iris-setosa
5.901549878662011,2.965843107882639,4.956218659989075,1.9795393440363893,Iris-virginica
4.735500171529078,3.120621477352363,1.3143782721097514,-0.09053982623805504,Iris-setosa
4.897021092642956,2.94108141084816,1.3662554915718346,-0.08306815811891977,Iris-setosa
6.078510318459399,2.746194089005462,3.95878810505137,1.7579151907857937,Iris-versicolor
4.5922299328546154,3.6320726232056764,1.293863271333406,0.1455565612278018,Iris-setosa
6.930357925966151,2.9797042357643617,5.602837231719547,2.593163985790465,Iris-virginica
5.552164660107221,2.6846535736931965,4.066284598530864,0.9500793000767609,Iris-versicolor
5.595802710557795,2.4556285833100286,3.849320142926312,1.1349631101906992,Iris-versicolor
4.482510707645157,3.284208945279887,1.2065064044729412,0.5495856090028338,Iris-setosa
6.61000048987438,2.851624614065608,5.196915325586422,1.6943876749521434,Iris-virginica
4.951766570556274,3.0432505146705244,1.4369232212685004,0.003718145731168576,Iris-setosa
5.282370752737041,2.127763020004969,3.5391228727234796,1.0757417736629207,Iris-versicolor
6.7386538145673995,2.7742490135390705,5.4495221757702845,1.9353223133458481,Iris-virginica
6.224655900726024,2.6420499274584905,4.039060086606302,1.5006928966797255,Iris-versicolor
6.341882998801747,3.4959193396968966,6.205588676659948,2.4431189466674925,Iris-virginica
5.878105978617164,2.997959771043355,5.015668975430573,2.044185809452763,Iris-virginica
5.824662820210156,3.013013046748606,4.499404661622889,1.4654285723924472,Iris-versicolor
5.711954172388298,3.9624337879925977,1.2940036577419582,0.13558611272418247,Iris-setosa
6.880618812018394,3.0567220781290496,4.608180896430852,1.4852409829083846,Iris-versicolor
6.250026430531608,3.010841748894238,5.546598326121505,1.9016352138514614,Iris-virginica
5.830924978676577,2.9784932042804124,3.993016471837151,1.0594737870818043,Iris-versicolor
6.366211926047467,2.9708218360278926,5.1400771198497575,1.518260628468405,Iris-virginica
6.451204907209693,3.238671207879926,5.125969596827626,2.5513500630006702,Iris-virginica
4.7216114750555285,3.305922477082553,1.1991038778904974,0.3781815894372029,Iris-setosa
6.026458837790114,3.019970957612232,5.3765588292332325,1.3033803867402212,Iris-virginica
4.748423968277117,3.1469571020814793,1.3496275684411974,0.32575820087887586,Iris-setosa
5.939790663096314,3.8765798178488073,1.1397822686460228,0.279347939640936,Iris-setosa
5.80900707401352,2.403767380483926,5.148816254314925,1.599390855197489,Iris-versicolor
5.457046698944475,2.6874715323143192,3.5778977776276166,1.1579715523960483,Iris-versicolor
6.845910538792725,2.906381546450615,6.19852819859905,2.1130149360922417,Iris-virginica
6.319376749520128,2.8090393151637647,5.161226421354929,1.887658060531797,Iris-virginica
7.994936033904072,3.094747404853202,5.976691908561433,2.445035542095126,Iris-virginica
7.101912889022744,3.2279471080109396,5.800117183145125,1.390593055449355,Iris-virginica
5.35966394683334,2.7784169470231803,4.338215334912827,1.5215440554921202,Iris-versicolor
7.07408592995063,2.9049426324277805,5.565610280462478,2.16779506747613,Iris-virginica
5.4744350987318535,2.7797172452305063,4.768908766112897,1.8935173129813585,Iris-virginica
5.938363712293194,2.8945216979293065,5.000481124679348,1.578600188351865,Iris-virginica
7.427251073181135,2.6399648728907095,6.7378780782352194,2.3680757239979706,Iris-virginica
6.852067625876111,2.8631094742649785,5.235280549649349,2.4803077073771904,Iris-virginica
4.579973321390067,2.9618623223214455,1.1331888259844904,0.23514606356450696,Iris-setosa
7.3030743784031324,3.223238625207211,5.802405770748565,2.1408833724846965,Iris-virginica
6.241358688409029,3.217922780358145,5.241063722354426,2.316196926701856,Iris-virginica
6.689906700799287,3.5680104377201807,5.8175888852624436,2.4940847827158947,Iris-virginica
5.170675623550573,3.1229819466707722,1.552753831063027,0.5297083213798172,Iris-setosa
5.754535751465523,2.654942360047708,4.059821246802044,1.0940917401229728,Iris-versicolor
5.791774731137532,4.1814528886568905,1.215690947898512,0.28801668389068263,Iris-setosa
6.2792008740024325,3.470272460885341,4.261616837181867,1.7924012710301733,Iris-versicolor
5.499254124321196,2.8442150058241493,4.5027876343652515,1.165408811929312,Iris-versicolor
7.043341790380914,2.817179293501932,5.656755400260567,2.355507816364385,Iris-virginica
6.9191898430749985,3.0160460873248502,4.402851727238159,1.6348097732890927,Iris-versicolor
4.994013544002735,2.448721341566469,3.3611239825190595,0.8609938197306328,Iris-versicolor
5.209547705787427,3.5925527713901317,,0.34640265601443554,Iris-setosa
4.72014162032988,3.1428664138775484,1.4822472284672292,0.3718314993839098,Iris-setosa
4.70074600235089,3.6339679462456957,1.486928805841702,0.027021365486501303,Iris-setosa
6.301826911333883,2.94989949106943,5.772848713548724,1.6861104760450123,Iris-virginica
5.087524727076332,3.538504009014322,1.5264292029418738,0.5472592851905537,Iris-setosa
5.032513665906064,2.904833029458503,1.7256227224043847,-0.15146356277317694,Iris-setosa
5.644132527822536,4.079508519173157,1.2365817012326255,0.03219634606643698,Iris-setosa
4.858591752542276,3.3462294960581,1.5941600238374118,0.4977721981612553,Iris-setosa
4.810252214385228,3.1727528536569105,1.2931318112009882,0.4831146496450677,Iris-setosa
6.959655124640725,3.3510427770291997,5.938972196259514,2.146022415796854,Iris-virginica
5.522203266876498,3.491909814149831,1.8999988757478738,0.05904165301229819,Iris-setosa
4.904778746407295,3.204279690965178,1.449236317299052,0.2558637519145991,Iris-setosa
4.499560212882474,3.3116790687708235,1.7720392332618724,-0.07657414972800447,Iris-setosa
5.94394973241525,2.7416982113629524,4.427388382018086,1.3106518289573064,Iris-versicolor
4.628221081715707,2.5675835490575083,3.1425556203972826,1.167346949995347,Iris-versicolor
7.0856002589345985,3.242949224870859,4.7266754009330345,1.6013285755858546,Iris-versicolor
5.384313743241897,3.43299805070641,1.4065047917713824,0.49240577347108005,Iris-setosa
6.185883924164393,2.644055817979988,4.762370461153718,2.089767405326574,Iris-virginica
5.868470772837794,2.4440146074242244,4.738462005768552,2.073868536188636,Iris-virginica
7.698223646369537,3.685931007770451,6.609806095528985,2.4335139343561853,Iris-virginica
6.408365895404583,3.6869088631906735,5.65502201314362,2.4653190595594574,Iris-virginica
6.137752923385417,3.0432178911300096,5.579616469196825,2.458643382898183,Iris-virginica
6.060385999479014,3.0439646130736726,5.03160503028894,1.4853415400701353,Iris-virginica
6.094676470177057,2.4310368190531015,4.6650523477382695,1.4631861359911058,Iris-versicolor
6.34290173128678,3.6556374049492013,5.634043704761193,2.073878449136752,Iris-virginica
4.930310099735562,3.2933425354653245,1.114130390677817,0.46614377174794025,Iris-setosa
7.574192117718888,2.881313651987378,6.365005427598561,1.6790322408200062,Iris-virginica
5.516555414273652,2.696743921712508,5.01058899600376,2.162588091535138,Iris-virginica
5.0768935598845335,3.665060973484033,1.182102359467611,0.15704239696348615,Iris-setosa
6.690602541203228,3.3037609616827504,4.403787877638727,1.2405499160012328,Iris-versicolor
5.052588855493063,3.634477687817309,1.4956067502047348,0.10831397912160307,Iris-setosa
4.477210065890862,2.7419259482970344,0.9292491189441334,0.24720861240889655,Iris-setosa
6.192126906602082,2.9295280645975366,5.0137407419957905,1.4411099663161377,Iris-virginica
7.982681499357538,,6.8505380052136555,2.0555173496515144,Iris-virginica
5.041199011971563,3.5447452807409894,1.5130424402007208,0.14515770934062566,Iris-setosa
6.504884207124148,3.3107168472557658,5.82909412988869,2.3962787878703105,Iris-virginica
6.0446710895251625,2.9896525467010777,4.703327024775559,1.8105718219486846,Iris-virginica
4.43425378821347,2.9164462364924093,1.0700939677933254,-0.11937427346720034,Iris-setosa
6.942441027430876,3.8745431151611567,6.3192351304033245,2.7965348697566195,Iris-virginica
6.191093363542169,2.886710868562248,5.212357758536336,1.6347568605158949,Iris-virginica
5.121154248004107,3.690149299038242,1.3266108717779963,0.18376352626113934,Iris-setosa
4.827621682590293,3.267334470086879,1.3456105670840706,0.47884807129938334,Iris-setosa
5.146561878593106,3.4072861090343123,1.5883908094509098,0.11510556710135156,Iris-setosa
5.936447680456677,4.4452025045490915,1.2232553081203954,0.36277192888263443,Iris-setosa
4.243392676380312,3.0359863567211116,1.2022788667013058,0.04863795543765784,Iris-setosa
6.467855618861489,3.058740022348853,4.474616145922403,1.5705324457542005,Iris-versicolor
6.258281269243584,2.899725130727679,5.353631595228446,1.4631982826578334,Iris-virginica
5.975488729203416,2.478397411517068,5.199288765575109,1.8033874970963002,Iris-virginica
6.623557534900915,3.4773691708064467,5.8015988944227335,2.451823605233407,Iris-virginica
5.209279990036992,2.415250244059935,4.240218037029712,1.552547101416873,Iris-versicolor
5.738444351683771,2.2617777668266767,5.2117025407344535,1.5943396300767168,Iris-virginica
6.577438122263937,2.7815847127510747,4.986117464311782,1.403583525190213,Iris-versicolor
5.565165629125196,2.3190155593695856,4.357072552555526,1.014525582800705,Iris-versicolor
6.0696720436134095,2.433632257753488,5.037066256551307,1.7289241818233934,Iris-versicolor
7.105511619292793,2.64705278557814,5.854913056496308,2.062112741110016,Iris-virginica
6.498750457658268,3.3745841643866674,5.276709695247207,2.479711965669999,Iris-virginica
4.481295633460704,2.708699144983302,1.0700953717704818,0.4628700319442154,Iris-setosa
5.9069413323362445,1.9175254244538609,4.455617366634133,1.2627336038089878,Iris-versicolor
6.106013145143894,3.5711335647467566,5.268325125902569,2.1383128847354187,Iris-virginica
7.447974424395462,3.0309103371431183,5.748734694814647,1.857629310008625,Iris-virginica
5.929880292657499,2.9529919006581853,3.9435411873668564,1.393994020781145,Iris-versicolor
5.446231286068977,2.5203170669408523,4.156541486699435,1.2065047648919258,Iris-versicolor
5.505564022108603,4.143530757934678,1.6642185864140757,0.16138054944736727,Iris-setosa
4.515141878130661,3.521007207957661,1.4969681431718875,0.4677040659863242,Iris-setosa
4.820000755970646,3.3094030374706387,1.4376065503568762,-0.005781738289638599,Iris-setosa
5.436903933218803,2.325905387277729,3.741937099344882,1.2400268963440912,Iris-versicolor
6.33012764159669,3.371836520336281,4.606043650620336,1.7524948241213936,Iris-versicolor
5.645587779422416,3.1056267808155757,4.347835110947506,1.2254408246610944,Iris-versicolor
4.820015537212203,3.5731375088075294,1.4483215150503246,0.6368717661077518,Iris-setosa
4.92954807167965,2.900470850763909,3.8547524279454057,1.5172055848439987,Iris-versicolor
7.128049373594269,3.7658269381883467,5.830953336785498,2.577656972749497,Iris-virginica
4.9544682283284605,3.4165660477513478,1.3768668400123718,-0.09847273826059882,Iris-setosa
5.982487613469189,3.1409135234019203,4.178079632751682,1.1624959131409507,Iris-versicolor
6.5156678562665915,3.0460861067454665,5.949397721430462,2.4060335365234606,Iris-virginica
5.66037728958478,3.840936996933018,1.2883838420763356,0.022469803096096252,Iris-setosa
5.7951230224759405,2.9771829530157197,4.911187151801096,1.691648199320298,Iris-virginica
4.785465690910193,3.1228529542516967,1.458486181308735,0.010789408269892803,Iris-setosa
5.869064210171572,2.414592605365773,5.660265882464422,1.1319194842986942,Iris-virginica
5.91817327264129,2.9388915744928767,4.354354666292609,,Iris-versicolor
5.829291309195723,3.0674608084223447,4.624206141876116,1.2008753751240184,Iris-versicolor
5.013357848282851,3.115104071723893,1.3911316166590832,0.36857859829091444,Iris-setosa
5.145211077047975,3.1362497071419315,1.65636445214659,0.3599439466784678,Iris-setosa
4.999468979871769,3.5453669454322734,1.6717701180929554,0.2924928748420711,Iris-setosa
5.263923282960633,3.535244079390185,1.5870923236819408,0.2421495601043458,Iris-setosa
6.413620850386758,3.0433861417750414,5.232233383690579,2.1056443275727945,Iris-virginica
7.671970017649677,2.518908481594038,5.917965490267822,2.002283053575551,Iris-virginica
6.149363007045766,3.057045487805576,5.268072315164565,2.501150225359164,Iris-virginica
6.622764804802625,2.611544153926079,6.076663802518578,2.087068858166363,Iris-virginica
5.001058461498171,3.088967114591327,1.0381449657371022,0.3897852483168791,Iris-setosa
6.518851535930506,2.869714277350197,4.186773826191411,1.6247879829736287,Iris-versicolor
7.202930072859674,3.0164896716139147,5.829253149344995,1.9565288687832756,Iris-virginica
6.576306859104356,3.061795931952209,4.8160171449200115,1.4784229556404973,Iris-versicolor
5.569221932488428,3.5028346075908807,1.4841942057377588,0.38530312904180797,Iris-setosa
6.578826213035187,3.1593255175849673,4.273089119342355,1.5112038848943548,Iris-versicolor
6.696570879520168,3.305968887525442,5.551609460992011,1.90675217377253,Iris-virginica
6.085562068047693,2.8319939475288556,4.931887473268835,1.6798503953267883,Iris-versicolor
5.191564122443572,3.9666702709033275,1.3222497726814757,0.5145165713382307,Iris-setosa
5.942308239962096,2.009848114158891,4.37360633495761,1.7496898816521604,Iris-versicolor
5.269770564729908,2.4461041802477697,2.8542764541668744,0.9891007808912289,Iris-versicolor
4.647089233012298,2.85574402724583,1.5358842059722484,0.2565235103829445,Iris-setosa
4.538883665856586,2.839116109524822,1.1454799283833683,0.19255318048163356,Iris-setosa
6.536377084318918,2.6850904571436303,5.697999683507154,2.061241736932355,Iris-virginica
7.052390685233136,3.46399220440665,5.686316703903383,2.395331673250273,Iris-virginica
6.113418852370118,2.912170001814129,5.309472971978799,2.0223374854928045,Iris-virginica
6.2511808024516125,3.3001152557539495,5.216517370265412,2.009769568518096,Iris-virginica
5.8772535428659545,2.2732180002409645,5.140755940982907,1.732319003419902,Iris-virginica
6.360114883473795,2.3591869003912027,4.934834039943456,1.5159044408795048,Iris-versicolor
5.6841396196921865,2.798035406882252,4.772883984286699,1.5588198212086337,Iris-versicolor
6.337677648557638,3.146297012460519,4.8376345859071685,1.2904865361487077,Iris-versicolor
7.208434145497478,2.8672959282651096,5.957326045053518,2.312073710524149,Iris-virginica
4.249947921934246,3.062623303906349,1.5748546316115202,0.1979282675138116,Iris-setosa
4.530818411834127,2.0401668685675687,1.1243962179451454,0.4564494848279235,Iris-setosa
4.613695440875669,2.2239242256602325,1.0963726334634927,0.24305310633462193,Iris-setosa
5.44466663216738,2.7779239379403053,3.981915828435489,1.343050043053945,Iris-versicolor
6.756665593089921,3.123050741251042,5.518561276911934,2.279373815531772,Iris-virginica
5.566038382714014,2.6610512015257473,4.252915062037964,1.552955246211268,Iris-versicolor
5.286110430202162,1.841555723746321,3.534791386134702,1.0066945544414634,Iris-versicolor
6.465315068034662,3.023435057067386,4.041763550848475,1.1795241757466268,Iris-versicolor
6.048438745230027,3.397309717568893,5.540439117914298,2.6472809373025483,Iris-virginica
6.0073477702377955,2.789290985193714,4.6423092492480995,1.4404434821575203,Iris-versicolor
6.719684406293469,3.2765592656663656,4.401169204256935,1.4211842985118934,Iris-versicolor
4.781232899416677,3.113106539936005,1.3569796067041395,-0.045545427269823746,Iris-setosa
6.207173694093308,2.661879651489786,4.084129767350898,1.2779585498473522,Iris-versicolor
5.838821737463211,2.9721471674895628,4.900796148026508,1.3678310248149173,Iris-versicolor
5.22414149226586,3.142466247598094,1.6774507186683896,0.3957162680007816,Iris-setosa
6.507625747016886,2.965097596364213,5.725316453909576,2.3732350060166776,Iris-virginica
6.9751214379433595,3.4530440145480013,5.401590529002863,2.273193600765457,Iris-virginica
6.01818066962313,2.9191331076435185,4.343803802860842,1.3831020293501026,Iris-versicolor
5.4239295900067415,2.921010901372687,4.117924609206017,1.2896232457661947,Iris-versicolor
5.860217045402294,3.076183479249649,4.023019673761383,1.430501360364063,Iris-versicolor
5.787950135367319,3.0370145909574937,4.743218113027554,2.0306560839573757,Iris-virginica
5.325100584703325,2.8901378062772984,4.244145495906496,1.0996250267179066,Iris-versicolor
5.3003003081842515,3.1445364399314584,1.6183141254142963,0.1656774022449975,Iris-setosa
6.888540405032262,2.7598086728161757,4.739935379411271,1.400451292296382,Iris-versicolor
6.696470259449307,3.166153461334554,5.731517637078005,2.2253697240303008,Iris-virginica
4.920124801035615,3.2563671381519925,1.8352524067771259,0.24345717879438844,Iris-setosa
7.158441933062575,3.1340460789572653,5.676464534961243,1.4376996444256818,Iris-virginica
5.21634571338219,3.935363453756877,1.3352982465678955,0.0355138040240881,Iris-setosa
5.24948621189116,4.364520779398488,1.423101311610559,-0.034768352292417065,Iris-setosa
6.731090310293273,3.254185327256008,5.204973677876735,1.6833827458308797,Iris-versicolor
4.698958731102351,3.403859243279482,1.1475712102274,-0.008736608041148897,Iris-setosa
7.184589943537662,3.045338706810904,5.926728744226087,2.2500938828021697,Iris-virginica
5.710188813022884,2.663324509996022,5.070272008210806,2.2070106309422943,Iris-virginica
5.886361740976699,2.7311086471531425,3.959153167072952,1.0754512519250548,Iris-versicolor
5.12440852606923,3.03746703357839,1.630027642900873,-0.03434570933254405,Iris-setosa
6.885846469113383,3.305446202156322,4.981432901173532,1.6382416677170686,Iris-versicolor
5.9703085476348035,2.0117072925694632,4.759111787925059,1.5881065970275179,Iris-virginica
7.450923400037402,2.8502002813358427,6.1780810838990226,1.9125142424707975,Iris-virginica
6.01532836457347,2.008747870646555,4.679789793042387,1.5975252694653503,Iris-versicolor
,3.085226188928369,4.909246153531204,1.7591604348355863,Iris-virginica
6.042840105400638,4.277181452895083,1.3813932717628492,0.41467078425044,Iris-setosa
5.327945553030281,2.674102883505425,3.7363477027137315,0.7856399234942468,Iris-versicolor
4.337861138956197,3.5268466065905937,0.9304604845232878,-0.009101901420037362,Iris-setosa
6.668755360708406,3.1148569887904327,4.362095582333878,1.64836898259242,Iris-versicolor
5.143451021522075,4.151668947524189,1.3429590595950778,0.3909202751223466,Iris-setosa
6.575057466758863,2.622908852247007,4.8650226204496,1.2231432528234274,Iris-virginica
5.0468820936358645,3.409393839566109,1.4272958331673904,-0.014815479315682084,Iris-setosa
5.100838564744516,3.53418164992272,1.7040304001426405,0.6675094166417548,Iris-setosa
5.143585444890059,3.706600314809202,1.2657078991597042,0.4388250880775647,Iris-setosa
6.329234260731384,3.099959851998168,5.484889830559196,2.1903092875224406,Iris-virginica
5.321306472339987,3.6476767637320027,1.799455840276152,0.3809465119538816,Iris-setosa
5.261640010537012,3.4566792135055957,1.219383191523034,0.05794952877067064,Iris-setosa
5.867639083215782,2.629358953532275,5.224778470267267,2.53821555994622,Iris-virginica
6.454018928005769,2.803922151060285,4.3409448922203895,1.417141468219703,Iris-versicolor
4.992518453968754,2.8416386548349633,1.542284881989476,0.41080155453559053,Iris-setosa
5.839511201747918,2.918071158701819,4.32338905234998,1.4661165620371102,Iris-versicolor
6.317389737209055,2.8628328958470006,4.642039831856191,1.6447921136535244,Iris-virginica
6.023475177152732,3.2540947230124098,5.019608593136877,1.7558858841645646,Iris-virginica
4.958055373737099,3.7590424980498254,1.5203568092800697,0.18486616578130022,Iris-setosa
5.820394284182343,2.0650810501777057,3.7868120497222875,1.1255587193129697,Iris-versicolor
7.039579355357015,2.9870487970099253,5.12327527723464,2.2733482767079085,Iris-virginica
6.651674433050839,3.077216324538188,5.050709420761538,2.518648863634282,Iris-virginica
6.322909379537703,2.512548811469131,4.780636447908844,2.0378961373783526,Iris-virginica
4.757983479577184,3.3806652151701666,1.4153170093553022,0.5558984671122578,Iris-setosa
7.1128679097329295,3.2625280159627397,5.608039226073189,1.8964680236366194,Iris-virginica
5.453058668049775,4.109606499680855,1.3736180343125155,-0.17801440977658697,Iris-setosa
7.474438522691925,3.0086220581935796,6.825535814778416,2.156117860179781,Iris-virginica
7.349724279617171,2.8647569080754756,5.916237489171547,1.8670856286745419,Iris-virginica
6.579848708848898,3.4549943076121568,5.877718217445633,2.2960961832384115,Iris-virginica
4.607547625322187,3.491708248063645,1.213369259523469,0.20304994500520124,Iris-setosa
5.8917585998028175,3.2091355715963195,4.896047741893469,1.9511958585566553,Iris-virginica
6.172025394482924,3.111609362767313,5.403383585953758,1.5015370401805643,Iris-virginica
4.796612145091012,3.1529647349874415,1.5158562215482643,0.021118663852904507,Iris-setosa
6.509387425772153,2.3622253687869033,4.160781724896597,1.5431610527085386,Iris-versicolor
7.13362595983655,2.767376034427669,5.508194950381526,1.3215612880638794,Iris-virginica
4.5359356194683595,2.978275889602274,1.6719874587283534,-0.034821421812655184,Iris-setosa
7.251886488966703,3.0664038572471735,4.776780560528344,1.5551620336897958,Iris-versicolor
4.96169383343203,3.5075305212976855,1.3294980726265226,0.2109591816014354,Iris-setosa
4.804925816580145,2.9409501885431553,1.4152226637567074,0.26767156233226885,Iris-setosa
7.086843204764136,2.9003196715627793,6.534401571825015,1.8206837866184284,Iris-virginica
5.695577300245685,3.680415051833358,1.147652197371682,0.34521462827346455,Iris-setosa
5.2745732567283214,3.6381318182899864,1.4008303329342884,0.16631122619442953,Iris-setosa
6.519474010329079,2.755827188073529,4.657942533516782,1.2025126004306377,Iris-versicolor
5.578407710101454,2.652317697939988,4.927317171806673,2.0395519250078458,Iris-virginica
6.1902488790970365,3.0474439124111186,3.9203874080349688,1.7835550314776039,Iris-versicolor
5.238584544108151,,3.990367847394302,1.4921790909870083,Iris-versicolor
4.861484301773005,3.8511697465901866,1.244959912594118,0.078216815645862,Iris-setosa
6.456689130122832,2.6239562267660155,4.003947492585857,1.222746354868453,Iris-versicolor
5.727472758232418,2.8702718201304833,3.7541533794228394,1.3967524174869927,Iris-versicolor
5.351425408180441,3.3119532651488157,1.9258492219424248,0.1925104187827555,Iris-setosa
5.350064026376569,2.249001162466478,2.949361556937677,1.169564990965528,Iris-versicolor
7.579846101678713,3.208148744825826,6.128909038673317,2.5213069203766634,Iris-virginica
5.787876175704337,2.9584241844940853,5.201489714701686,1.522042244209462,Iris-virginica
5.2967112363272015,3.9713168782318413,1.1790761520761734,0.5347037353237247,Iris-setosa
6.5688790771636905,3.1661572573106547,4.667120518025374,1.3792273301698503,Iris-versicolor
5.881663440763197,3.0312695702154864,5.157304872835992,1.8740207166656075,Iris-virginica
5.058049310985368,3.425123079965484,1.1571317837104516,0.27692869979066514,Iris-setosa
4.349978644059708,3.105597003471658,1.174664221088011,-0.05524986862420564,Iris-setosa
4.663337231934231,2.6569963730870954,3.3886192767282286,0.8110517570125313,Iris-versicolor
4.573817834436121,3.2485141716779107,1.5726531646853157,0.11264987439186197,Iris-setosa
5.970182892405933,2.675799506108193,4.232068786250714,1.3433315167447613,Iris-versicolor
6.857886838697869,2.6675716303403734,4.696587873194363,1.120966607680457,Iris-versicolor
7.040496414816538,3.086556506565472,5.609503702649364,2.141697125555808,Iris-virginica
6.02782141323777,2.724537915462519,4.476298625065718,1.490715144680899,Iris-versicolor
7.096027196588656,2.736216746498073,5.655722824685879,2.299733315176418,Iris-virginica
5.597077982948348,2.7734160036739244,4.094863265273304,1.222958514702449,Iris-versicolor
6.66346994976748,2.7532521334305806,5.218915724951497,2.353381645490896,Iris-virginica
6.598791894456737,3.3601935536620955,5.3119582767494045,2.5011413357453938,Iris-virginica
6.994977793190818,2.929924891754057,5.856985253436262,2.6127972787508686,Iris-virginica
5.3601800514626,3.7436612997031333,1.4991980710643666,0.4839497095112145,Iris-setosa
4.355604626379482,3.061458985160629,1.3649923363251517,0.1372242835904151,Iris-setosa
6.403952065600885,3.237885283312018,4.616610986648017,1.442025706818171,Iris-versicolor
6.135202345032654,3.6165825270694674,4.4764090049096,1.563480447567892,Iris-versicolor
4.836587523379715,3.1002440281613746,1.6786862865248597,0.06326760918971988,Iris-setosa
6.398851038420506,3.187034574815725,4.463666420613085,1.8383893790387111,Iris-versicolor
6.548874276328017,2.7228683420469766,5.80183408616721,2.3921765815328384,Iris-virginica
6.675650533948094,2.9910246303254997,5.236006428600969,1.9128744084026645,Iris-virginica
5.108452151523061,3.876933792429363,1.133952624511113,0.550052720289042,Iris-setosa
6.2630970299128155,2.7576758418812486,4.727856029355504,1.454474102623043,Iris-versicolor
6.225654451179275,2.690750467238544,5.333706769070391,1.3130071112237458,Iris-virginica
5.192724698572062,3.7515767040533397,1.3817518207857975,0.19897312308141113,Iris-setosa
6.372533654481371,3.1872585656900165,5.526688586416105,1.6989429977376664,Iris-virginica
6.5239339066657305,2.500489018969676,5.54703756966771,2.30241903876855,Iris-virginica
5.704428418395387,2.4713409966101816,5.3070274728691444,2.0151560655840637,Iris-virginica
5.457778675592814,3.1889815098597825,4.276255049009981,1.4196035929116235,Iris-versicolor
5.475139483503324,3.7859361230099915,1.2379734258408484,0.2007767810381606,Iris-setosa
6.2052605105857195,2.9505093148021646,4.940131978000506,1.9305611779250582,Iris-virginica
7.258176468269345,3.1963485514482763,4.87777583010646,1.3998901786177895,Iris-versicolor
5.913735981191376,3.3971589951381818,,1.4329691099291724,Iris-versicolor
4.626909702863926,3.1860745112613,1.3224740523618312,0.44526967068804013,Iris-setosa
6.6583278591522195,3.115228943641916,5.482983892829895,2.28191545621886,Iris-virginica
6.6392655364010675,2.366694423029326,5.741074445244366,1.9238457735468883,Iris-virginica
5.2548607856746585,3.82738105284837,1.695775147706795,0.3599476749967514,Iris-setosa
5.968511193013759,3.189823213809613,4.144064018148774,1.2492111460328608,Iris-versicolor
7.426138248392474,3.155788154945374,5.984216253478684,1.3108236055142481,Iris-virginica
7.012348118419182,3.194776784321626,4.9856466228524425,1.1183348464884526,Iris-versicolor
4.881837666231747,2.385589776048248,2.7966347175781165,0.8865880587707637,Iris-versicolor
6.8782226009944,2.903242592275412,5.78197692808804,2.1888339924339615,Iris-virginica
5.004487971285271,2.746636261758525,1.2690005237463613,0.3101570099437886,Iris-setosa
5.613276350267761,2.6188801960737145,3.7327621243959483,0.8595463145495097,Iris-versicolor
4.151499843192543,2.6841378151021043,1.5653230206427224,-0.06402576448043995,Iris-setosa
6.456806314750581,3.0233681491081734,5.570358404748263,1.7341801134128954,Iris-virginica
5.61564741767569,2.2718884540435926,4.072474560299715,1.3180053799066453,Iris-versicolor
6.139280501628408,2.3701421547729913,5.159739478585918,1.6587870400696136,Iris-virginica
4.585483418240773,3.6274797917815262,1.448641547561885,0.2711400967358271,Iris-setosa
6.013248485621062,2.8869723016878006,4.316430357047322,,Iris-versicolor
6.983052280977861,3.0033824939279015,5.351202052093417,2.3306115916900554,Iris-virginica
6.111244863237392,3.017025010639945,4.455593817181489,1.5744567583115168,Iris-versicolor
6.053045573821602,,5.166206210062544,2.4131020066833133,Iris-virginica
7.042234538554334,3.029986326563333,5.741273614138215,1.5664700127264828,Iris-virginica
5.563234504456064,2.7101613504744613,3.4730566574626076,0.963067034116075,Iris-versicolor
4.910294289684792,3.1811689713145435,1.6666385457770965,0.09744711834130906,Iris-setosa
4.562665255387795,2.9279414541135766,1.2206930330453472,0.18992660171605974,Iris-setosa
6.799072593652613,2.9315858074972487,4.2402575885273945,1.3419445083918848,Iris-versicolor
4.680090195006811,3.4909510937714225,1.3882519266529099,0.23833018226507263,Iris-setosa
6.776060811521868,2.8918874626572957,4.613530935589224,1.7341528134468673,Iris-versicolor
5.918092827039404,2.40465427477622,4.538105779272436,1.488195654379627,Iris-versicolor
6.170612130298403,2.8817533210096493,4.743022074299079,1.7926680068460827,Iris-virginica
5.038108680539416,3.4758439868900877,1.591751113430742,0.059527223108948674,Iris-setosa
4.845022942825689,2.6075024234462982,4.596615800915679,1.6430818401132063,Iris-virginica
6.580345418641086,3.290927268487949,6.0089794967217225,2.180121725586739,Iris-virginica
5.929066325589595,3.1339693143390455,5.620811208870399,2.1618956618048895,Iris-virginica
5.549424459485397,4.1483258067735385,1.233628794061596,0.23634365060052304,Iris-setosa
5.095557971813289,3.5198840064922075,1.8713591784738601,0.03347912241613746,Iris-setosa
6.458886191990506,2.597059953652492,4.434493830360207,1.484428024444119,Iris-versicolor
7.207909815772541,2.948426370599701,6.0297174125418875,2.3053008577576994,Iris-virginica
6.155406497785744,3.0155319535577654,5.478374039112806,1.7743657769148906,Iris-virginica
5.241233737847309,3.798139725637114,1.3855803199607366,0.14267394502573388,Iris-setosa
5.7162466301728,3.5356420495600083,1.6766455053767622,0.41347062506709836,Iris-setosa
6.690356574995987,2.8439171118755424,4.902824171391023,1.7204114869378961,Iris-virginica
5.642266547028181,2.5241011502140354,5.019338700784406,2.6964625628417074,Iris-virginica
6.373584390855155,2.7203159579377343,5.1315838739321284,1.8435585482961554,Iris-virginica
7.6638713588677785,2.6693753082942404,6.212613080750316,2.0388962146166056,Iris-virginica
6.116937280308073,2.2692318015384103,4.446072883402653,1.426653223354669,Iris-versicolor
5.893990399554714,2.487495338259123,4.82443619326215,1.439204844717652,Iris-versicolor
7.286290033708738,2.9286290086454576,5.8426440345625945,1.4359322434263488,Iris-virginica
5.923996252590685,2.1871149484276997,4.966716131704848,1.654953250607335,Iris-virginica
5.165279407887501,4.023922293997131,1.462214137195483,0.6920821143845062,Iris-setosa
6.840283825625247,3.2949416792251562,5.516172564096758,2.22434753966456,Iris-virginica
5.20820952830781,3.2517316252658515,1.5797638153966251,0.055545090906541056,Iris-setosa
5.914083018342726,2.7957793632686343,3.3220833352802477,1.1829461183636483,Iris-versicolor
4.990012887632752,2.830585474280291,1.8607164067055644,0.11332116645940823,Iris-setosa
5.749089836635702,2.8719470878523023,4.277131485616768,1.1118543448825289,Iris-versicolor
5.3844829115347865,2.8352964693229143,3.886447005881665,1.5864020732632864,Iris-versicolor
5.2364209123897885,2.4479948793521373,4.1642860489097435,1.5687866411995308,Iris-versicolor
6.549003297080784,2.9143129798811627,4.367707519681387,1.1664727357488511,Iris-versicolor
5.1500569319113385,3.8361580580454784,1.5126195313904853,0.19468905274345621,Iris-setosa
5.717323328753636,3.158612772390522,3.713856967613335,1.0520761072676388,Iris-versicolor
7.085275656284566,3.831249852979446,5.832658527458592,2.2595749407702095,Iris-virginica
4.8955703072930445,3.488385326871271,1.470087047103209,0.1323973935563882,Iris-setosa
5.1834849752775565,2.5691363058157872,3.7064242896000406,1.1374653051278698,Iris-versicolor
5.917659409395889,2.8249324835238707,4.232026391849334,1.3530813471117344,Iris-versicolor
6.249584378619224,3.1016975422597457,4.24275302639342,1.4396629772930885,Iris-versicolor
5.554987086014742,2.7351743668886814,4.18910747471573,1.1089473976112758,Iris-versicolor
7.5969501484427555,2.7318137303805936,6.152830032885978,1.947656088393301,Iris-virginica
6.5412574475285306,2.4708280494707995,4.63886733772313,1.6888152191503665,Iris-virginica
5.221959744161635,3.4402273458291197,1.9134588146838138,0.7614989690710416,Iris-setosa
6.388233028872376,2.5164211563043373,4.95383063919894,1.5517116991101898,Iris-virginica
5.766738246380424,2.696685998745543,4.616250703554598,1.1698613753195235,Iris-versicolor
6.112121240011831,3.1497177296912366,5.875108370488624,1.6149161688821314,Iris-virginica
6.24666267571241,2.6449850313465784,4.499499770858944,1.7896253642935407,Iris-versicolor
5.845760744289782,4.164900010988125,1.559244677423674,0.30559188312680696,Iris-setosa
6.408365071817405,3.1783074055504534,5.709396076593974,1.5186676772600534,Iris-virginica
6.269178755372148,2.698043089358391,5.315055176589641,1.3794760105742512,Iris-versicolor
4.964565015300941,2.8476066824357438,1.2685061695789126,0.2675591649920495,Iris-setosa
4.950230814027718,2.930693771069519,1.3007058317521316,0.18673314322099416,Iris-setosa
5.216365840903359,2.041811233166728,4.165319331679127,1.3305331837708485,Iris-versicolor
6.665318304265947,3.005392474060846,4.87991457481365,1.423359292794321,Iris-versicolor
6.025642705648947,3.323109487025225,4.490089690651925,1.5426924961151158,Iris-versicolor
6.7123437676858515,3.084465148319183,5.7118848694603495,1.8414484616582274,Iris-virginica
6.1481334611211675,2.554317367589473,5.259878635601605,1.7240873685140157,Iris-virginica
5.977052967181013,2.319906534614222,4.031747849690706,1.4110954995897036,Iris-versicolor
4.922060637872663,2.7812659659430876,4.536219524586535,1.7363469642765788,Iris-virginica
6.091909353905528,2.9259894363209025,4.470667879355425,0.919738533973284,Iris-versicolor
7.688684249876076,2.7665522643586575,6.550387977750649,2.207091081482483,Iris-virginica
4.963134624716394,3.6291476642006586,1.2421023048368383,0.21746553935314045,Iris-setosa
5.965083564289811,3.065243525029336,5.143449114408392,1.9383577981487774,Iris-virginica
5.169427566020381,3.7884530227958706,1.898214237641021,0.15874472374309606,Iris-setosa
4.4591412717690275,2.998007575930403,1.0155330822083322,0.4910021139690779,Iris-setosa
6.507873665140773,2.956693363972445,5.969143720838749,2.3457406235855824,Iris-virginica
5.516148336254598,2.9993839617973914,3.8324478319048554,1.329958476788292,Iris-versicolor
7.475056136868103,3.0277695702524765,5.983368250601652,2.4437317782661707,Iris-virginica
5.159218172775823,4.176745032420284,1.5482666585070433,0.6790181251580889,Iris-setosa
5.248145778029492,3.2226665342989564,1.4302409877339193,0.16054640991624902,Iris-setosa
6.160085538074359,3.182000334709173,4.3849600583906385,1.6558996496244383,Iris-versicolor
6.818032269396398,2.9700252253230963,5.650895943401418,2.164241915781669,Iris-virginica
5.706108145864552,2.9474188706313647,5.365079479857842,1.7434484658081126,Iris-virginica
6.449944632687079,2.75834985093462,4.362636237073554,1.5594354117603562,Iris-versicolor
5.156288937579962,2.200555356187707,2.813735408822723,0.99900312276583,Iris-versicolor
4.934283674283567,3.278424102100263,1.534636195019239,0.09275633155356822,Iris-setosa
7.577579866004479,2.7595076164749037,6.695480629722645,2.084290964888644,Iris-virginica
6.426972771216013,3.2378333459895625,4.706474640816021,1.521190949942722,Iris-versicolor
4.615534986374116,3.0870505169571834,1.7985950562757755,0.339030960011816,Iris-setosa
6.357709158263404,2.8975143609640046,4.250088782945696,1.3133406216993955,Iris-versicolor
4.752463110426316,2.891675951918021,1.4477573008992712,-0.04614025203178815,Iris-setosa
6.0544645804661315,2.787436780004459,4.144272155725234,1.3560232668240855,Iris-versicolor
6.446857745070718,2.6268752041471677,5.786136573897274,1.8138424700817084,Iris-virginica
4.864699006684929,3.500568798658992,0.8001262265386361,0.17196680673779802,Iris-setosa
5.708691746063315,4.039294493385196,1.6598686028404595,-0.001613893427806934,Iris-setosa
7.634792903174079,4.045521940265071,6.205655677860811,1.8862686808568843,Iris-virginica
4.792818919551381,2.9555750993732186,1.5579719255219895,0.034293612412929914,Iris-setosa
5.2233236266350795,2.3385591849121368,3.949352591082326,1.2318042639268145,Iris-versicolor
5.650419434979039,2.805304469306034,3.9105938981209825,1.059925355364547,Iris-versicolor
5.261634277485986,3.714318954463644,1.7782141215000076,0.20792283938617245,Iris-setosa
6.197297758096834,2.6944184598576792,3.873619786334383,1.2085862775234546,Iris-versicolor
6.216838437159556,2.517972727299791,5.272352103842481,1.869350747831638,Iris-virginica
6.4976608783815495,2.8208760268431714,4.465334000552511,1.6920259227708307,Iris-versicolor
5.516638329774145,3.9654257573071163,1.614148455761616,0.4121371113966045,Iris-setosa
4.972607641117047,3.2282198000253834,1.7523883484993563,0.08136384072218797,Iris-setosa
4.782289101033778,3.0212735265874584,1.268410712681548,0.27386459255925344,Iris-setosa
5.824391400744998,3.19659241262962,5.340157056796393,1.5905110307684358,Iris-virginica
5.226459568140559,3.3823311139837138,1.7478573364514962,0.09858546547999025,Iris-setosa
5.170167379562257,3.193703272027662,1.5249540576908962,0.2506697878380715,Iris-setosa
5.550944441057912,3.120931577792138,1.678915599210715,-0.042766147212139616,Iris-setosa
6.346782365891401,2.7120299542344237,5.009347560068423,1.771760783210049,Iris-virginica
5.8420410526823465,3.1807100974834164,5.017941207329998,1.7808156030756932,Iris-versicolor
5.725749593467219,2.450239437566689,4.290310267331187,0.810436894793331,Iris-versicolor
5.576454092919634,2.5251437794835,4.246128863964985,1.4506449496328786,Iris-versicolor
5.7673978940273924,3.07821853161885,3.828087718050421,1.2357744429754443,Iris-versicolor
6.080798415024189,2.6882203558014384,4.699785058233132,1.6722108275187662,Iris-versicolor
4.709898318507493,1.8806616490841557,3.7024627733341062,0.8481646912208333,Iris-versicolor
5.256431884812262,2.5422377081209095,3.039650232924615,1.030859206672784,Iris-versicolor
5.392191170685194,3.3158522950169296,1.4497504864199153,0.40373897709275763,Iris-setosa
6.723121532180563,3.528925035076285,5.686102792234896,2.2603812481076275,Iris-virginica
6.656785986863024,2.883090450635864,4.621643442479332,1.683571475269083,Iris-versicolor
5.797926521894158,2.6026667408585102,4.763939784148454,2.2062033174307936,Iris-virginica
5.996362601820893,3.4976581832046483,4.529591745919345,1.464945857362256,Iris-versicolor
4.918690535183293,4.101956408323155,1.2081799216826647,0.03803154516769197,Iris-setosa
7.437996866366142,4.004013535739404,6.473204298988977,2.4380728755286074,Iris-virginica
6.099516272273589,3.33796772068291,5.627511733758217,2.327039329827817,Iris-virginica
6.919049304766496,3.1539717423469567,5.12811674224925,1.9646024608241566,Iris-versicolor
5.267903936386911,2.6685064772408804,4.604753002763424,1.2504194807426374,Iris-versicolor
6.997584749890967,2.84188734004816,6.057970939001317,2.2897612085096237,Iris-virginica
6.658356717637403,2.3724681672963803,5.884483099232996,2.0814449192971063,Iris-virginica
5.751414164649738,2.4782708186300284,3.827807929811535,1.1276899938614524,Iris-versicolor
4.987989270974116,2.9294286723180027,1.2956822665175374,-0.07978740864533285,Iris-setosa
6.621555908602884,3.0416864575979967,5.28921332707788,1.9715307229671135,Iris-virginica
5.9217657909824455,2.956088815998551,4.693566103941426,1.7622144265312008,Iris-virginica
4.665789375978981,2.2099841209151734,4.5802742711996745,1.6477012934260626,Iris-virginica
6.652500658832539,2.276786622703123,6.019143943425574,1.7553000572542117,Iris-virginica
6.822324624581442,2.918395127998405,5.39313040480365,2.2008873407003153,Iris-virginica
4.3876570572131,2.9363907037658104,1.4377080313935608,0.31733828316262763,Iris-setosa
6.667277570290234,3.439648393038884,4.579925996673425,1.438693039144085,Iris-versicolor
7.088919409854173,2.934347646715988,4.682748119888135,1.2066305531596637,Iris-versicolor
6.31275230363901,2.7252064642865723,5.146020978872879,1.5887747157682777,Iris-virginica
6.468187160454848,3.154796403415286,5.615618796892914,2.4758435515911166,Iris-virginica
4.9493468115001225,3.752780624020227,1.129008638368597,0.3444358651712876,Iris-setosa
6.712304411720197,2.8391914467464243,5.8481475692476605,2.405445684856708,Iris-virginica
5.115814681047197,2.2731144197142377,2.823719411029785,1.0320359340878484,Iris-versicolor
5.690155087945368,2.700176945324502,5.360315896394893,2.062020515486318,Iris-virginica
5.812021394727899,2.661898498491296,3.652806338664256,0.9572091171257016,Iris-versicolor
6.559615229793905,2.8659535166474326,5.778577595329951,2.208419434927708,Iris-virginica
5.739874854723327,2.2866185939279235,3.7900202835251697,1.4892024999055822,Iris-versicolor
5.992391369345826,2.5935334943946518,4.881944058674974,2.0128657226664752,Iris-virginica
4.734847670481756,2.601020064859488,4.599003437889515,1.589813358488293,Iris-virginica
6.444063718323953,3.000003765936963,4.732511134900797,1.5066259320391657,Iris-virginica
6.907952015144782,3.254464070133871,4.936485174521116,1.7531460976041982,Iris-versicolor
5.798842348765105,2.6653821237648225,5.032570769337757,1.8080507119972444,Iris-virginica
6.7651913987152765,3.263589570848132,5.7887940402293445,1.7046742536537778,Iris-virginica
6.988589290655096,3.151689020706609,5.927123076079591,,Iris-virginica
5.373246379866708,4.051309023967097,1.5615408348645277,0.20882530754771225,Iris-setosa
4.854990107673548,1.8933882350682427,3.4154024128108764,1.1531543760279221,Iris-versicolor
5.906603193098085,2.7290822702745827,4.282842347470437,1.5264745940381,Iris-versicolor
5.9163303466051795,2.5019576300475914,4.038100548851545,1.2571611369255726,Iris-versicolor
5.424578666570233,2.5572927192659844,4.220930109402488,1.2831357580241305,Iris-versicolor
6.091964677517034,3.447316294530325,5.412021660227112,2.143774364060693,Iris-virginica
6.628527111869684,3.0007426422559136,5.840664658829717,2.394329032597506,Iris-virginica
6.3993986890859365,2.872421740195955,4.358997351161468,1.019945891934939,Iris-versicolor
7.748000595589152,2.7746220642129655,6.693360625765885,2.231328140780907,Iris-virginica
5.903717104665303,2.8357938918577443,3.9305725029779652,1.387096341887002,Iris-versicolor
5.164699236137639,3.375412806732691,1.7508159245052783,0.037999313274374,Iris-setosa
5.3608530490779085,3.901897281838318,1.6412190400704008,0.11057624416985065,Iris-setosa
4.9641853170938814,3.3728551458793166,1.225509757937669,0.014080002054583679,Iris-setosa
5.302015466225234,3.87712954019557,1.2418004897653891,0.45017379823207704,Iris-setosa
6.690019700186595,3.3157585081096883,4.474224396242073,1.1955832548407397,Iris-versicolor
7.360699218467199,2.820791141938463,6.336262837217393,1.5621564893762319,Iris-virginica
5.938083350169482,3.459850023023929,5.66196564315758,2.311638417339368,Iris-virginica
5.862322311244297,2.7141825741638295,3.733947064661582,1.3165386893874775,Iris-versicolor
4.936312015280595,3.1768534613721475,1.6620319633312728,0.39594582882093926,Iris-setosa
5.138991299478927,3.6524403439038693,1.6592491516320533,0.33524122812111345,Iris-setosa
5.775727875420393,3.43954762094131,4.6749541691535486,1.5990910828643443,Iris-versicolor
5.837242160047649,2.5132683469102735,3.3799346682029663,1.1035921869490422,Iris-versicolor
7.00888012995345,3.0003510353751346,5.568176601009324,2.2190957410366234,Iris-virginica
4.750178939444152,3.256444355129643,1.398372870165704,-0.09089621625557429,Iris-setosa
5.591304358313143,2.6591170046438375,3.692386853895337,1.3075510321859762,Iris-versicolor
6.58766594220303,3.353271801271025,6.092886795123249,2.1779360713998246,Iris-virginica
7.905966399977726,3.976028015079908,6.875599541802488,2.095507698140441,Iris-virginica
4.6345646333611015,3.10939792950771,1.3261491897657078,-0.01188121200619266,Iris-setosa
5.3996898726653475,3.2317451915907838,1.8639700675374398,0.7570958109625461,Iris-setosa
6.747255328456018,2.7456482748741244,4.903047507629158,1.3998169829354723,Iris-versicolor
5.4548844261431535,2.8550779818570904,4.158681952666837,1.349230200690876,Iris-versicolor
4.486726293221726,2.9549440615295435,1.2466225189751887,0.10983155353395663,Iris-setosa
6.0724206114738655,3.0460240804032,4.658618429606455,1.8181684965728837,Iris-virginica
6.3475283761936945,2.763685380119261,4.696357171269531,1.7042380747469876,Iris-versicolor
7.6729498215026855,2.9777624986670315,5.805438449239673,2.195544041761587,Iris-virginica
6.058613638553275,1.9614899663140504,3.984867488130925,0.909088212622574,Iris-versicolor
5.077670970525675,3.9536743255782474,1.8281818347527914,0.1803350593086414,Iris-setosa
6.645877583690705,3.257070848595878,5.740800683207019,1.9829228582525376,Iris-virginica
4.984877095226585,1.9880021651003905,3.656331331021521,0.8115931656629467,Iris-versicolor
5.699096780389759,3.8027654896507364,0.9886226519324426,0.256311267966821,Iris-setosa
6.611314011422931,2.829931469564605,4.787652359233623,1.540443615270257,Iris-versicolor
7.04168205447815,2.7934625263989545,4.629039489191205,1.281711554506471,Iris-versicolor
6.747003737343744,2.7079486528248933,4.433150826844763,1.6766176080941455,Iris-versicolor
7.968894110386176,2.4910923227319257,6.72154712899602,2.313243941204313,Iris-virginica
6.196494164254595,2.0750492780186844,4.954167745340129,1.2635881645795546,Iris-virginica
5.264217302172518,3.3406934372849473,1.0310045867028874,0.20961039465434278,Iris-setosa
5.102965806439435,3.9806523230150717,1.6530539110034992,0.10386141678047889,Iris-setosa
6.514367777454226,3.267600180393396,5.4962421974124025,2.3734346509964475,Iris-virginica
5.738271362112522,2.672263636982536,4.174130239651594,1.4718861350905104,Iris-versicolor
6.045835971553334,2.9879312981334403,5.37807205961637,1.5130261380675756,Iris-virginica
7.114988522658308,2.9158647492813468,6.125825094839205,1.858686650268914,Iris-virginica
7.245216861855055,3.3643997956571097,6.133139388360433,1.5398182803383147,Iris-virginica
6.057765009776906,3.202039855986151,3.9493657648815628,1.5254267280535698,Iris-versicolor
4.889095629485181,3.777832836248908,1.3732445721849602,0.5888572087849953,Iris-setosa
6.999607389258948,2.9519400938061797,6.084563413212616,1.9088289185402125,Iris-virginica
5.372395113805162,2.314046169157305,4.198527594131475,1.5310258115695854,Iris-versicolor
5.8255399792468445,2.7382725118011377,4.634531410125688,2.0750028270995116,Iris-virginica
6.128456942016359,3.2769471598010576,4.022461097080408,1.5501274855041198,Iris-versicolor
7.115153909078546,3.066610687545073,5.792258148517027,2.471955389147577,Iris-virginica
6.759180293153819,3.0491358186160005,5.6288821772269735,2.316684368197279,Iris-virginica
5.321370986640091,4.253134707046325,1.1937841450782638,0.23622197828881059,Iris-setosa
6.6016834383980365,2.888349863431381,5.385418443812532,2.3519211122674353,Iris-virginica
5.343021435000563,3.367861303614598,1.397756946238483,0.1083371996914039,Iris-setosa
5.641779508136107,4.054052585583611,1.8724430220006862,0.6517625261683273,Iris-setosa
6.137531442578912,2.3248292109646282,3.9691750697769774,0.9647141141363444,Iris-versicolor
4.535660639946048,3.2020994962309586,1.3811816734236686,0.33740035551799996,Iris-setosa
6.162392689839209,3.5349728685218804,4.729216528081436,1.722726370014548,Iris-versicolor
6.771224347813728,3.153020577476005,4.926198875798359,2.2485950469567104,Iris-virginica
6.688791700257727,3.0971598460597556,5.359190983062457,2.1061999356234775,Iris-virginica
6.2332915703895715,3.327025637116231,4.484648550557173,1.4134677378962925,Iris-versicolor
7.514040249582395,3.0007940866978835,6.304571137920187,1.963200257155178,Iris-virginica
6.853702858388939,3.3458651880453387,5.547522687784396,2.387350066206947,Iris-virginica
6.437403070801145,3.0091038458985606,5.101440534808013,1.7486651481291235,Iris-versicolor
5.392992582244074,3.368374943850115,1.6391539338634062,0.424467674560128,Iris-setosa
6.4614332203686695,3.1281464164283643,5.7842869953261005,2.0571103266313444,Iris-virginica
6.0321853189595105,2.7985654740202013,5.144836976573128,1.8221381884147305,Iris-virginica
6.3203183460365935,2.816001161706006,4.911618666696588,2.210394071190117,Iris-virginica
6.420096635836262,3.213737154713709,4.706732507079866,1.7282349496158111,Iris-versicolor
4.866844339655867,2.2164057054682536,4.221445826956808,1.7988082019370537,Iris-virginica
,2.6318466664462234,4.91245325727554,2.4201460052742396,Iris-virginica
5.626882823089963,4.4203551091190665,1.3992965732544864,0.6266658697176075,Iris-setosa
6.926814408648832,2.8567592554258265,5.187944638345318,2.3892533961609463,Iris-virginica
6.539693949569159,3.256894067599334,5.328821607237976,1.7712642945766595,Iris-virginica
5.254217164470119,2.540725477920009,3.5042118132528124,0.8976582365693224,Iris-versicolor
4.70478944516718,3.351136797952599,1.2086812935197284,0.05588137417737657,Iris-setosa
6.661005170011037,2.5489737870554396,4.6312503862218755,1.241277466593953,Iris-versicolor
6.203987161652296,3.1287331480664244,4.849886723724548,1.6813864707285464,Iris-versicolor
5.1306961904806405,3.1710208135552653,1.3299395331395123,-0.09766905945693632,Iris-setosa
6.29770631134547,2.9283366618455284,5.0692336120157995,1.6424030644609124,Iris-virginica
5.755689312640511,2.0271244582901917,4.140574272328291,0.8035048821087248,Iris-versicolor
6.111217356943474,2.410441550566712,5.160078891409204,1.5199311087446867,Iris-virginica
5.357408864190088,3.271070506381116,4.262345839939986,1.4062628931378023,Iris-versicolor
7.0617230372203865,3.1222814444261435,5.56834290843877,2.4515613376874947,Iris-virginica
5.201562288699514,3.2338369178026394,1.3982204395084978,0.034761328775494926,Iris-setosa
4.874890861136341,3.4105037906024087,1.5060262671257485,0.743774208621047,Iris-setosa
4.961844929931427,3.0470283005121224,1.4798228428887914,0.13698968335705736,Iris-setosa
5.975439265288203,2.865439237964703,4.0109663277300145,1.222007085895495,Iris-versicolor
6.6979324753841185,2.9555133536554865,5.528610313235197,1.9993809608694095,Iris-virginica
5.573227941632045,3.7858215176493912,1.8624956753126622,0.520337534720712,Iris-setosa
5.518232444592232,3.2541899424809735,4.251629362459642,1.4107934003883245,Iris-versicolor
4.822827803629079,2.6854078958013834,4.37673251290972,1.9920823105033443,Iris-virginica
4.9995896655422545,3.3434911040549786,1.5937002406259122,-0.04418166119743733,Iris-setosa
6.9244071935757425,2.9460681329257565,5.849070163022472,2.5589896550924904,Iris-virginica
6.478006397584261,3.249465026180373,5.205731919721108,1.845460920758367,Iris-virginica
5.271141632226316,3.424136727378275,1.2781451983252121,0.04461592766641953,Iris-setosa
4.788664120331207,2.850514673680134,1.6063066061231646,-0.16869900144161468,Iris-setosa
6.479503812977867,3.309795580943576,5.607617137840067,2.546676859468463,Iris-virginica
6.537633037710959,2.965122872477963,5.52752524366037,2.1804763160337335,Iris-virginica
5.254597257513226,3.8035107270193382,1.206464517725732,0.0400146696274723,Iris-setosa
6.110401625223351,3.194549782928947,5.487971828673521,1.8783620418709195,Iris-virginica
7.4861603348841985,3.0196097437785787,5.985850415586398,2.078940675491021,Iris-virginica
5.231149490118143,2.437512717685199,3.5930513451587425,1.2488504662362743,Iris-versicolor
4.67063554149129,2.846363365253969,1.5397685393117824,-0.10853415485678436,Iris-setosa
7.682436492503877,2.7114137464609973,6.716620712590209,2.0036009155843018,Iris-virginica
6.365132347432735,2.60305461768462,5.350572363589415,2.382124864992803,Iris-virginica
6.575159596352872,2.629680730847051,4.378987259967525,1.1498721155693106,Iris-versicolor
7.895456201783042,3.082225149773331,6.35187790762282,2.1807360318740665,Iris-virginica
5.5968920373471915,2.962981543945653,5.264442502071123,2.474691200515618,Iris-virginica
7.490326206449873,3.8105790100706427,6.498440533411194,2.2460904764578467,Iris-virginica
4.956929135477266,3.3291131063685664,1.7229933385924867,0.3840299644304638,Iris-setosa
4.628128723479035,3.645677952038857,1.6073767593929984,0.38855316245933047,Iris-setosa
,3.137220871921489,5.891647537665397,2.490537850503829,Iris-virginica
5.647632794957086,2.2272963801208405,3.7103578634969097,1.0309514299366478,Iris-versicolor
5.259046719186539,2.3372845161038205,3.99762146642485,1.4028521624477206,Iris-versicolor
6.485966273642482,3.025918925445991,5.4904944185372,2.071481698814957,Iris-virginica
5.0775988776314485,4.2258798779619005,1.2717125939216385,0.33208969171207925,Iris-setosa
5.518937192750651,2.69871811123126,4.03349875700111,1.48161962376102,Iris-versicolor
4.981442141012495,2.2271577887671916,3.24122943476319,1.2836790772348252,Iris-versicolor
4.52712595597194,3.3298639651099875,1.0017758437114224,0.21159792132895278,Iris-setosa
5.939998945987431,2.6225693676848616,4.117236712681797,0.9330362119385216,Iris-versicolor
5.873895602091229,3.6045349673306237,1.6622452661123905,0.24672920073531923,Iris-setosa
4.623847328469665,2.7237402816535052,1.659177324158642,0.34945573909518735,Iris-setosa
6.451851827156022,3.0266054316279423,5.168994130606453,1.9727753481855577,Iris-versicolor
5.866262237794297,2.906884776511884,4.501191459679145,0.9603007753334688,Iris-versicolor
6.917380176345794,3.1077223347438996,5.8064504826769445,1.7804564158345666,Iris-virginica
5.41998380612274,4.616773706850455,1.2249476584083787,0.2538574972906957,Iris-setosa
7.17085969993393,3.5242539076936747,6.227714533653285,2.253435291471957,Iris-virginica
6.542956378742623,3.1382575966697837,4.240932984202782,1.306688182760728,Iris-versicolor
6.369583542093908,3.2559775772005395,5.120356584362381,1.788896621538862,Iris-virginica
5.618756531261068,3.092721544883549,5.017314465970751,2.067055684329194,Iris-virginica
7.175557452222957,3.4705885290793104,5.7394071301774785,1.6777361935785275,Iris-virginica
4.7080448591994735,3.3634960795384017,1.338941866816068,0.44742759650827624,Iris-setosa
4.7386891969702125,2.9154466479778334,1.6695215689600118,0.39713538167254403,Iris-setosa
4.55804835362358,3.1347822839360395,1.3085502340811228,0.3260506051628478,Iris-setosa
5.9761339847763715,1.902695079583196,5.002432779290734,1.6115638705720317,Iris-virginica
4.786199551023525,3.4862441531410284,1.697704263728462,0.41972003241829065,Iris-setosa
5.221862097052723,2.742981121590836,4.263656912461164,1.3687660689777674,Iris-versicolor
7.045757760474119,3.0807223010150544,6.068894096102602,2.0677318905097697,Iris-virginica
6.46704806886577,3.137171504085812,5.949044136213997,2.37749325318694,Iris-virginica
5.169443452741282,2.797578418577097,3.6790708213995504,1.459728403821884,Iris-versicolor
6.04868364559403,3.365296183706264,4.654979905057791,1.366223199839776,Iris-versicolor
5.6071283836129675,2.506705032737427,3.5293143367541457,1.2220265806070785,Iris-versicolor
7.741600860273668,3.5412477734507823,6.26739486607791,2.1975066846908864,Iris-virginica
5.8043787820559265,3.7458370265829224,1.3792107293790024,0.2660949282352953,Iris-setosa
6.193267259957947,3.272350575225416,4.799705693055378,1.9910344744429087,Iris-versicolor
5.676425755297126,2.8421875363802167,4.865262434843618,2.051763520230625,Iris-virginica
5.280652293073717,2.4307774902249637,3.715650550202068,1.3976710286677048,Iris-versicolor
6.44478734669434,2.3386750325249017,5.066478542074674,1.206907805581316,Iris-versicolor
4.993883938505921,3.5778135438507506,1.6145034212670228,0.4735056458210538,Iris-setosa
6.341791417266096,3.6538634593619275,5.416141262108941,2.3387445676242837,Iris-virginica
5.5078818824958296,4.016614516077677,1.4770433675195118,0.26021556799923745,Iris-setosa
4.863144092514163,3.195746944232558,1.6502812262160433,0.2714842954751288,Iris-setosa
8.006595461686198,3.7136561696889783,6.679767058948853,1.7244498032114,Iris-virginica
4.852848266108345,3.4768784406331017,1.589235927350033,-0.005389082151690122,Iris-setosa
5.905133713341966,2.8523228236057494,3.8565215766707883,1.1161640602336733,Iris-versicolor
5.373107017929592,3.609844671970978,1.248474896192539,0.3781477299329564,Iris-setosa
6.813293234033717,2.725410182253312,5.71015660115322,1.6202628618099706,Iris-virginica
4.615555283417149,2.9418081786566943,1.611716909555857,0.14560216836186468,Iris-setosa
6.442874614500855,2.844632283134392,5.364859741454725,1.2269104283680914,Iris-virginica
5.060742336102639,3.651850882177832,1.5044678874677786,0.5280664530555945,Iris-setosa
5.1984833761441696,2.5910523609920473,3.4046180245569198,1.0047921886869045,Iris-versicolor
5.062273525436957,3.8632824406627475,1.2765836655479155,0.1741806214323726,Iris-setosa
5.666208364995379,4.237648002965296,1.4558635290673019,0.407461484865168,Iris-setosa
5.013079511031629,3.7948899688959252,1.5885927660762147,0.26731760937592686,Iris-setosa
5.739300494220083,4.096664930648663,1.2050584659643426,0.44029201184066435,Iris-setosa
5.566408999751604,2.528619839576867,3.4413682755889137,0.980450783112537,Iris-versicolor
7.759433653762576,3.6078197616077348,6.808588712100658,2.2083875165310247,Iris-virginica
7.695746437580596,2.8001735924638576,6.211528684077412,2.4310954234953535,Iris-virginica
8.047480216416893,3.8355679881075493,6.194979218196312,1.774830666862956,Iris-virginica
5.76462428158522,2.622234822229192,4.033675747311131,1.054366958202172,Iris-versicolor
7.574438283248201,2.86671307175935,6.854182273078909,2.099607335208108,Iris-virginica
6.166784256705315,2.1447537803755656,4.290370298709695,1.2304330717623693,Iris-versicolor
4.572586047610754,3.0668373267554605,1.5107732254482336,0.42543807123072896,Iris-setosa
4.3940790350205345,2.9374951629701895,1.526998681916086,0.38433939047654186,Iris-setosa
7.140851554023822,2.8914658257269203,6.230027161685319,1.6119184230592754,Iris-virginica
5.38890631173823,3.3962531887818517,1.2734458903678514,-0.026651101952194944,Iris-setosa
6.710303640283687,2.839902936740613,5.597259999337018,2.345380290012125,Iris-virginica
4.94374076641945,2.6964594576326615,3.151957983421429,1.177520385863043,Iris-versicolor
7.053685839646993,2.9117935849015413,4.633265529060102,1.2671353912776038,Iris-versicolor
4.825190390270884,2.051506170559582,3.3040851142987413,1.2566447807994632,Iris-versicolor
4.987246909536884,3.9576365327651333,1.468180244878768,0.5693383305655121,Iris-setosa
7.90473456776512,2.9561102613019097,6.063967100884962,2.1509735041206457,Iris-virginica
6.829381917655842,2.813541353296753,5.017907566381047,1.6952632945563484,Iris-versicolor
5.779521840179822,2.8665495063716526,4.345825278822208,1.3770205616261004,Iris-versicolor
6.389755823400989,2.5455765639285093,5.343729442952855,1.8818037732056838,Iris-virginica
6.069683296228561,2.7496301463555644,5.2388689443025624,2.010572285021524,Iris-virginica
6.673952743314329,3.221934619296277,5.165579929337063,2.1152842644802727,Iris-virginica
5.437948860661603,3.366464343717894,1.795970618272696,0.14324404055375659,Iris-setosa
5.954781250077128,2.9821558871533376,4.960941176077737,1.6520467456449772,Iris-virginica
4.767988188318785,3.344229386306457,1.2954034521679263,-0.09056605099183862,Iris-setosa
6.060737679257186,2.2213798689101667,4.937807945925489,1.207231569507707,Iris-virginica
4.811054702146549,3.2805797015550393,1.5863399819616708,0.20462019834851103,Iris-setosa
6.240134873797752,3.12386579395092,4.705674114605072,1.604610413942569,Iris-versicolor
7.264158631673002,3.331891779735649,5.889352144042251,2.3817013193324335,Iris-virginica
5.691547625507488,3.598584359055796,1.2540600430618996,0.23219770367691173,Iris-setosa
4.912049157241782,3.3724809602431893,1.6020715439666449,0.8820258211239533,Iris-setosa
6.78643749207888,2.9368906359556406,5.2010812252879735,2.173540393178485,Iris-virginica
6.565495641042281,2.8057021847022874,5.085680490912859,1.7818273956710617,Iris-versicolor
6.0401881159673545,2.5177332223834723,5.839757561767996,1.5106960802103517,Iris-virginica
6.192971957600244,2.6630875014773414,4.667814974288076,1.4381046113298297,Iris-versicolor
5.395355742936139,2.2382550612357837,3.0547069099353035,0.809740411408906,Iris-versicolor
4.642624316924551,2.926038340460324,1.4166963258258325,0.19281952531002156,Iris-setosa
6.247399770379187,3.0931634595266537,4.702718898311559,1.703775618657333,Iris-versicolor
6.351005779125043,3.061075798464729,4.521624643362656,1.2289026744917129,Iris-versicolor
6.699225887706381,2.8518553200001286,5.063237638219767,2.5856534642059286,Iris-virginica
7.000084637481708,3.260728720202562,5.392847545952178,2.210720124844758,Iris-virginica
6.936054549733407,3.3853818655977124,5.878431106531058,2.370027654612911,Iris-virginica
4.83222582383623,2.56950773448578,2.8580665437172335,1.1317636140400302,Iris-versicolor
5.928785549923417,3.1149817571479947,4.320561939840267,1.549031512953769,Iris-versicolor
5.971736750501134,2.553561571280627,4.846332426380007,1.5694204344129443,Iris-versicolor
6.228806672901978,2.6716641745782703,4.5110614684063846,1.2291324324707746,Iris-versicolor
4.568244288552885,2.407729270680577,1.0604232265073126,0.5812774396238454,Iris-setosa
4.389895588963737,3.1109199368276528,1.062965838014648,0.07161621219916578,Iris-setosa
5.24078625578787,2.315985250167608,3.895987937951367,1.0994223977567077,Iris-versicolor
6.050757524033852,2.7204517097322625,4.543851205850448,2.0905022753406235,Iris-virginica
7.566376029447498,3.256411795249616,6.325587437878991,2.1143577773149644,Iris-virginica
7.730648462600815,2.3879010294609415,6.636238352588668,2.024362731869091,Iris-virginica
5.078903692314942,2.8223683148876426,4.136209607680085,1.3642880248920253,Iris-versicolor
7.113010828841163,2.7125625006950735,6.06112913220154,2.1028073133037495,Iris-virginica
5.468602791207459,3.675224872685864,1.4388058395204983,0.06761685611174961,Iris-setosa
4.986554129691293,2.821711264487812,1.3170587509067655,0.3716267123277506,Iris-setosa
6.093959039772062,3.0793297299967812,5.103638101596223,2.527303412965622,Iris-virginica
5.485294343317398,2.5396729220357503,5.260431410492579,2.061282343116577,Iris-virginica
5.53058073256864,2.9303672471180873,4.269998127367729,1.429720343527948,Iris-versicolor
5.666083530195787,2.7789155218798594,4.050115482223298,1.3961821697842578,Iris-versicolor
4.856819982718435,2.7554465163783854,1.6852780786795702,0.31511965191011204,Iris-setosa
5.529898556744873,3.276526552690365,4.140361954011506,1.0601372753744633,Iris-versicolor
5.490871946952668,3.1679929269971248,3.8533957002884476,1.0161702963392154,Iris-versicolor
6.737781796851529,2.940386954166659,5.641610649067589,2.3380853426089074,Iris-virginica
5.041388435182298,3.4676711562659235,1.6303944910638422,-0.07440013051108013,Iris-setosa
5.311875359018111,3.837575152495652,1.4994759255283299,0.08991157035322209,Iris-setosa
4.826146919663713,2.1760560820838264,3.3455027506886896,0.9867174986398279,Iris-versicolor
4.940425349052508,3.2061900015613736,1.6421468369509777,0.45518461913469066,Iris-setosa
5.7281622841153395,2.933771722206072,5.098686803559871,1.8735455658910989,Iris-virginica
6.636176562820933,3.2835617845235805,5.456446611359958,2.2068777580378205,Iris-virginica
6.40537105698757,2.9837668072039474,5.022531663075057,2.427118629253595,Iris-virginica
6.6042775530173925,3.1513657301168694,4.661359769893057,1.3797788158247433,Iris-versicolor
6.341138518256273,3.1917725816659024,4.225097662579006,1.546516545547819,Iris-versicolor
4.667773838011235,3.6625438490214073,0.9128206591726001,-0.082874523421816,Iris-setosa
5.597154135676029,2.571312126675921,4.483845715353566,1.364017919143386,Iris-versicolor
7.946190285451778,3.277689961983814,5.96226468393528,2.1274420959585068,Iris-virginica
6.794337515007636,3.008959878592731,5.494538013968601,2.356617157388415,Iris-virginica
5.645134903911996,2.819295370563302,4.486228480986377,1.5899600235116949,Iris-versicolor
6.483439972777584,2.7848971035308643,4.949164597771867,1.4554661079592108,Iris-versicolor
4.872031694413536,3.6488989430085255,1.3238189103881997,0.43302461425074495,Iris-setosa
4.846133934215976,3.1309433311485195,1.7291102039861124,0.40296041979700387,Iris-setosa
5.382338221539127,3.555485126540731,1.4029603919326514,0.2364648892290619,Iris-setosa
4.827450787861046,3.3360025935771027,1.2349523720498152,0.36181404739376166,Iris-setosa
6.4658839411631766,2.9763015656833707,4.975393782242795,1.6248435763244613,Iris-virginica
6.159256709731721,2.948356918686868,4.861564950721368,0.987339081070836,Iris-versicolor
7.070759903197098,2.8003609128891314,5.592545185014365,1.811020231208802,Iris-virginica
6.221624781815349,3.1777792037523733,5.061621408115562,2.275701509469724,Iris-virginica
6.059518947575246,3.159033481045207,4.943626666838901,1.8370623855967598,Iris-versicolor
6.7242798458667234,3.0816768320796184,4.809693215082973,1.6555302607822686,Iris-versicolor
5.360477563395247,3.2559020331707633,1.6674664131602472,0.3482398229507614,Iris-setosa
5.558059442521477,3.109597425721085,1.4164838181523076,0.11459188445990942,Iris-setosa
6.549515099347746,2.733316067824845,5.117344762673542,1.7192368550604202,Iris-versicolor
4.891036122445912,3.2373343536180816,1.2138832529464858,0.5644577166885971,Iris-setosa
4.774357101349002,3.1061708495151246,1.6125213221741173,0.08888412765546316,Iris-setosa
7.445707109204273,2.694066872379937,6.7204403660270735,2.4342018166674997,Iris-virginica
7.379912673074665,3.466396702711071,5.890818693090317,2.552660985879531,Iris-virginica
5.874029372030654,2.7053185442409116,4.282499450737361,1.1574658725840559,Iris-versicolor
6.207641138258044,2.78399519166743,5.375975938028947,1.884004384944136,Iris-virginica
5.8548995352356075,2.505953429784657,4.851499473865141,1.3674277411493132,Iris-versicolor
4.903582296098725,3.1491109887834385,1.5875591426007691,0.320544570551246,Iris-setosa
5.36005084779802,3.883293568063147,1.7956037212488882,-0.10838071717279238,Iris-setosa
6.786203823075063,3.2993621823800985,4.664939151922368,1.6767447595351035,Iris-versicolor
4.785846190323278,3.263697059029062,1.1527832758028254,0.1327757479321823,Iris-setosa
6.9793486811018495,3.2326583551294337,5.633523667093781,2.3615246734567426,Iris-virginica
6.269754843415519,3.42889503378514,5.230651144968175,2.3447312366003166,Iris-virginica
4.70249739716817,2.762986143436557,1.1861244874782368,-0.11510673564765819,Iris-setosa
6.306096697665157,2.9774557971696485,5.238851062320666,2.492782442812734,Iris-virginica
5.873318230041423,2.7771868595831743,5.664752066620399,1.5421385112875639,Iris-virginica
6.447346873614086,3.3638700642186214,6.1648374328003115,2.3473425912563437,Iris-virginica
4.488088235012429,3.197931996194466,1.3338936622323483,0.2689448680702749,Iris-setosa
6.0644025361468685,3.081757921081962,4.060879262198686,1.225663331433047,Iris-versicolor
5.898135688577605,3.8489722573510003,1.388345119953062,0.3109499824526544,Iris-setosa
6.350266246524136,3.040913323841904,4.635780043873966,1.3325177746575323,Iris-versicolor
5.32927769997147,2.636882305969348,4.836747044199896,1.7997787814867865,Iris-virginica
5.586270410266409,2.573404875001627,5.115132864273432,2.6451900780942648,Iris-virginica
6.904671695141353,3.7428113510802365,5.828303943577722,2.2344261050327234,Iris-virginica
4.333084945659343,2.114555309559265,1.3182642295385565,0.4611587228865287,Iris-setosa
5.642570312890157,2.8859170388723556,3.974263639864143,1.2329709695155293,Iris-versicolor
6.174746540363869,2.432661085122575,5.119143670069892,1.8585305638500826,Iris-versicolor
5.2732363390214125,3.2328193384746586,1.3393554330443436,0.15057224909079264,Iris-setosa
6.305191429066394,3.1927734254878652,5.649936570068638,1.9939670334311514,Iris-virginica
5.8352227504416945,2.85964332319274,4.8432887109901035,1.8644709833824151,Iris-versicolor
5.067854162689705,2.270237582556625,3.527956451224734,0.7728950942036921,Iris-versicolor
5.003583434168427,3.677453504105794,2.082870895556515,0.3756249183689231,Iris-setosa
5.290320700601952,2.2893331854062295,3.7013719793151907,1.3124226033332727,Iris-versicolor
5.583891228446062,3.988857460181541,1.5446951642276188,0.15836007449515777,Iris-setosa
5.590588542602305,2.4541127521836112,,1.0663919364755574,Iris-versicolor
6.46409387161402,2.574918171707205,4.769563281733632,1.229193237038416,Iris-versicolor
5.6362849661559995,2.773083263098197,4.617767024832433,1.540421074336681,Iris-versicolor
4.806995356678627,3.6077002746136166,1.3203906367246994,0.05900056231663975,Iris-setosa
5.67901699592049,2.468974724877012,4.815264652847747,2.09477259616874,Iris-virginica
4.723370181100806,3.8138308232003113,1.2903672497504033,0.30337277629482856,Iris-setosa
7.4077923346815675,2.902327997723398,5.713861620279989,1.7396361618814564,Iris-virginica
5.702707783602942,2.046413983417896,4.720554563043505,1.547630267755594,Iris-virginica
4.860450129326846,4.061968824658304,1.3309015960241608,0.10785367268517962,Iris-setosa
4.967190641831398,3.702601973385031,1.7024444542539172,0.4623910288635327,Iris-setosa
5.002906475970304,1.7557041069481314,3.7981613323792263,1.2607428595072405,Iris-versicolor
5.984213054909293,2.498870497191657,3.550805286739938,0.7256080443838797,Iris-versicolor
7.857780458870464,3.0481371771422703,6.346215524791889,2.0595152065504325,Iris-virginica
7.6469982860430745,3.686540629457587,6.83833039519519,2.01927646015281,Iris-virginica
6.193879500844292,2.7993671771266455,5.508276697111645,1.594248049418082,Iris-virginica
6.581314090960212,3.0066032040744037,5.290667057875781,1.7783907306851006,Iris-virginica
5.189766707875224,3.438623088940406,1.48809192559667,0.2725319139803845,Iris-setosa
5.169569300888803,3.173582816008669,1.9757611906779808,0.04339343974929727,Iris-setosa
4.664138416252356,3.8779379205072178,0.834150881103628,0.4048659344882348,Iris-setosa
6.044589057665524,,5.161648481059363,1.331938120121016,Iris-versicolor
6.113740513854395,2.6793055666704024,5.049652496851339,1.5538605909117755,Iris-virginica
6.635952621657888,2.8945055648024782,4.134417921147216,1.108767292518701,Iris-versicolor
5.234907441392544,3.98181696097653,1.433478168438183,0.39146075583392437,Iris-setosa
5.173697859335155,3.8866386926603185,1.3173361987211432,0.17093264335853323,Iris-setosa
5.649890528735393,2.5260987212796406,4.304260702840717,1.4624935131564951,Iris-versicolor
6.826179698643948,3.234626239893041,5.438773053257933,1.8652771418276661,Iris-virginica
4.70690837570328,2.9262653658400244,1.3353961811953912,-0.03354848821841955,Iris-setosa
6.481822875821932,3.191791659146583,4.383631403725355,1.5371950249459454,Iris-versicolor
6.545246410684523,2.936850675503965,5.811924658665034,2.3544764479032065,Iris-virginica
5.934116806163646,2.6130697657829796,4.395968392186833,1.274893148263327,Iris-versicolor
5.475982977014235,3.3979131351842393,1.4833781309634202,0.16871680984153253,Iris-setosa
5.893759696277074,3.22006854613605,4.378580111050188,1.1921171040385612,Iris-versicolor
6.660056956905585,3.0569639194308644,5.940204570797756,2.547307904388232,Iris-virginica
6.502624417314392,3.2631581149018527,5.5336156635676605,2.224786484758801,Iris-virginica
6.787412261232465,2.981667155245504,4.971661053483561,1.722861491287033,Iris-virginica
6.311782687621405,2.8635124730198385,4.156290741932758,1.4208359927537626,Iris-versicolor
4.946305392625414,3.544702627521704,1.4855856298446435,0.39377097302480424,Iris-setosa
6.137548815119418,2.2240290507646754,5.013443603773076,1.681056396587851,Iris-virginica
7.415796309207014,3.4081266954702754,5.870567799520331,2.3747985211514053,Iris-virginica
6.340878931892979,2.7811928903380405,4.936158381821626,1.7448980636234217,Iris-virginica
5.557034537455104,2.47771847988611,5.213284304049111,1.938461701367796,Iris-virginica
6.294812986261167,2.276711704002393,5.036566685166326,1.2297535277767757,Iris-virginica
6.195451822596982,3.164869240174017,4.577315401767214,1.356302016933318,Iris-versicolor
4.851438544520826,3.3830517920920036,1.5226884920057078,0.06691551305813767,Iris-setosa
5.6436712881387985,2.644735949279933,4.698252889111415,1.2388503830824236,Iris-versicolor
6.640521573844824,2.76503140420736,4.590650338940591,1.000332058990912,Iris-versicolor
6.006052960385133,2.6235242840485067,4.3112886483773,1.435486002242394,Iris-versicolor
6.69790034755474,3.1068326009593346,5.01507298027799,1.3939183034285136,Iris-versicolor
5.60641770999429,4.143650388171572,1.181793707160574,0.1338592811201894,Iris-setosa
5.09751612978058,3.378570633766048,2.1198848690136227,0.39640709511478983,Iris-setosa
5.249744940033448,3.572688174495139,1.6983781880426536,0.19536963066441781,Iris-setosa
4.501943069144402,2.979576768911817,1.2495968215377462,0.4763341329070917,Iris-setosa
4.811748815358806,3.6567702110392792,1.5184658359219625,0.14979748795556255,Iris-setosa
5.771828951862109,3.4874420201832614,1.011584137155112,0.41995071266409345,Iris-setosa
6.142712883412868,2.232025137729856,3.9296149086429804,0.9432630242133733,Iris-versicolor
4.0169745564959785,2.7419436401888553,0.8181613730221774,0.050584496871333345,Iris-setosa
5.105561261471602,3.958711495602036,1.7448569663413491,0.15256852613606636,Iris-setosa
5.351326363495061,3.6074795338137804,1.4023442986936816,0.4290850710779436,Iris-setosa
7.463112567347105,3.225768528525539,5.9331157391322895,1.35791975499137,Iris-virginica
5.376511109372629,3.570934443027212,1.342564979320331,0.3335632831396282,Iris-setosa
7.315346403067788,3.2364944474872024,5.711225423295514,2.144848108411314,Iris-virginica
6.02720999492628,2.400026139679188,4.482113166535632,1.3147442710361643,Iris-versicolor
4.990184766772461,3.6840888467029655,1.7375871071244549,-0.08245365434122531,Iris-setosa
5.493372180385949,3.6043060991306497,1.2718244921186352,0.45077744848700707,Iris-setosa
7.494066723681603,2.7218375800910524,6.350645891509969,2.157988515561916,Iris-virginica
6.239931104642845,2.5008362498045207,5.027288930371807,1.8904468858684633,Iris-virginica
7.839847707622037,2.7207456542985167,6.907255260102122,2.2247482410108956,Iris-virginica
5.6818974822851755,2.7824960278330986,4.25024452897088,1.3941335545047695,Iris-versicolor
5.275209181801532,2.8932872447782962,4.672746550085894,1.38970266343175,Iris-versicolor
6.511444284871655,3.024024014420348,4.551255448103509,1.7578183938964274,Iris-versicolor
5.703333127662337,2.7604812938628718,5.3649726220781115,1.3898715323465176,Iris-versicolor
5.701350920133772,2.650494276107815,3.6550665679984213,0.897165896686311,Iris-versicolor
6.867276568490827,3.543899254480759,5.669945171811702,2.6283967102392434,Iris-virginica
5.450445569030715,2.4193710894928953,3.681783721235089,0.8363354299770516,Iris-versicolor
6.00324617087515,2.344185068737607,4.150391390512122,1.056145262425729,Iris-versicolor
5.440842277996085,2.8798441788084714,5.028044152671034,1.791100536765473,Iris-virginica
4.811257697556469,2.8795324061420686,1.1492345575185041,0.5658401558529955,Iris-setosa
5.273748380578185,4.109231178539868,1.1461687875955227,0.1825516065404612,Iris-setosa
5.564271697864367,3.3019953709476644,1.4744454850462212,0.5513145803474502,Iris-setosa
5.875149718832031,4.474489320256069,1.2090733402331182,0.45850410225839694,Iris-setosa
5.649626234007955,2.834721513630344,4.251361618541125,1.1394244220301488,Iris-versicolor
4.95746505095289,2.7801187814685497,3.210214165108739,0.8395229160121856,Iris-versicolor
5.459585680121788,2.5706412157889127,4.772136164167383,1.8443567527697304,Iris-virginica
4.726634310689487,3.618467591755669,1.467859300137296,0.5833427262976401,Iris-setosa
5.270044150578221,2.110390281786628,3.2511058619097963,1.0010038197581135,Iris-versicolor
5.057403063376135,3.4740279193695667,1.0478150187608344,0.12441592488071959,Iris-setosa
7.511207327712637,3.884676305014523,6.971322312045136,2.1970862080216382,Iris-virginica
5.12005979466462,3.4738852496254973,1.2354022008547374,0.4863194669479084,Iris-setosa
7.813805101115604,2.618439157612149,6.473733972871147,2.00812100333741,Iris-virginica
5.918448623536788,2.618476708488446,3.9775729680098704,0.8904142171982298,Iris-versicolor
4.364213632439455,2.1598038247360862,1.4938707554495327,0.07272673261618012,Iris-setosa
7.187499474947706,3.06116538234772,4.906284945056967,1.3542525514243582,Iris-versicolor
6.89773321656945,2.939454550331854,4.315978592128274,1.0072190571904274,Iris-versicolor
6.652393369475383,3.262542573785617,5.413844020022553,2.278757352954822,Iris-virginica
4.668285902670323,3.3474665048746344,1.2633432739091137,-0.09169594215087792,Iris-setosa
4.121855365629511,3.2615409310297805,1.508516830908663,0.02392605650306623,Iris-setosa
4.369670873184208,3.8955860461274563,0.8610918677397589,0.44862910288700875,Iris-setosa
6.960065251688478,3.200914041873312,4.5148254309333975,1.1599623469711018,Iris-versicolor
4.782663905061635,3.0535790148329394,1.4151226726823813,0.3341141386103085,Iris-setosa
4.758855120223465,3.223201691674251,1.414122697480706,0.08538270769869652,Iris-setosa
4.521803112394205,3.033438935824189,1.4786015684803817,-0.1097581323388516,Iris-setosa
5.562733226558458,2.4579860878046764,4.047481283464232,0.9375636044647826,Iris-versicolor
6.36444825961733,3.1759044817377498,5.788340501838387,1.9368394180013158,Iris-virginica
6.399873681233488,3.151417923033029,4.132779000183385,1.4124060073533697,Iris-versicolor
5.567003101320966,3.0540048890074134,4.338084873557109,1.2436077365301597,Iris-versicolor
6.7072320939019265,3.1475627624855056,4.941057333777498,2.0659839432961884,Iris-virginica
4.501044994592636,3.1467206264017826,1.1315918298911116,0.24833925317339603,Iris-setosa
7.538248013004364,3.5137990673586685,6.661939270211158,2.27165196982094,Iris-virginica
5.911460189810934,3.103590463970034,5.203071345413877,1.7067865367937747,Iris-virginica
6.39214451794652,3.0633858352583934,4.6187573520129925,1.5134367026612525,Iris-versicolor
4.846792293564739,3.696825465079471,1.31846852291453,0.004744704675112177,Iris-setosa
6.951366805670414,3.2255863571509242,5.095709485153876,1.569516061262687,Iris-versicolor
6.445632125549289,2.4762450524640993,4.624365791131021,1.7111369481640222,Iris-versicolor
7.111480973466892,3.8924770454299416,6.150221157491769,2.531070067556878,Iris-virginica
6.214019853023554,2.0700029155408965,4.541271685449009,1.6803616390016067,Iris-versicolor
5.524884511111317,2.525656574483103,4.0027412330387975,0.8681536320624652,Iris-versicolor
5.719762083027895,3.112768796146246,4.5515697805469255,1.2584361785064258,Iris-versicolor
5.316805855229238,2.862852638441161,3.93602200795282,1.232160813909083,Iris-versicolor
6.2933288336358455,2.7925405682982753,5.481751740681845,2.2992495149140293,Iris-virginica
4.713914890868485,3.665561996380078,1.4138782998522503,0.37306033222660684,Iris-setosa
7.936263320616875,2.9066921612043437,6.903722729748126,2.0671935590218053,Iris-virginica
5.194218911106111,3.4829479573940905,1.3425763729514402,-0.01664780185372905,Iris-setosa
5.119285480518918,3.4872442460580393,1.1841133640632315,0.1754075478617984,Iris-setosa
6.5430674913769185,3.456292018146796,5.331781574912599,2.470376326537218,Iris-virginica
5.189362274889764,3.7933856597718827,1.4792182796435347,0.38149709676424154,Iris-setosa
4.6072020588286495,2.811620221833862,1.7938406900619028,0.09537696388336733,Iris-setosa
5.789024323536888,3.199109127417416,3.911296552629757,1.207001185699386,Iris-versicolor
4.679865317325503,3.2062695418616896,1.5966715391003565,-0.01844843734624238,Iris-setosa
5.093899681110684,2.7521537747437868,1.1746453590898875,-0.0631705714773926,Iris-setosa
4.347846048625855,3.2624729523281064,1.2814553710811087,-0.03088691173176969,Iris-setosa
5.3796441632587415,2.8980547306852817,4.3305554543156,1.4036215410964765,Iris-versicolor
5.347745769566802,2.8001199062937676,4.639319308809985,2.2706804451865805,Iris-virginica
4.5205044659418805,2.9726363658061237,1.3980122054383597,0.12158420565903408,Iris-setosa
6.826459715159504,3.0045961811937723,5.4319243827834045,2.4808067980551254,Iris-virginica
6.657700413590168,3.2844995177103535,5.23603522088274,2.099433435307898,Iris-virginica
5.836091562930328,2.732346210259021,4.418780665641982,1.5534725549513382,Iris-versicolor
6.009463485465,3.0283135256883185,4.720003802943066,1.5405755465204782,Iris-versicolor
6.949708666188485,3.1586810341605442,6.180180040834647,2.030686917657829,Iris-virginica
5.681399080642985,2.4554713370680887,4.349997536550055,1.3224326097398311,Iris-versicolor
6.226873361370483,2.692144472588139,4.992336294691767,1.1589246311729302,Iris-versicolor
6.697064436407542,3.096246749165905,5.15855746882948,2.269209353373703,Iris-virginica
4.739884039215904,3.207815880037633,1.5152975008929612,0.27218614545538217,Iris-setosa
7.149886445641928,3.2890361845910214,5.670327870819743,1.8975620003937932,Iris-virginica
5.911935260035776,2.955838972652771,4.04563410271738,1.3843369276686102,Iris-versicolor
6.3886679679612906,2.8141641070292613,5.460260820002922,1.8532750087351149,Iris-virginica
4.880366483134476,3.290090960645624,1.618288218424977,-0.07054254532410331,Iris-setosa
6.218705364769921,2.5221857727574784,5.018474718853579,1.7597536213153262,Iris-virginica
5.733447237642169,2.215060731728756,5.0048711605884755,1.2823098352707014,Iris-virginica
5.706020141859796,2.309006471132742,3.7510648618238456,0.9103109931727569,Iris-versicolor
6.504216225478168,3.3655187748490345,5.688183728569477,2.478804693882824,Iris-virginica
5.051409444353567,3.2307263863278566,1.8596752760730768,0.5132778552531956,Iris-setosa
5.966830466925036,2.9963889867475,4.950717250759113,1.1028902091427177,Iris-versicolor
6.105027773950337,3.087739705112651,4.502125205832358,1.5761115981586082,Iris-versicolor
6.686519736348534,2.771817008820761,4.18720835409677,1.1348735344773189,Iris-versicolor
5.193727114075659,3.360284536229955,1.1394845612194355,0.3755356129441623,Iris-setosa
5.690789760067589,2.9260889948868716,3.962423379925799,1.1420493060721126,Iris-versicolor
6.206949313985915,2.666662130684601,4.669824290959286,1.9205554679741055,Iris-virginica
4.6984133107976636,2.8207967734584116,1.622829827818218,0.27655757093867395,Iris-setosa
5.034380129110832,3.3271923065689255,1.6211924696639826,-0.1263766384631932,Iris-setosa
4.562143692480035,3.243379786564528,1.5235385044146743,0.5508197546925433,Iris-setosa
4.6510289259568856,2.539372359780509,4.790124048879476,1.462600162538101,Iris-virginica
5.155043075541499,3.9293728243647057,1.8929439967508932,0.06273956953836415,Iris-setosa
6.1530126431179095,3.3875607086704456,4.753908429655039,1.8867285318657563,Iris-versicolor
6.586263855145835,3.0576867401552192,5.1353215724720105,1.693403089814539,Iris-virginica
6.516373505628302,3.0602314675892996,5.744170329873103,1.5269058494211116,Iris-virginica
6.424141368206267,3.093250256396545,5.834890212670243,2.4779543357201628,Iris-virginica
6.637211194681687,2.99058682625861,5.08869318987691,2.561798779807589,Iris-virginica
6.605175748672784,3.040151272273898,4.432369042154114,1.6722632563135158,Iris-versicolor
5.778852070138469,2.6859120736829096,5.321999616656016,1.8172831461175687,Iris-versicolor
5.4165183847076355,3.6290624918838574,1.8329018499762257,0.3420925056164504,Iris-setosa
5.842958243912607,3.675263147631847,4.291678121163799,1.3444350602578525,Iris-versicolor
5.081822974709066,3.712799200893052,1.6183255566047388,0.3891698356315446,Iris-setosa
6.070817191443914,3.1340906953809453,5.467360496864482,2.1746895931298824,Iris-virginica
5.254411552517721,3.9834962523272073,1.5894725888169376,0.3140948140338254,Iris-setosa
4.271593101880372,2.898743318196137,1.3578824434641257,0.24625560026910898,Iris-setosa
6.548344540970107,2.9761714302730513,5.731896151315692,1.9201802722580137,Iris-virginica
4.807427657950581,3.67320523141663,1.4175572884330212,0.5168130009017852,Iris-setosa
6.329345093751905,3.0766671441732054,4.9267798598590815,2.0884238954784924,Iris-virginica
5.129078263735299,3.3734742546462773,1.3477543125952607,-0.07096786627415674,Iris-setosa
5.2319061006023455,3.9986254052333186,1.5872756903998209,0.3758330562923743,Iris-setosa
5.876937056681394,4.036539065340167,1.2867182493567508,0.022662778056819544,Iris-setosa
4.244000687194246,2.7758446399548715,1.0522890321164327,-0.1590898159223327,Iris-setosa
5.982313981887075,2.765540339889001,5.191266461639144,2.1280063896486525,Iris-virginica
4.743890783037036,2.3390619138301134,1.0835055149792008,0.2577561672101575,Iris-setosa
5.348214906950854,3.4602342569604216,1.639298302021887,0.01698836730386505,Iris-setosa
5.2510816138924605,2.439705302264941,3.983882799408418,1.3525249094177902,Iris-versicolor
5.760509277056885,2.9311021520356526,4.12795594607374,1.4848243502979195,Iris-versicolor
5.153073499081939,4.03164337659991,1.030389855887332,0.6200178439316024,Iris-setosa
5.240753735526719,3.2049560905214607,1.5265043848127435,0.19013965260040722,Iris-setosa
5.938277616847809,2.703176193906922,4.666180574040516,1.4850571672218678,Iris-versicolor
5.519850259553706,3.5245252271432084,1.522075836215995,0.4508884718120332,Iris-setosa
5.3762422279628135,3.199949018182945,4.563732424938461,1.4916964029219821,Iris-versicolor
5.2060031754815945,2.300332614726002,3.5392409413434036,1.002239141747252,Iris-versicolor
6.032159221815152,3.113891819711022,6.213414751480818,2.794983156539525,Iris-virginica
4.7713718581484015,2.278508773104825,3.2276368242706344,1.0397666503748788,Iris-versicolor
6.7775152381586246,3.2277762895300746,5.88204705752157,2.002594816541418,Iris-virginica
6.105806788515014,2.039921814641959,4.76423681522928,1.7832020607417225,Iris-virginica
6.240456316607122,2.3438208155094413,4.845494490933152,1.6308549846322353,Iris-virginica
5.519932815454689,2.6652348631818317,3.8364458225087232,1.240304983815074,Iris-versicolor
7.7348779332760875,3.283299489811253,6.172550613833749,2.0055670274907307,Iris-virginica
5.630197501805757,3.3294236328417894,1.0308926440751964,0.05878900029730996,Iris-setosa
5.11183300735912,3.492297727123713,1.5598564346437784,0.09001551441437008,Iris-setosa
6.183621028092429,,5.7956061483045875,2.2616012493729043,Iris-virginica
4.8495570417505105,3.78709240317814,1.6690771406899847,0.28031976279221793,Iris-setosa
5.444939787775812,3.3453708693930375,1.6768003080351286,-0.042812688801396215,Iris-setosa
7.3409993460325556,3.4212896941525166,5.787471315490114,1.517352361687362,Iris-virginica
5.040754715615261,3.163835942706398,1.676784127549053,0.16740826593269167,Iris-setosa
5.568254517932438,2.6496148179483607,4.638588106836222,1.1959718197826033,Iris-versicolor
5.099924476130263,2.4354747395630727,4.675766164526518,1.5986479750221487,Iris-virginica
6.8601151803796085,3.371280072649463,4.926839141848717,2.4376882641612965,Iris-virginica
5.0279840224041195,3.0369966628545506,1.5692067423177423,0.0667719533178123,Iris-setosa
4.42361423011807,3.019507205996736,1.0103199558790747,0.12624979384115853,Iris-setosa
7.632995352250121,2.8068018561875765,6.00817498487071,2.2236029773747488,Iris-virginica
5.117622516320086,2.866123917842074,1.7076079629275633,0.4198689487738154,Iris-setosa
6.644306505101806,2.8849189555278807,5.661290267709004,1.975854088536662,Iris-virginica
4.316906638281756,3.1854709132648016,1.4558927424775532,0.255764583611753,Iris-setosa
4.815664586376982,3.214618154446288,1.7994479922807272,0.0903053023456889,Iris-setosa
7.242602527755069,2.762835107691709,5.87785824362902,2.0611404662341934,Iris-virginica
7.380593807007753,2.732927505900998,6.604608109544479,2.047566340959482,Iris-virginica
5.705279191699169,3.125588754195837,4.6451103119506785,1.4529246408916296,Iris-versicolor
5.723857868438334,2.639267715121945,4.191917107533713,1.3873890564799312,Iris-versicolor
6.5573712170609095,3.0002785599752677,5.560566412902686,1.8231771863364012,Iris-virginica
4.964558093895814,2.439435338116418,3.2604033915461805,0.8334752456653787,Iris-versicolor
6.832574386507825,2.8827718800194244,5.003054118486987,2.2260711543393983,Iris-virginica
5.884628013357186,3.017253396406215,4.53756993173047,1.5346934879057799,Iris-versicolor
6.02069081181376,2.7859819310931764,4.339925116210023,1.2915571900136733,Iris-versicolor
6.257310145198989,2.5099089594613444,4.857080429087509,2.075740532986356,Iris-virginica
6.282455682735782,,4.2051915257559696,1.6874760509601099,Iris-versicolor
6.784803027088005,3.240650261724065,5.531944527722908,2.2657363788423335,Iris-virginica
6.7298989888641865,3.222757320603097,4.722128147153079,1.5358600046235746,Iris-versicolor
6.272198566743601,3.12883502355555,4.938132242177885,2.0654904976862065,Iris-virginica
6.120958510076057,2.0537148128623754,5.078169904896444,1.2916500533216986,Iris-virginica
6.405366962662926,3.477998296156632,4.9714286211386804,2.155179092659621,Iris-virginica
6.211641271602585,3.435630145155746,4.825806945810619,2.04787465456879,Iris-virginica
4.584430196241238,2.8919783846582865,1.5855907985927058,0.501721385291035,Iris-setosa
6.552726079051061,2.947735740147793,5.2610657508659235,1.8010977818538656,Iris-virginica
6.4886256724649485,2.5506166858879427,5.368343593373853,1.7919931354364205,Iris-virginica
6.428739576550166,2.2837762535040818,5.19517327016728,1.5096576820160845,Iris-versicolor
5.26407750977617,3.6887439126331,1.4767129208332377,0.521405170209296,Iris-setosa
6.64569270708826,2.8761907750629816,4.520972897606953,1.6012350948079712,Iris-versicolor
6.341462369430614,2.514960734304179,3.978160586066785,1.3510286137753242,Iris-versicolor
4.751053841393301,2.9743552550902392,1.5535584314819162,0.30052168058329254,Iris-setosa
6.69563862808663,2.9473685094320006,4.718103312453101,1.6852889441135293,Iris-versicolor
4.854440923322905,3.4226532317323324,1.2662492018839353,-0.026414086273561066,Iris-setosa
6.179251831346649,3.0218875206425215,5.084511251268678,1.9689708761582945,Iris-virginica
5.359829048081812,3.6193315911127706,1.621001703290645,0.6290421627880549,Iris-setosa
4.885008441792011,3.74430686634015,1.5781626923009404,0.8991666372369449,Iris-setosa
5.991373201682061,3.524906836973889,4.478497096691525,1.4977416641312602,Iris-versicolor
5.765591791506461,2.9220121078411303,4.686341813382114,1.2491370561805204,Iris-versicolor
5.539861146449269,3.938825322678249,1.943619132330151,0.24407269684795624,Iris-setosa
4.593377883412438,3.3049608319020534,1.4213218027223298,0.26094931868069504,Iris-setosa
5.596825472796991,2.754401060804491,5.264605809197224,2.258464973710669,Iris-virginica
6.38944127940316,3.232135930043838,4.588418833227602,1.6301562245655186,Iris-versicolor
5.711201619356701,2.4019526815697114,4.407792909802429,1.3945262873551183,Iris-versicolor
5.601810956397817,2.618028447463722,3.6822474671614946,1.3048487131222093,Iris-versicolor
4.9852701006279,3.4444761330015212,1.5355717936632003,0.22402911180329604,Iris-setosa
6.318934681171498,2.6481002536882747,4.250200516281814,1.1078601543199342,Iris-versicolor
7.14468819543623,2.9261506235546966,5.948998712030081,2.116524779417016,Iris-virginica
5.714765971927959,3.179739863327298,3.852916609753686,1.0327568419971005,Iris-versicolor
5.148843179936647,3.5495777522103604,1.5115237614174293,0.24959862659749144,Iris-setosa
6.177023545464541,2.8319818521494566,5.136738223280843,1.6712143613606203,Iris-virginica
6.354456794900523,3.1977328578469884,4.214914178338844,1.353702296706233,Iris-versicolor
5.54831344390643,3.99010939250641,1.160495729846566,0.47054839047025565,Iris-setosa
4.757500864115566,2.877248071504464,1.4121796338696162,0.319708450337946,Iris-setosa
5.991771225027268,2.8867019070083475,5.171097344710326,2.0406723738907737,Iris-virginica
7.78847977191947,3.966006829307374,6.618409668239393,2.116943329239775,Iris-virginica
5.85699143191302,2.880926366077281,5.327155331839211,2.5522747180626553,Iris-virginica
7.969033653216983,3.570051213623102,6.468515870608225,2.132771727917826,Iris-virginica
5.700171290785384,2.5694679681512462,5.017115069150869,2.172613007214146,Iris-virginica
6.3356094629264605,3.0249375107774297,5.091031229989507,2.2193341802505744,Iris-virginica
6.253369028664935,2.707652329353323,4.239915173097359,1.5612968504716178,Iris-versicolor
6.618710909073567,2.83556947475854,5.240266604823561,1.9632021220431577,Iris-virginica
4.73465390029305,3.3824662615588923,1.623035493035084,0.15591002819574362,Iris-setosa
5.951795592358528,2.656389640383188,4.405105948621731,1.618030986042212,Iris-versicolor
7.422798504008232,3.71531142709755,6.479757281277918,1.9335013789705857,Iris-virginica
4.997650994153562,2.8199256246374755,1.5293781457912141,0.3489466453288267,Iris-setosa
6.317342732224472,2.161280604719147,4.78363354705019,1.3656909252254024,Iris-versicolor
6.301384048822074,3.5543522931361764,6.26227463071759,2.62444370315155,Iris-virginica
4.890728637779386,3.2975127583220396,1.2286613676381637,0.054614808711427126,Iris-setosa
5.437317289928509,2.9449187804093464,3.9673820246700373,0.9832500872866189,Iris-versicolor
5.618837454201583,3.1000645856216944,4.773272796932817,1.6087838662994778,Iris-versicolor
5.575428486334321,3.122217655078559,4.3096004520018445,1.2460009461849846,Iris-versicolor
4.8062953117791745,3.127938780206458,1.1395499718354123,0.2967019264795843,Iris-setosa
4.945800236517379,3.3795449827125137,1.6913334534126137,-0.19816707249808815,Iris-setosa
6.250433721311214,3.0971260308027886,5.719342389463805,1.9687421702051577,Iris-virginica
5.5191330476934874,3.9506285521208344,1.3421651073586227,0.11440190931235741,Iris-setosa
4.992509185512982,3.5581455068324463,1.7976429406789924,0.4857810697917784,Iris-setosa
7.6374429045959955,3.1442637828750573,6.237031812639453,2.2572037430995033,Iris-virginica
4.870252528979991,2.80590367392479,1.7866846687056908,0.15108058973433905,Iris-setosa
4.242564808503575,2.7989377343988444,1.4787750755507887,0.4773562859619407,Iris-setosa
7.855633234562416,2.897740298215081,6.673508563608956,1.9878245281504516,Iris-virginica
6.761258300851993,3.221201427066049,5.440211848284342,2.369688325225054,Iris-virginica
4.607825682124692,3.2321764493875236,1.3480031118661535,0.44396141170851156,Iris-setosa
6.644940786740008,2.911117153150864,5.528376722027789,2.4840175587484103,Iris-virginica
6.079917888657196,2.6373794471974765,4.793180543998013,1.8484481928875827,Iris-virginica
6.065407517122329,2.462669018513613,4.529932032335762,1.47211191058848,Iris-versicolor
7.74337735754735,2.789500932602984,6.39066906410772,1.8627465099433744,Iris-virginica
6.155238031499029,2.916929166132635,4.128024942150005,1.5000219194977265,Iris-versicolor
5.838085473304116,2.7920384799516973,4.935027515378698,1.994506413890999,Iris-virginica
6.480495420242614,2.4073589137927436,4.947066817427283,1.923563280483267,Iris-virginica
6.1795718976979215,3.0126668725585746,5.1656982837470515,2.3189363244052323,Iris-virginica
5.954249664473686,2.747851477521889,4.965083377110708,2.0942573084784666,Iris-virginica
4.898476889034323,3.0800346141425488,1.4902757983845667,0.1131069704493958,Iris-setosa
4.98728096468804,3.00123646319347,1.713887035114373,0.004799369623338212,Iris-setosa
6.381227947338399,2.2519652715522893,4.608797001278081,1.4455231535444923,Iris-versicolor
7.603844097732308,3.5382465412640665,6.634519395749909,2.221292645676502,Iris-virginica
7.953797545879267,2.657779496340501,6.7336972107959205,2.0418194888282803,Iris-virginica
5.647786317545685,2.7398608687882144,4.041141619755916,1.3614026560296315,Iris-versicolor
6.007650647404122,2.6326459253350394,3.8194723170492892,1.2467666846043965,Iris-versicolor
5.083006073651467,3.9878194147054953,1.5015405766863743,0.28516508400870483,Iris-setosa
4.871504519558496,2.4952183762443974,4.337499461260423,1.971202210630664,Iris-virginica
5.075422867694601,4.023142430026635,1.3751335912583698,0.17555422546855845,Iris-setosa
5.674328618698975,2.643805712013397,4.499670953961216,1.1138623219486354,Iris-versicolor
5.211152107698276,3.1999471462848414,1.6417390059065387,0.28321683381325974,Iris-setosa
5.375643229823703,3.52739652051943,1.6612902738103068,0.02784034989653761,Iris-setosa
5.8180460532393825,3.173752131038195,4.7490389000425655,1.6976511773477163,Iris-virginica
5.8745189475879105,4.623794290978695,1.290180578278462,0.5486719409586155,Iris-setosa
5.998799197048756,2.7297202362749466,4.571883955035805,1.3011321287215565,Iris-versicolor
4.546744729406056,3.204087987308535,1.3897918762252877,0.2801361582899473,Iris-setosa
6.54418347949414,3.364516526352131,5.773286115512717,1.8159656816246814,Iris-virginica
5.22418136357388,2.1260641745550655,3.6824921485981523,1.1184741364556896,Iris-versicolor
5.462421499549733,2.68465262795773,4.039807893292025,0.8994704771650027,Iris-versicolor
6.052721486573486,2.5255630057561174,4.959407861930888,2.5933999634380185,Iris-virginica
6.760757527887254,3.297186015311563,6.161237522920107,2.5696213350838644,Iris-virginica
4.616705932224161,3.2999137486435517,1.3764713346241164,0.05444723914497626,Iris-setosa
5.508908178774837,2.381403693119313,3.539991007839658,1.2860754412100892,Iris-versicolor
4.735617629196649,3.2108014098245015,1.1279919656892867,0.5750442510691043,Iris-setosa
5.655108064228625,2.521262548732045,3.9471807734668563,1.2802292188162046,Iris-versicolor
6.680988299606564,3.2781878045770156,5.84133987006844,2.7022893414558102,Iris-virginica
6.468508950399809,3.4923827364661713,4.857303135457064,1.7552316801369385,Iris-versicolor
5.556352099387503,2.8143619359029945,4.4042984216564705,1.3015093358943077,Iris-versicolor
5.067133676877838,3.2450466097541963,1.5673722314472907,-0.0976442383688444,Iris-setosa
6.347350770023797,2.024798089105957,4.246620583602647,1.4854544844437096,Iris-versicolor
4.8787483315124796,2.291907035604962,3.4278352242518895,1.067561083482195,Iris-versicolor
5.420129979048594,3.1357243301289364,1.4795004791878412,0.1806341359830979,Iris-setosa
5.461670630729815,2.6486752303856425,3.9494952539912855,1.150899310891277,Iris-versicolor
6.507808872954198,2.6114194027345508,5.540895141422927,1.767932250285523,Iris-virginica
6.231858947153003,2.126235951077681,4.359199757580033,1.1709114169693173,Iris-versicolor
4.842692387749466,3.0424289099596318,1.1854616081874787,-0.15763599221524913,Iris-setosa
6.893593057238742,3.3077234774295072,5.4777781774887035,2.204889256640413,Iris-virginica
5.277131453977472,3.161699260097169,1.1981854980907696,0.3289213408491815,Iris-setosa
5.439934808448653,3.577500448084814,1.7089469880267558,-0.055111461340950796,Iris-setosa
6.086819450768034,2.5755165391807937,5.865300057160306,1.5117002667941408,Iris-virginica
5.713399547930884,3.2205561902318522,5.015830343899723,1.7191599788197496,Iris-virginica
5.930617300736948,2.5489963329289167,3.709056507087086,1.36152908379374,Iris-versicolor
6.541433840185823,2.3639304711162823,5.856498490841998,1.8367111641031397,Iris-virginica
4.52635345218868,3.093372030633852,1.1540273067236377,0.30364159646599137,Iris-setosa
4.974779387299732,3.6781697849369746,1.643402159528593,0.4287977740950676,Iris-setosa
7.3246284799266315,3.1405660296561133,5.8436235072553435,2.1491976007402114,Iris-virginica
4.777101187568085,3.798580303312982,1.294758676455055,-0.045873130591626954,Iris-setosa
5.403339175776652,3.1835197229751326,1.675399267650222,0.481985473525532,Iris-setosa
4.851680887012736,3.5757258941845884,1.258740544059654,0.13836890765218993,Iris-setosa
7.427241544557264,3.955792410557978,6.590256674032771,2.009843740336628,Iris-virginica
5.519202225094882,2.4154641909021217,3.3982046376394757,1.0676602789429204,Iris-versicolor
4.8396042183676835,3.723582918612339,0.7214406647652863,0.31716327464239663,Iris-setosa
5.488686894686888,4.107860739128523,1.902481696811599,0.6234433156472845,Iris-setosa
7.776774049232924,3.5503235292424398,6.958340076276364,2.043528118912808,Iris-virginica
,2.7818111842188973,5.102841962176873,2.033402662646148,Iris-virginica
5.705317395456365,2.7469781273236875,4.261996772334007,1.0692667332761019,Iris-versicolor
4.600015233522465,3.4759259306793484,1.3642810881802607,-0.025184426643360902,Iris-setosa
6.850701939963479,2.563914316454937,4.51444197791155,1.4171729424076212,Iris-versicolor
7.782270782102252,2.5624567455017564,7.117808978213737,2.115406708370665,Iris-virginica
7.06053542013239,3.0018534995362143,5.279289841432073,2.2640380416436563,Iris-virginica
7.401575072422506,3.0437462888753735,6.345965570355379,1.9814712150179399,Iris-virginica
5.194503157975684,3.163749923465456,1.104473638183234,0.22754034459556377,Iris-setosa
7.109228105806837,3.770015238030008,6.073564279406638,2.342410206792673,Iris-virginica
5.4285760269837375,3.492048351824946,1.5950756688122403,0.3085261849028658,Iris-setosa
6.590426068623965,2.641049647767219,5.098353713145624,1.7452001545289622,Iris-virginica
5.513689950142519,2.0494662588709605,4.147760968068993,1.1273992169839917,Iris-versicolor
4.997447496788726,3.418417116677425,1.3605369887584273,0.21323866130537333,Iris-setosa
5.684426334691054,2.547630206683,3.7264155838499544,1.0429505317572618,Iris-versicolor
5.483258939455736,4.173755987002817,1.7704182687870842,0.315835812968306,Iris-setosa
5.867856859875651,3.9796652686562104,1.7719550446682701,0.07033795306772694,Iris-setosa
5.622541616737013,3.298815657167258,1.4016156602933072,0.2743052244794584,Iris-setosa
5.495325853270151,2.8406185059568485,4.451823613439858,1.532450840969936,Iris-versicolor
5.123677528802296,4.0297997736813125,1.8148785971479426,-0.055476251038244107,Iris-setosa
5.07223718584713,3.5418885123195563,1.3377283455936446,-0.024694333189746703,Iris-setosa
4.940361700468233,3.64253072995513,1.3556577942662336,0.5216295944106016,Iris-setosa
7.253607701019423,2.988857066263929,6.2179209054870475,1.5954474131236385,Iris-virginica
6.273184984069765,3.16681071290589,5.434170891592588,2.357371554579947,Iris-virginica
4.933310884867659,2.412880206195569,3.493419734311771,0.9893519465492021,Iris-versicolor
4.53875371463816,2.920628994373949,1.7732691261738698,-0.044345834871944795,Iris-setosa
5.064707641656034,3.4032346512346683,1.1418691615546075,0.4560905763233697,Iris-setosa
6.354142490667245,2.40892518473877,,1.2940467480801097,Iris-versicolor
6.714304487032581,3.354356745880047,5.897323328201913,2.369831256700463,Iris-virginica
6.130019158446978,1.9328674731229598,3.715666858852213,1.0462748666669723,Iris-versicolor
4.866124849662139,2.5290698830444107,4.774512029697454,1.978729669937896,Iris-virginica
7.014689669006222,3.0666960946721225,6.225261925234277,1.5903560552728346,Iris-virginica
7.531131314296384,2.7906231645849884,6.074285757099643,2.01061208712252,Iris-virginica
6.663284471998833,2.7047725052649394,5.740330757444152,2.4356662512704292,Iris-virginica
5.693588034778368,3.784853760876692,1.8604996135394456,0.6377192732237025,Iris-setosa
4.700210881571101,3.233228302330999,1.4355498675827414,0.37345880723450686,Iris-setosa
5.4691823850325205,4.129516519069597,1.1523825130614147,0.14403584564316077,Iris-setosa
6.582901984617174,3.0745087157374047,5.5807716683302,2.5070055082898257,Iris-virginica
6.131458010898118,3.1518186087917814,4.720259757727606,1.8415592576319206,Iris-virginica
4.707139131627985,3.446657907984362,1.5949242672435298,0.13415209895150687,Iris-setosa
6.839948120937462,3.1027495006059422,5.965448560279088,1.940430689586644,Iris-virginica
6.780784898647639,2.9530746974531112,4.158282010817711,1.1308846540916027,Iris-versicolor
4.84794114777852,3.2930963001468925,1.6382409004473257,-0.024370386149895867,Iris-setosa
6.064678658187722,2.437446662047579,5.105525912114384,1.7611663166216418,Iris-virginica
6.387006290154224,2.6973277275811443,4.804484903323561,1.7439529017185684,Iris-versicolor
7.8812266696251045,2.8981675886819604,6.835331418869715,2.335665647386489,Iris-virginica
6.766502633356444,3.0244753048858675,5.819269556328276,1.8721801523132553,Iris-virginica
5.546648185191637,2.445930845588488,3.7630469214070716,1.000384501130367,Iris-versicolor
5.553598939269548,2.885430520164024,4.268457142807444,1.217557809235832,Iris-versicolor
5.449852633160974,2.0951558582342846,4.224813013843277,1.327345010453073,Iris-versicolor
4.325132263946132,3.130054906572096,1.320603386672262,0.40957778336469997,Iris-setosa
5.225482644094697,3.5774344486176903,1.4625116088716108,0.33520871518219103,Iris-setosa
6.3507354697604175,3.1460526672623748,4.547711396680161,1.235589279500996,Iris-versicolor
5.552357398819689,2.443462758363014,3.5606030020904607,0.9462797975442538,Iris-versicolor
4.645570436365867,2.5157563206496114,3.428028108397418,1.1757807970272869,Iris-versicolor
7.937244705823911,3.0783038768715087,6.318628012732371,2.5575452028943326,Iris-virginica
6.114106104094449,3.2545455766662323,5.533048339589043,2.416708952898526,Iris-virginica
5.17665590617099,3.8362202764804647,1.59965312741761,0.48587938202218517,Iris-setosa
6.353756100310136,2.5883831092666605,5.7541977469323635,1.5853183528063077,Iris-virginica
7.802964195417896,3.5021642702198683,6.100849020097884,1.9260196568796837,Iris-virginica
6.699253168084283,3.2641061949874697,4.543614549650155,1.655352635627148,Iris-versicolor
6.385161851570807,3.0207845902298063,4.656693444332256,1.4152869242062158,Iris-versicolor
6.330365589357237,2.9080652875199076,4.647323078563844,1.6212379416065223,Iris-virginica
4.813202005667715,3.7746487826195203,1.6116587789678682,0.807961607733165,Iris-setosa
5.038976167066611,3.026165023705398,1.5157230118314726,0.4695317519023835,Iris-setosa
5.031924257954054,3.215562962525179,1.4962447816503186,0.20110795572805834,Iris-setosa
4.902858743593749,3.6085949675578264,1.3962530063448946,0.15379127873839976,Iris-setosa
7.1772663519731745,3.3155535154276214,6.009920105623768,2.709969969514591,Iris-virginica
5.792188384466707,2.66912017729272,4.157405830025539,1.3659791499729117,Iris-versicolor
6.809426843681075,3.088503024066542,4.908952044160637,1.4700073831761822,Iris-versicolor
5.8411035383427485,2.673898491929764,4.42737225794096,1.626159950695985,Iris-versicolor
6.65989610433719,3.374111662153464,4.587062962965467,1.4493715019545461,Iris-versicolor
5.065357960945116,3.3758270876380916,1.2070922518807432,0.32977088001395294,Iris-setosa
6.050375209280668,2.940495359532197,4.357599714205122,1.1352225022230389,Iris-versicolor
4.263798944637996,2.9183615356624744,1.3968715973009023,0.14475024550330806,Iris-setosa
6.469314132198573,3.2907531729059882,5.198983028397684,2.0833129887652717,Iris-virginica
6.96460540902681,3.1932077757397086,5.653280336337407,2.3693927391486116,Iris-virginica
,3.054743032642352,4.137836023004685,1.4933819211253607,Iris-versicolor
6.232845900267437,2.3989511142980646,4.5674044160672596,1.2795471241301068,Iris-versicolor
6.269206168714312,2.6604401913106277,4.855860127088376,2.179957983878812,Iris-virginica
4.826304092559591,3.3205039477893212,1.8658376146585234,0.4225282484483869,Iris-setosa
4.690301768180118,2.9043099798560488,1.4262164476358723,0.26830589702396096,Iris-setosa
5.539092584154773,3.58887855189317,1.415663054550576,0.5694719054826967,Iris-setosa
7.850289752589916,4.026743045794158,6.8409663820499285,2.129670412580702,Iris-virginica
5.045206706761122,2.674701698281285,2.736684438046125,1.2871652268122806,Iris-versicolor
6.600404231864484,3.3153665520195754,5.714547912377682,2.3229131848766706,Iris-virginica
7.368999639459634,2.8498739319761848,6.2567407306673966,1.7666234911586938,Iris-virginica
4.702990035156507,3.189066988247576,2.125749352178128,0.1481329441672825,Iris-setosa
5.710673059431934,2.6681376019113743,3.6438173859223015,1.219812997122125,Iris-versicolor
5.659662880821825,3.293838032511469,3.9239911625243376,1.3594081396724709,Iris-versicolor
6.025542802556473,2.8964755279871452,5.165307417037525,1.5502282398183787,Iris-virginica
5.277416850896261,3.2106409766950397,1.7446027380558393,0.4780894260561348,Iris-setosa
5.8414962779601325,2.8661417851254316,4.361280869599581,0.9041896138918132,Iris-versicolor
5.426454393368264,2.70830350578803,4.430382592340853,1.5129629719816826,Iris-versicolor
5.531976656794187,2.224060704284498,3.698938757510991,1.1084175969890198,Iris-versicolor
4.177806543134467,3.0561563457574534,1.168252677906809,-0.006642183092730181,Iris-setosa
4.637055496337692,3.3961996225376647,1.6666397116347391,0.17969050846646167,Iris-setosa
6.6850300866083385,2.984443787131066,4.389558621545055,1.2430227131394085,Iris-versicolor
4.7628715111616815,3.221913807724764,1.4832922771326238,0.4034180325131995,Iris-setosa
5.107585507491519,3.723025649350769,1.7595010759993395,0.30964048414443845,Iris-setosa
5.306173703798686,2.4303280990331597,4.364042278811206,1.401576392021625,Iris-versicolor
5.758386519126873,2.8413794838922475,4.14571764742055,1.5752069322580229,Iris-versicolor
4.5203520129896475,2.397499944740128,1.5844183732055441,0.5246662129201451,Iris-setosa
6.248024639279494,2.9864559003602458,4.602475914003246,1.6253807453763998,Iris-virginica
7.093418089925199,3.0130959222816713,4.594863549126551,,Iris-versicolor
5.683655093947916,3.892107726602797,1.1425953564781213,-0.0011031577975803564,Iris-setosa
6.573361162271204,2.918629501567333,5.5322908714873495,2.0111335776404573,Iris-virginica
6.942466048141521,3.0803431359063653,4.864698320249037,1.5577447440503902,Iris-versicolor
6.9706265908500304,3.468270304329936,5.663979342766297,2.2433630053893046,Iris-virginica
5.5889445266903985,4.158507502017775,1.6469694817650715,0.005649856519045537,Iris-setosa
6.35438132387628,2.7311516025185156,5.547857876812679,2.055995753386852,Iris-virginica
4.951938009159247,3.5216879887994352,1.746130798491453,0.5083830413433907,Iris-setosa
5.239271152743312,3.807249943282624,1.4351862159724202,0.4036174844262326,Iris-setosa
4.869610820208188,3.1454352498207334,1.4420287289955798,0.3711718082409501,Iris-setosa
6.2320108427540655,3.1060382562259896,4.626213578701138,1.8384370274767647,Iris-versicolor
5.36298359229437,2.2453698302961853,2.7783035237794875,0.8666518464784683,Iris-versicolor
7.113908920178094,3.68951644559268,6.314781728230532,2.4825411897816214,Iris-virginica
4.178839539131331,2.9881396055945992,1.3772030054545183,0.3923640522168069,Iris-setosa
6.305135914922096,3.0064342501836196,5.229769248894077,1.598109394482979,Iris-virginica
6.764200398207866,2.8744785176375127,4.917215466456586,1.5197081430002095,Iris-versicolor
6.127879883596681,3.0118969423888697,4.9945900895037205,1.3874214788630295,Iris-versicolor
6.612654999053775,3.0437301029470616,4.637187304960718,1.4328859959825584,Iris-versicolor
4.467783425348332,3.362767220983259,1.3083756888230134,0.29951506247307386,Iris-setosa
6.879559776575494,2.986827224502153,5.430816944740288,1.8256362925653833,Iris-virginica
5.039055729051515,3.237846190381638,1.423814985261842,0.3146613626297185,Iris-setosa
5.210050282282972,3.403607721093877,1.1778211105893142,0.2619863927038734,Iris-setosa
7.816850368049691,2.7771880612103397,6.73398623062779,1.7882669449547168,Iris-virginica
5.076604536034758,3.4033498840199283,1.3806696889024155,0.1898388924824751,Iris-setosa
5.293630265818107,3.5823720523621545,1.350592891245197,0.02789668880116819,Iris-setosa
6.453547928169879,3.2825628553851427,5.225265515419059,2.464447253094319,Iris-virginica
5.303779831519924,3.7962298630138522,1.8803426004427288,0.3545297584272691,Iris-setosa
4.792692291880165,3.289752252497615,1.8037763562112425,0.04432395775097139,Iris-setosa
6.388764109841606,2.7034222480048804,5.944005328270139,1.933482209277727,Iris-virginica
5.829538587996004,3.0904728400936223,4.347446827003219,1.1343699480501086,Iris-versicolor
5.204675536654525,2.526509411942546,3.0210040956225637,0.9713944723969675,Iris-versicolor
6.641318424073599,2.8294603625918127,4.626964213195133,1.1289736263312253,Iris-versicolor
5.0931193470896075,3.613725864452972,1.7973841649236002,0.482459165165556,Iris-setosa
8.155034250775609,3.79515690696113,6.3264132664050905,2.289409286807025,Iris-virginica
6.503170779840808,3.17673309646035,5.266601808022094,2.079389593918001,Iris-virginica
4.636815501005503,3.575713174464629,1.527157859872141,0.4702746666647911,Iris-setosa
5.0438725977339605,3.276357657728854,1.5077037030510558,0.5054577540717498,Iris-setosa
6.42630168988722,2.546050734235366,5.694663815714427,1.9454465568622008,Iris-virginica
4.847416206350858,3.2407798081482375,1.5511338763101683,0.04038121941617115,Iris-setosa
4.6322960742446995,2.7702139952358413,1.2254905073367377,0.44704693489410674,Iris-setosa
4.773794230246231,2.97813477337158,1.5265116852468628,0.025131524242598235,Iris-setosa
5.047778785205813,1.7151295982191759,3.751222706453916,0.9674440774235972,Iris-versicolor
4.977775527290057,3.3505182836432437,1.2337501135697881,0.14559249412436528,Iris-setosa
6.165374455347255,3.0040569935678167,4.328086393438029,1.530601646709862,Iris-versicolor
6.372300088015075,2.5967842940701424,4.745348687021176,1.7315085965276165,Iris-virginica
6.7556846122327165,3.25682498572413,5.672784849164636,1.6335359185134941,Iris-virginica
5.310100257747328,4.177849830560186,1.0437284649035699,0.13911332427049666,Iris-setosa
4.702028161071726,3.2791657432826584,2.1200367529372017,0.20497309468642683,Iris-setosa
4.644593249356845,2.9601323218079387,1.6595155030822577,0.11074337858322772,Iris-setosa
5.344747992058034,3.8267547704988027,1.7758738537309364,-0.17339320156549384,Iris-setosa
4.256217905206389,2.0064392853433057,1.057870129060039,0.19944338351735738,Iris-setosa
6.597305416030203,3.2086315724457646,4.91075634165898,1.6908373349753154,Iris-versicolor
6.662693956211408,3.385465581799365,4.687476873820512,1.3144766316001961,Iris-versicolor
6.784825096093865,2.9178239430461677,4.351387247060011,1.1773683735139118,Iris-versicolor
4.829674957756217,3.4652616930884164,1.4640163402475068,0.02452071396841804,Iris-setosa
5.66837984908207,2.8174275977709544,5.18345639612121,1.549648260825087,Iris-virginica
5.700003137846574,2.3934761192904146,5.131256701284673,2.0954404236499284,Iris-virginica
5.149109530079034,2.780751557475271,,1.4662047302127217,Iris-versicolor
4.241005277976676,2.292873976520017,1.3964276626930887,0.1770057651577203,Iris-setosa
4.341509515489231,3.28595877616033,1.6740014281676834,0.42325450917699775,Iris-setosa
4.907779662349443,2.9048438590262897,1.3616638225045372,0.3100156779238803,Iris-setosa
5.645514964365534,4.075689741326599,1.6289243609998403,0.10406905079780321,Iris-setosa
5.422596267017444,2.6666661877088083,3.6581935234318395,0.8595617471469762,Iris-versicolor
6.968043655265579,3.4118678303549728,4.6744602305241445,1.6072537233958135,Iris-versicolor
6.177790058036055,2.6473779762229417,5.046027917249023,2.0435431172978356,Iris-virginica
5.06825245115789,2.9267376422002105,1.6905813011914015,0.2636545257833628,Iris-setosa
6.970622908128666,2.8638534952880903,5.509911377830479,1.9109742997178274,Iris-virginica
5.2873578827476315,2.69771360565231,3.69119656484101,0.8605071366908322,Iris-versicolor
4.748516117610227,2.57621599314076,3.04058966601466,0.8069336032948022,Iris-versicolor
4.478865110677685,3.493481364084016,1.8940399827798,0.3151622243078869,Iris-setosa
6.876774648850828,3.5587868926911677,5.979665236953082,2.5183098923042597,Iris-virginica
5.940181382647172,2.4821148743928485,4.079545421463223,0.9487848490396515,Iris-versicolor
5.163692960111785,2.765490870212796,1.3448517859789058,-0.09156476012089837,Iris-setosa
5.138970811943453,3.4255135543519213,1.3679432238136293,0.4318676863809971,Iris-setosa
7.66794794826397,2.958633246262102,6.864784433420411,2.144378682313381,Iris-virginica
5.658864931438774,3.9735676949333896,1.6778360221093072,0.017018887536050076,Iris-setosa
6.240545682428354,2.3846637610195294,5.100789359568839,1.9314726020595583,Iris-virginica
5.593975322011897,2.7075515261569083,4.351768447563887,1.137577333667427,Iris-versicolor
5.625694115271678,3.2311766928182504,5.0697456715141325,,Iris-virginica
7.166809893140089,3.1179663642970348,6.270326327312551,1.782542756318524,Iris-virginica
5.014728987671125,3.5604330013772705,1.2619055657125133,0.44619648439181975,Iris-setosa
4.7972571883945445,3.132603183841516,1.5899961496525057,-0.08940704927450749,Iris-setosa
5.425407163803482,2.3656639357844056,3.704932131166096,0.8437839277896027,Iris-versicolor
5.307258502980038,3.809277070461015,1.407867642078161,0.0404232162012452,Iris-setosa
7.03737221929459,3.1968805712968447,6.049275072591517,2.3609481706795177,Iris-virginica
5.767331337175143,3.2867624585326305,5.077102851440809,1.8050965051938883,Iris-versicolor
6.801972192384155,3.0095416944194002,5.127949402486508,2.543284619159786,Iris-virginica
5.116697832450253,2.41566621466517,3.37036775079594,1.0435783753344512,Iris-versicolor
5.559301336206063,3.7376037736350725,1.405241432804305,0.3059523301772822,Iris-setosa
6.126096104228044,3.027278213622579,4.2497790273636955,1.0933958329225428,Iris-versicolor
6.770544535886103,3.354244934269428,4.974203384898356,2.485385396048103,Iris-virginica
7.177181374573898,3.037777341645073,5.456822938447481,1.9618984997801867,Iris-virginica
6.027229401456603,2.299577658201505,4.470774560017673,1.6612103013656827,Iris-versicolor
5.851843859330408,3.1800059773546385,5.13998860458732,1.9176943980370154,Iris-virginica
5.361652300793812,2.9236873615178074,4.207311285911202,1.3380250745227436,Iris-versicolor
5.242792303314395,3.0549953656546114,4.536721347229348,1.771128436188537,Iris-versicolor
5.225220408135567,3.572285886358515,1.467842644975549,0.2463884775762557,Iris-setosa
6.372448687215658,2.409245851069139,4.410573975300554,1.2929649892832868,Iris-versicolor
4.921137938270333,3.5439381920433504,1.1605367746633988,0.11743372091774679,Iris-setosa
4.98071309543362,2.819039820663213,1.671191342731599,0.017477806812388724,Iris-setosa
7.65037367693288,3.0717886788101496,5.881494805173017,2.5503104041511513,Iris-virginica
7.184150809161867,3.085710821421208,6.039522683479346,1.5298836081509493,Iris-virginica
5.992632666979456,2.2146307289635976,5.185034956419362,1.9371767010359817,Iris-virginica
5.033909840762886,3.439047371667016,1.316267045403161,0.416646512779622,Iris-setosa
5.087645102186056,2.552106353407299,4.320180232460292,1.7868625779978218,Iris-virginica
5.336693018429983,3.526567274668479,1.2391911206925268,0.34593382883968204,Iris-setosa
6.32218182099343,2.796350816506546,4.13143918503703,1.4833754933269032,Iris-versicolor
5.488678497459805,3.4539686375956626,1.7861284384224267,0.176150259947778,Iris-setosa
5.514672784686704,4.314742946969509,1.5806694615278885,0.17366010977888674,Iris-setosa
6.488586120235653,3.0903140261626323,5.190981128533228,1.7780658672309064,Iris-virginica
5.195216793663813,2.763735303284255,1.702957166478916,0.3489042404251052,Iris-setosa
6.086887638780839,2.4021832293162135,4.055944813627725,1.1870632054295798,Iris-versicolor
5.531349168229301,4.646279154018204,1.5362956000972203,0.28726704986244134,Iris-setosa
5.861634776293892,2.820344192187529,4.567771445499025,1.2080596767502239,Iris-versicolor
6.606543545946819,3.247764413809706,5.496508133623585,2.457984037036288,Iris-virginica
4.381337126339485,3.267679181199083,0.8129203309306224,0.15660092108461424,Iris-setosa
5.394087831774273,2.765486968342471,4.25185153493038,1.4300049553263006,Iris-versicolor
6.453853096129781,2.5369278709180088,5.026423655172758,1.651453737890535,Iris-versicolor
5.043059889578988,3.295226599395645,1.3404131944899849,0.006671595278273268,Iris-setosa
6.483164736914468,2.546643586480827,4.824310239428636,1.484605575600584,Iris-versicolor
6.332622298941632,2.3607009597405884,5.828993702367849,1.4831818315521585,Iris-virginica
4.783857746393654,3.0607131728161523,1.1043370941681965,0.19610929708240604,Iris-setosa
6.0962073303371955,3.3414618505214513,5.33344277044634,2.1506945651813822,Iris-virginica
5.338796912823949,3.0211633543402088,5.09055923453802,2.288273684856342,Iris-virginica
7.455337180918151,3.2334500527210785,5.84876219781515,2.099548544769078,Iris-virginica
6.225831680776645,2.9331306656536427,4.094629582422947,1.1414352810579558,Iris-versicolor
6.534902151108921,2.9835631743757243,5.0280921823566285,2.228561171195535,Iris-virginica
5.893777572514586,2.447118290068465,3.990291455011449,0.8535715575640663,Iris-versicolor
5.979896758657969,2.984237213067804,4.127534681282936,1.1254071919443724,Iris-versicolor
7.052758165106697,2.9190306179148555,5.323103842843451,2.1405806107596814,Iris-virginica
4.774962760174706,3.1648221051465235,2.0239254036339225,-0.01666145740147687,Iris-setosa
5.36646252019859,2.872097684744068,4.436413404396347,1.497351737160523,Iris-versicolor
5.575151271026527,2.770713438707269,4.562433185780934,1.1359966323382789,Iris-versicolor
5.171007170426266,3.2116179744645623,1.6551196465478457,0.470059788697609,Iris-setosa
4.742511581829119,3.071482779569215,1.7449276585708795,0.49743861005375445,Iris-setosa
6.677732996719274,2.639423462083901,5.915517634360706,1.817997418133685,Iris-virginica
6.992170391940103,3.308560609556342,5.5443566120848455,2.4385783769772083,Iris-virginica
4.7777598936267305,2.0946717399155186,3.3315998185395133,0.9791062183064343,Iris-versicolor
7.256659885083264,3.4910769059429825,4.9465516024930265,1.1640938216447094,Iris-versicolor
5.350789178645264,3.5403936200562613,1.88227706922599,0.2604940345480419,Iris-setosa
6.053180026791735,2.9113340349937236,3.9378396219109795,1.7112815870354243,Iris-versicolor
5.747815226636661,2.4377246368520313,3.695486013235076,0.729530381754772,Iris-versicolor
5.435958314012812,3.823384926934303,1.6346432046559825,-0.13595729620967054,Iris-setosa
5.786826095874395,3.0012414901772395,3.9295041282884835,1.6057369778778767,Iris-versicolor
4.831377786078199,2.7107402718684,1.1512679791047296,0.1767339907771588,Iris-setosa
4.788629199810997,3.1188168044572784,1.4476212879738006,0.6157545351173332,Iris-setosa
5.934522248367188,2.771602366246469,5.105731921713547,2.1987429756161676,Iris-virginica
7.483180774452746,3.105280491145094,6.7688012542185545,2.328014082325656,Iris-virginica
6.300036175936771,2.6032995575709768,4.537699771414802,1.487661189308124,Iris-versicolor
7.395083690011932,3.21942218171047,5.863977257051955,1.4368804965800064,Iris-virginica
6.4502456479528485,2.6971028358969975,5.122847998049927,1.8531977887631441,Iris-virginica
5.864044861586841,2.95732754381838,5.357048878337747,1.84539272140698,Iris-virginica
5.2293341843839976,2.748292125562605,3.0021224599404346,0.9489163053881753,Iris-versicolor
5.831230555884035,2.9662293410635834,4.227455097313333,1.0267830115509076,Iris-versicolor
4.942928408061183,2.9570802072460753,1.5353679208982118,0.11727510779203712,Iris-setosa
5.540038193394641,3.727536548769768,1.3274440080726992,0.030165238015062823,Iris-setosa
5.265581552634102,3.8708512874510097,1.788830781534659,0.1240789189889448,Iris-setosa
5.9217753356534555,3.2342782029435386,4.331626725592506,1.7233917489583888,Iris-versicolor
5.809701265184573,4.6962059848427975,1.309930612973001,0.3566590416290479,Iris-setosa
7.042271352835837,3.1446236991733287,6.203705134664931,1.7807305946001404,Iris-virginica
5.006729034061232,3.3693521430362563,1.6148820029694981,0.4597450011639478,Iris-setosa
6.512340753318883,2.965935420749194,4.683535793693967,1.3524407093834898,Iris-versicolor
4.624122837553372,2.7252029008351575,1.5863558815143135,0.3210681277923422,Iris-setosa
4.617505063526332,2.84662989180899,1.2324694168227317,0.3354879313329807,Iris-setosa
6.301347684320625,2.5669311438340654,5.801149367539502,2.0649521173037706,Iris-virginica
4.980223607105028,3.2384834923207615,1.4600224740092766,0.12240565660973704,Iris-setosa
4.879864165916673,3.902542025966505,2.106510820254415,0.6784610678260945,Iris-setosa
5.796896952018308,2.645067691491287,4.859262929929333,1.9612985731627837,Iris-virginica
7.550099571290834,2.827747174443623,6.358618364987647,1.6953019156930105,Iris-virginica
5.23495542593327,2.8374038745954135,1.5244903306280047,0.3321066835324653,Iris-setosa
5.1258504538639835,3.4012866620172115,1.5774856886326187,0.1929067605600146,Iris-setosa
6.356484780349704,2.50315343299165,4.834015941405713,1.3022972554225385,Iris-versicolor
5.698509914796146,2.8273271451308175,4.368962483852743,1.1434554919362145,Iris-versicolor
5.6249802800427995,2.7584469628987667,4.58533092910714,1.3536866375150782,Iris-versicolor
5.744102380672426,2.663951722194564,5.080651678688317,2.4467235174290596,Iris-virginica
5.579905710016616,3.3111768369805725,1.463835951503712,0.29275711839621354,Iris-setosa
6.4941037449571555,2.2241082465140507,4.953123201898819,2.1706065480150816,Iris-virginica
6.3071229605742,2.8333760197224778,4.559388992739107,1.5234273522146418,Iris-versicolor
5.451318733827329,3.0788128133138093,3.4096534690005975,1.101317638358107,Iris-versicolor
6.059712234030364,2.7376057459105136,4.243760985209727,1.431512076785538,Iris-versicolor
6.4486774501747774,2.5833145091948193,4.843781818483932,1.4763975615719631,Iris-virginica
6.135579498343785,2.8073204829374205,5.694335925863731,2.1487136894700023,Iris-virginica
6.718414878661193,3.1889902544041235,4.435479333353294,1.2839698453752262,Iris-versicolor
7.753343223881122,3.796262014443994,6.420733447405296,2.1296260034138284,Iris-virginica
7.891008267959683,2.827796498556122,7.167905379448627,2.4965343036524468,Iris-virginica
7.799616198094352,3.7608045214624304,6.600428142496309,2.055777879882606,Iris-virginica
4.79357570262508,2.969308223826718,1.7626290464708547,0.07206857316457502,Iris-setosa
5.780813711785362,2.7548522351453206,5.248046834213655,2.4394242028384747,Iris-virginica
5.320252389427089,2.8473081934186415,3.637824921128163,1.5306047063475172,Iris-versicolor
6.649277053171531,2.8150829500085526,4.6518488246900365,1.5501334775409497,Iris-versicolor
6.785018417565813,2.783513094582965,4.926325843167552,2.2721486540132423,Iris-virginica
6.395599852842838,3.4140068683902656,5.279392960642411,2.3067003992179798,Iris-virginica
5.643697055767331,2.912730691935992,4.548472539091316,1.2856424363005625,Iris-versicolor
6.91263549412311,3.3373683964034724,4.849178652888524,1.788332798926863,Iris-versicolor
5.905776706725645,3.011132267649619,3.9970624632456113,1.365439465484628,Iris-versicolor
6.243411738341489,2.4723822941190874,5.509015968273187,1.8339446723860262,Iris-virginica
5.77850035217104,4.181006163199695,1.4837691441598828,-0.08416275522188654,Iris-setosa
5.818800688972642,2.6045311924054726,3.9848647798312418,1.012055389365849,Iris-versicolor
5.570826269980722,2.390457148365486,4.079018024518001,1.3283777807481014,Iris-versicolor
7.169836128285821,3.467055984204607,5.782298569493496,2.189969058636718,Iris-virginica
5.682563068754172,2.78024876089327,5.381801823274203,2.3434154371262217,Iris-virginica
4.845160942686094,3.0312465053700026,1.2446518950359855,0.36856392600805554,Iris-setosa
5.326929667122197,2.529155029669778,3.822225105962908,1.2811405437862273,Iris-versicolor
6.968930869504114,2.996833998534459,5.041440130475638,,Iris-virginica
5.886372167883106,2.7239386236741234,5.218182864148982,1.3793021129530887,Iris-versicolor
4.712852605583522,3.1395484378748963,1.5201170921961855,-0.02812150817868403,Iris-setosa
6.144657508703976,3.4259184445054967,5.932109254465862,2.207813076321142,Iris-virginica
7.318468529635259,3.464742575611027,6.088382572454415,2.2185325319545597,Iris-virginica
,3.0535120852187387,4.348780962318057,1.5560379726436442,Iris-versicolor
6.3052190938825525,3.203696801876041,5.034510449110208,2.265624158519945,Iris-virginica
6.463167430696495,2.9603634060773913,,1.713853257319664,Iris-virginica
5.70690460917635,2.910558685204035,4.487635445719946,,Iris-versicolor
6.776559004068024,3.2961472945309747,5.752843901883116,2.031238168470261,Iris-virginica
7.406020658608742,3.4011583223749025,5.929241401409114,2.6842143713101554,Iris-virginica
6.970289118769758,2.688256159976219,4.722475644765033,1.2586860867671479,Iris-versicolor
5.156346865860484,3.848945591362914,1.155400417680215,0.5595806815813349,Iris-setosa
6.210908224052393,3.0637239066021986,6.020690660745137,2.065594974412175,Iris-virginica
4.201846758438784,3.415112492365673,1.007269463234377,0.2995422444671349,Iris-setosa
7.407899443574592,3.759412728852977,6.621849159529754,2.33171088177234,Iris-virginica
5.395517052926329,3.115063106249665,1.9257529928239372,-0.0799995022498966,Iris-setosa
5.116718487348249,3.6957977432902123,1.2074720551738292,0.11655715421989332,Iris-setosa
6.754812498395086,2.5735472701814026,5.802288755657995,1.873520524684911,Iris-virginica
5.365481914402246,3.668191654994163,1.6731698431076054,-0.04806188028407182,Iris-setosa
5.161817806811309,2.830072782733434,1.4185689597656124,0.23155926674360475,Iris-setosa
4.786155163880816,3.4830749752428503,1.5066918423815245,0.274233207505456,Iris-setosa
6.1907186082433885,3.3770312675218097,5.6564746831899955,2.3143844345393583,Iris-virginica
6.391187069643761,2.3964724650825437,4.318052831173117,1.5793010235770006,Iris-versicolor
5.835193935670078,3.0904210736619095,4.484251266192604,1.7591959386492322,Iris-versicolor
5.0661037289401865,3.1050017467946573,1.6680177160642156,0.6839563995712414,Iris-setosa
4.201212904170204,2.8078684238915916,1.4331804368449979,-0.023421551583998168,Iris-setosa
5.839632951856664,2.725229202943786,3.8528009963232055,1.5262327547946628,Iris-versicolor
5.424762239740636,3.231285402761135,3.8313291633956266,1.3926405574754201,Iris-versicolor
6.1593871600659345,3.5202069878032245,,2.4988633102916813,Iris-virginica
5.112385944437042,3.393741652564249,1.373768991727673,0.22638877693040757,Iris-setosa
5.227498273415673,3.960671759705678,1.379914710606823,0.24702293761614055,Iris-setosa
5.090960356010538,3.8285701690474214,1.404169702595447,0.2757184019829679,Iris-setosa
6.117843679959655,3.217836306586512,5.367922870857386,1.9133610488413215,Iris-virginica
5.7063239127517935,2.5377751348446598,4.041169644856892,1.2305149402849325,Iris-versicolor
6.403235387148902,3.2781486000409,4.653920853701381,1.3577677349445008,Iris-versicolor
6.318261228342107,3.195577768675157,4.432100421949773,1.1660156266251285,Iris-versicolor
6.082773211547819,3.018900578751447,4.631648750779658,1.928718173114047,Iris-virginica
6.208660058463021,2.6978965116067357,4.811359691459755,1.7025752986743636,Iris-versicolor
6.215784500785798,2.51882659700129,4.560755166046013,2.080326361797601,Iris-virginica
6.368972703129094,3.133473709538535,6.085815684599696,1.9102025974170374,Iris-virginica
6.403365852499599,2.50501314334532,4.77657868801586,1.6408251941094432,Iris-virginica
5.233532624442699,4.02729371878034,1.436890575285632,0.6925235704113804,Iris-setosa
5.904800553568685,2.9305606883880535,4.3292821287703775,1.2153809330345506,Iris-versicolor
5.609327249185685,3.013948786835406,5.280942214836623,1.8157263266281618,Iris-virginica
6.482825627350256,3.2353608727198466,5.2143279783583365,2.1587131748281845,Iris-virginica
6.014428179670105,2.9629877639869537,4.981704847570588,1.2649570290246488,Iris-virginica
4.745009948406995,2.3224733829615753,4.522935814523772,1.546883025502246,Iris-virginica
7.3373950372874885,2.8945372075845817,6.142653920799319,1.9232116470270317,Iris-virginica
6.824551283892604,3.1310393135902563,4.491072599824371,1.3073796918965737,Iris-versicolor
5.770268404676368,2.7943755195052353,4.215936571205492,1.562701896201816,Iris-versicolor
5.602191131549284,2.6617018234190457,4.103520508715377,1.0971490589426505,Iris-versicolor
4.97245242819154,2.4102015941775186,3.3340605997387254,1.1514559033689675,Iris-versicolor
6.14301794560829,2.423706331864673,5.1773464729914735,1.824918339830079,Iris-virginica
5.323698015645093,2.10189105886537,3.5790455467765354,0.9607814427016308,Iris-versicolor
6.787219178400582,3.043803930029094,4.800055290806195,1.3836005541054213,Iris-versicolor
5.425813821381809,3.023596034960451,4.381958854186945,1.3538254444782427,Iris-versicolor
6.751232344579034,3.3715182860629933,4.877773492448818,2.493503058403306,Iris-virginica
7.427188302923514,2.3148722246864377,7.071460164114594,2.2752811753404933,Iris-virginica
5.609757736931723,3.75233259506708,1.3320812941471756,0.21926046421686218,Iris-setosa
5.52766477462475,2.7695191432710433,4.772068120099944,1.3334711653910687,Iris-versicolor
6.208805837379239,2.9108508315049613,3.983413888831391,1.1220941054966493,Iris-versicolor
4.502192549348084,3.6203320920091353,1.7745473301573842,0.4275441599502451,Iris-setosa
5.4795619370363475,2.7356859886366087,5.150012937610704,1.8969830984483707,Iris-virginica
4.949657909428784,3.3211676155735046,1.5579862645815215,0.2409302242365146,Iris-setosa
6.91893440065512,3.227192857080821,5.900772361104003,2.1742331873993703,Iris-virginica
5.233779372612917,3.355883238366822,1.6653966548138481,-0.021760509758101954,Iris-setosa
5.50338616812809,3.536565360867342,1.2774348512212323,0.46130896239466807,Iris-setosa
5.882816058633931,3.090756392201834,4.649630304769022,1.781113326952043,Iris-versicolor
6.226979387544903,3.166854694212115,5.274610522525209,1.813497112409133,Iris-virginica
6.937582216792534,3.3936907924832336,5.127166422326761,1.2973606690244635,Iris-versicolor
6.65279400001987,3.30298824453977,5.347516476691945,2.55833427400412,Iris-virginica
7.004437835439998,3.019812130049506,5.851858418622034,1.6372947639893252,Iris-virginica
4.907334503543367,3.275121452650871,1.399327398869295,0.22561705673063462,Iris-setosa
5.093399006225417,3.6348952348319643,1.4423492996876834,0.2403570925223795,Iris-setosa
5.368339771357846,3.4406566162159704,1.7211996906963578,0.02189069401579602,Iris-setosa
4.851977296938532,3.2032541601474698,1.259119639595823,0.1618676084214096,Iris-setosa
6.399397780538094,3.466669145707803,5.018558833649266,2.281303239789376,Iris-virginica
6.627570253019727,2.854124325912418,5.120781346153334,2.358170468384542,Iris-virginica
5.313846800415418,3.6243098545159484,1.5004319157065817,0.08186045804189546,Iris-setosa
5.270162818514581,2.9210826744671867,4.724501932668537,1.3257792483579705,Iris-versicolor
4.014650450421436,3.2388134239656488,1.1199464496000948,0.12648306627965503,Iris-setosa
5.640431598372457,2.70479999103648,4.176007026105217,0.9722945664787377,Iris-versicolor
6.3975782151532625,3.5097197609198965,5.778278516548376,2.324870606412501,Iris-virginica
4.918368847023002,3.38156947182816,1.2029470420046624,-0.07743901955848476,Iris-setosa
5.686196482237205,2.6843394284504742,4.181883759789382,1.1767306227105054,Iris-versicolor
5.113239766288076,3.4229106507557034,1.141117579214081,0.4913225746447939,Iris-setosa
5.413428166131256,3.417516073889391,1.7470303468956454,-0.013444316558084313,Iris-setosa
6.127970713096442,2.61243735498315,4.745961076962034,1.615887656831619,Iris-virginica
5.1392970131493145,3.215076665512468,1.655436818166349,-0.05229582483007822,Iris-setosa
5.120798085189995,3.129562958334556,1.4461493551534301,0.10924740557762677,Iris-setosa
5.420527118303901,3.6767174893858754,1.2988509638215633,0.38429109104908654,Iris-setosa
4.705995040956619,3.3633084963160194,1.47061257633025,0.44857058215345536,Iris-setosa
7.325843213947449,3.6712860463827584,6.154927834775896,2.465799513385797,Iris-virginica
5.040658520911433,2.971973579800884,1.3656654910416755,0.048703493641617135,Iris-setosa
6.076021203443659,2.4993693063732536,4.155774402233481,1.0478181514555616,Iris-versicolor
6.121307230213189,2.829822525565877,4.276845340505409,1.133661432330021,Iris-versicolor
4.538020961658096,2.764903336696685,1.1299023784070161,0.05103563191111812,Iris-setosa
5.469701513862767,4.037036321629373,1.4221748614654548,0.35904849893627955,Iris-setosa
6.644872537628596,2.9612354513931147,5.055648905763583,2.5538853991039816,Iris-virginica
5.623136862733448,3.0675522714202894,4.478828818930733,1.4075574731590952,Iris-versicolor
6.156217048019828,2.4054727141005636,4.710298406186727,1.2238489652663214,Iris-versicolor
4.676201585793248,3.4349969240306897,1.1117937380872593,0.3526611444496127,Iris-setosa
5.24232601395515,3.5420776100514297,1.491930916194875,0.7034570097283463,Iris-setosa
5.871714397345041,2.579023993507868,4.875815559194187,0.929772977658242,Iris-versicolor
4.818335731282499,3.289164207452958,1.8014493622329428,0.38519920490029663,Iris-setosa
4.839198863233132,3.7232698407288773,1.4891439740593189,0.499115073477331,Iris-setosa
7.485438363365257,2.960560366927783,5.924195553660606,2.1314607500662066,Iris-virginica
6.611266626243729,3.0642164395736824,5.434555614250144,2.2174041443714327,Iris-virginica
6.833129894945317,3.372700824178499,5.230106585443256,2.291629562112689,Iris-virginica
6.893650452565266,3.066255351348015,4.714921748092907,1.4482564792018535,Iris-versicolor
5.0156613957796905,3.8304157566345234,1.2715862998145353,-0.009527331297486896,Iris-setosa
5.924755406917347,2.587103226958684,4.7431771822917055,1.1953405307689544,Iris-versicolor
5.2705674603269825,3.5040491151173363,1.171317363263469,-0.04812129623573991,Iris-setosa
6.273342897843313,2.7062828169923305,5.303796917740888,1.724234501343561,Iris-virginica
7.43288169154236,3.4909081982760575,6.375777825305792,2.649652764498725,Iris-virginica
5.660617058313993,2.8322896321754576,5.153179548347932,1.9555510021945737,Iris-virginica
6.911168336991739,3.413788440228216,5.850297091592054,1.9245040121418175,Iris-virginica
6.841316562498538,2.8098897182037823,4.508815839341474,1.3496652508046911,Iris-versicolor
5.7869382695204425,2.6979680251268765,5.152318735923602,1.62305528369394,Iris-virginica
5.595519492802519,2.7142778273491333,3.902850724785675,0.8203218707581161,Iris-versicolor
5.682555200678686,2.8251974593459046,5.269509636917604,1.8730663036923927,Iris-virginica
4.817967982207511,2.4280164571198175,2.703785602126751,1.078010187840619,Iris-versicolor
6.193833152533706,3.4684413950848314,4.2998422234017495,1.4441725047928782,Iris-versicolor
5.037246365418156,3.67129124200063,1.300366766415305,0.2436723174998055,Iris-setosa
5.920950426978789,2.117296049640749,3.955182858113912,0.9239981743345821,Iris-versicolor
5.33761426971406,2.9811887645083486,4.3058027338478855,1.5259893384199006,Iris-versicolor
4.605790150970284,3.7746902827885305,1.2581578322422025,0.4769543214921008,Iris-setosa
5.721574995063162,4.400500068657143,1.677166767958367,0.4779904053748295,Iris-setosa
5.506979848146713,2.697008277857784,3.9133349747779813,1.3610916976370584,Iris-versicolor
7.406283519005216,2.5940583970032884,6.692900824635897,2.412435385641898,Iris-virginica
5.982370128518582,3.227755902401572,5.0501557015523755,2.03726654554994,Iris-virginica
4.82272572912036,3.1055950866349904,1.6697642097181982,-0.013699051054293476,Iris-setosa
7.070403577524352,3.367951470312453,6.126751785627836,1.5139908791287728,Iris-virginica
6.705838878221777,3.2224086912953913,4.588214938059026,1.239298484327652,Iris-versicolor
5.979456622176808,2.8981592875696474,5.193985008846816,1.7870405236842797,Iris-virginica
5.664713808136946,2.5737240171183835,3.8070228594752624,1.470915602602298,Iris-versicolor
5.2641056179090615,2.77763009499177,4.0542398268807425,1.3984033449483975,Iris-versicolor
5.479729466992585,2.708863399938292,3.7687666359134777,0.9835595729849756,Iris-versicolor
7.180153147347568,3.8830873397034167,6.158412170134313,2.7837719958565974,Iris-virginica
6.205147168865911,2.0130351472667005,5.066685466187141,1.3348321365959714,Iris-virginica
6.163545614845287,3.1139473070942403,4.140267504299623,1.069003772912885,Iris-versicolor
6.386784787924949,2.5791301372274384,5.34901127736646,2.481901646323163,Iris-virginica
6.653020139961621,3.0939188200753516,5.456841360241561,2.6958427697777294,Iris-virginica
7.849508334238205,2.6220689234486403,6.549035811479373,2.050286328004464,Iris-virginica
6.1252541517941985,3.021168974642853,4.609356765762815,1.6817579839367087,Iris-versicolor
4.54657853506698,3.0825223491319567,1.3958791933082364,0.31514414096149107,Iris-setosa
4.568340322235551,3.004574614228902,1.1777145111480813,0.23752232527891157,Iris-setosa
6.620648941402722,3.2742883420052107,5.047194473186077,2.456103427609273,Iris-virginica
6.204000815314677,3.3069873224589017,4.881752201971545,1.865530761079987,Iris-versicolor
5.610562915946171,3.2448166132774294,1.9148810439397443,0.2677433473481216,Iris-setosa
6.976127014196275,3.1749610950515263,5.829634623101733,2.5715536757363555,Iris-virginica
7.104449059713535,3.4560443533069756,5.918220492994226,1.8083982318936571,Iris-virginica
6.797481712011209,2.916367884157447,4.757988831274188,1.8793354024970046,Iris-versicolor
6.660626503771545,2.689811096983538,5.580487715576093,2.0327296577198597,Iris-virginica
7.09320677056583,3.120743701182614,6.025369902662189,1.6518354976890224,Iris-virginica
6.499148748877574,2.964627944017094,4.391985952416618,1.383467051249304,Iris-versicolor
5.674560226481198,2.593242372070512,3.7378032330314253,1.4715408233993144,Iris-versicolor
4.975063487141157,3.502664173125063,1.810827588268682,0.22833065780853995,Iris-setosa
7.972968069483046,3.5433637041848436,6.7623712102822875,1.9372222681772948,Iris-virginica
7.481607661672173,2.5965527727530135,7.154514320145324,2.223944662822603,Iris-virginica
5.689917050661972,3.2541297565370915,1.2281899005323504,0.6531921892391108,Iris-setosa
5.011542120526406,3.629261694382811,1.7400561089265476,0.010324603921187336,Iris-setosa
5.741652583543534,2.133903157658203,3.787451208366295,0.9265142908566122,Iris-versicolor
5.437925032739045,3.9683827553173194,1.420103603736554,0.16422275984437767,Iris-setosa
5.029009017716568,3.9671716893047564,1.5334093229511647,0.16622067504044388,Iris-setosa
5.88797297502244,2.9242254924289472,4.60561193484491,2.02818343648776,Iris-virginica
5.998929155174285,3.055816478762342,4.0965631670709195,1.2843538458776498,Iris-versicolor
5.791136853107484,2.7151638430945577,4.118459788425068,1.2805963587897748,Iris-versicolor
6.392593430752796,2.8824790822622943,4.7764424669934495,2.039078206442233,Iris-virginica
6.7196415298870855,2.685587141329707,4.804180390841854,1.2808188403903602,Iris-versicolor
6.51192317598347,2.757819966688485,4.375572365121965,1.4251872101222498,Iris-versicolor
6.436833411539816,2.952790793223811,5.094045519312557,1.3516264750821092,Iris-virginica
6.131140052751054,2.755367532327128,4.937913739285894,1.482186566893541,Iris-versicolor
5.815796197910523,2.8263078785230746,4.77401842476609,1.1709925284142386,Iris-versicolor
4.812427561793111,3.1142174416157955,1.5871248719009474,0.2922728576548045,Iris-setosa
5.575593201402317,3.3154434975424962,1.4982885034556808,0.35656463083682227,Iris-setosa
6.475055567513472,3.5339919064485503,5.458173470235202,2.398241498164392,Iris-virginica
5.001404683729584,3.691888217182495,1.1281939595260466,0.5975868130522768,Iris-setosa
6.674007386626315,3.0292169111610914,4.479370261489009,1.2384972935778702,Iris-versicolor
6.23421675482466,3.1420687124920055,4.241667772946618,1.1505616866362813,Iris-versicolor
5.872880306749986,2.750589737775629,5.0180012829650416,1.6945750692197914,Iris-virginica
7.575110532857411,2.547926159181255,6.782435739410523,1.7155824888000164,Iris-virginica
5.565374371396965,2.7624607558041445,4.059753185104147,1.1451514452936402,Iris-versicolor
6.306426687766754,2.2517973153195108,4.479993020604048,1.556919285296518,Iris-versicolor
7.885675192672984,3.064851313288379,6.745655565804193,2.0377817910153473,Iris-virginica
5.2164767091029285,3.6798824543944946,1.5841673932429525,0.35446313371986526,Iris-setosa
6.619496122585299,3.4401217658595313,5.753067825913516,2.290266650563301,Iris-virginica
4.916994097847312,3.432085400244367,1.6343138225961265,0.03511801446713028,Iris-setosa
4.711843417361668,3.307227195516687,1.3847497856666338,0.300669963625037,Iris-setosa
4.9501701235702,2.268722848900556,3.4928040571425436,1.2931192029650749,Iris-versicolor
6.468510094926578,2.3740808663988995,4.284672428724019,1.2328323242889738,Iris-versicolor
6.810306289101033,3.2317123086613253,5.1702882526728615,2.221392136148356,Iris-virginica
6.772364563118822,2.2706527914317403,5.637861217281268,1.8813422868525191,Iris-virginica
5.770009324351359,2.158592616801349,4.299787131603894,1.2712926197181003,Iris-versicolor
7.498416501904617,2.7945478861594273,6.589411758352519,1.8436932339057834,Iris-virginica
5.942110454685656,2.788918616089674,5.115788680160226,2.254854714971066,Iris-virginica
5.679958706207224,3.5245966793101706,1.622830233072571,0.2360442144989639,Iris-setosa
6.951053305050693,2.9314741062299743,5.361461216125807,2.352717117042478,Iris-virginica
5.527512977317191,4.258874311086733,0.9883857010438871,0.45763545994613786,Iris-setosa
5.387615012824699,3.913116467200729,1.235763788588533,0.6061293420749749,Iris-setosa
7.520181522773977,3.0876318395084175,6.277731626571592,1.8585048231648498,Iris-virginica
6.441591251619027,3.5207479778409874,5.424418121839207,2.21736865632057,Iris-virginica
6.357535913627795,2.4533498365566095,4.2466705847133985,1.3030167662929029,Iris-versicolor
4.9388315495660615,3.1862744065568593,1.2539946240476785,-0.0700525590149027,Iris-setosa
5.486476605456415,3.214559970362382,4.72734863559084,1.2100080135364615,Iris-versicolor
6.087224519385291,2.4209909617700616,4.151901143070378,0.9586085542548434,Iris-versicolor
6.7384089944089975,3.1998123556098093,5.803036024374598,2.235825462868231,Iris-virginica
7.786243995185094,2.45943682943619,7.040999453283519,2.488803919189076,Iris-virginica
6.131724542910577,2.4882560471594406,5.601993310739943,1.4460682206910447,Iris-virginica
6.511492405643043,3.5147752444570894,4.460032281819815,1.7657487982534936,Iris-versicolor
5.23659814442826,3.022506383395366,1.0343953133620876,0.15096696295406375,Iris-setosa
4.594245861783608,3.121119793160363,1.2389167415233389,0.1791581581671554,Iris-setosa
4.8288865835945005,3.4026422280124713,1.7391132255886552,0.5546468837268048,Iris-setosa
4.77463045892591,2.2375653982229187,4.579563474818943,1.9046094594601055,Iris-virginica
6.761221603871974,2.7867982259732607,4.5827820980848015,1.1448808228330472,Iris-versicolor
5.147308811960742,2.820776795149875,1.2186249311980224,0.2639798975619101,Iris-setosa
6.449347785302438,3.0760681180646055,5.240674246918821,2.2694632719361305,Iris-virginica
5.1072335600751195,3.756489666383835,1.536108266596803,0.22057844591757364,Iris-setosa
4.5366617633226545,3.1829107729122543,1.4168551574996537,-0.03473780120518721,Iris-setosa
5.247546226796332,3.4301908073257943,1.5739679279316283,0.5948647033776169,Iris-setosa
4.854162823413732,3.537611871381094,1.509475410259492,0.32163548216772736,Iris-setosa
6.129204448597519,2.410692012732141,4.371362534001353,1.4966666595151468,Iris-versicolor
5.176234036565933,3.005055081655241,1.1298752867225206,0.4632282560670443,Iris-setosa
4.730705523847753,2.4113486661757304,4.518986712829951,1.5173519216057791,Iris-virginica
7.371883465660079,2.782662965430972,5.846422248956082,1.5870621926684527,Iris-virginica
6.5621950296104705,3.113744428554478,4.5020109062424005,1.543771615936656,Iris-versicolor
5.525221016459979,4.101504161036855,1.3271322989397687,0.40052779024940366,Iris-setosa
4.776305878319932,3.8434851041130824,1.6372202132192828,0.42061128772220324,Iris-setosa
7.398052395719863,3.741317077492041,5.965272307347492,2.631473232546131,Iris-virginica
5.123714318230908,3.523066894891174,1.6737047875569098,0.1130570756051264,Iris-setosa
4.850662527600572,3.967593845058531,1.5987649423712058,0.42522479349064884,Iris-setosa
7.506653464749316,3.9058808453378906,6.4665165833229965,2.3612900395140577,Iris-virginica
5.541768835362441,3.1516046360645067,1.6930999409683518,0.5786453512544795,Iris-setosa
6.050581977110269,2.797436239097898,4.606792365277705,1.5840581271577983,Iris-virginica
5.17434145710534,2.8019578735268036,1.3716629908504165,0.2534119357219933,Iris-setosa
5.682280285919707,3.1368881811804084,1.6464425397708904,-0.046106605899851244,Iris-setosa
6.343078799185193,2.9551004156342295,5.606072184792791,2.0722525196241794,Iris-virginica
6.599043249820127,3.27725273581783,4.549024257023839,1.5690451776167993,Iris-versicolor
6.459474505392053,3.077281998018051,4.330196100036726,1.362036434272687,Iris-versicolor
6.250752200573732,2.7115659190934296,4.035391981481103,1.4821305780701524,Iris-versicolor
7.867947378754019,2.910895719103811,6.735584831801548,2.242213054237631,Iris-virginica
5.087674026151863,3.751588948061041,1.2732486659218618,0.30653070155122353,Iris-setosa
5.970191787769743,3.236062099426091,4.502698877883065,1.8001064554429522,Iris-versicolor
5.807242958732877,3.0651382985270175,4.199542596349603,1.0598634890034146,Iris-versicolor
5.443846534893051,3.532977024162322,1.5021585835814442,0.45842278253437385,Iris-setosa
7.60975596874368,3.5600527304180636,6.640702811665125,2.0318823937209616,Iris-virginica
5.492181440232099,3.8732262423812025,1.6038949379845255,-0.0909876322403032,Iris-setosa
5.0769011243592495,3.0485646391401144,1.6080278641398444,0.38873891756224965,Iris-setosa
6.323716136703175,2.2309921807931348,4.25852830360448,1.2500053396438195,Iris-versicolor
5.3927518932773335,3.941178898140001,1.3317947317753198,0.4874936614778459,Iris-setosa
5.584602883637049,2.7579459134773714,4.7948798585331,2.2622178750158777,Iris-virginica
5.982523217637664,2.611702301371812,3.8654543664354657,1.5295147742150559,Iris-versicolor
5.713598564848505,3.084699425052614,,2.0713048180577327,Iris-virginica
6.419590427255545,2.6558953799237686,5.087975488747066,1.2055850247210733,Iris-virginica
5.153213750996242,2.0410159085354405,3.4330828706276795,0.8179462596477476,Iris-versicolor
6.789663690135982,3.115289937753372,5.901255405011751,1.9889477588104614,Iris-virginica
5.054175998808532,3.6541331191753836,1.3717918964034332,0.09610834665569015,Iris-setosa
5.530586515810944,2.8216979704270626,4.308360287080333,0.93856540185794,Iris-versicolor
6.218931879369515,3.0674817346953063,5.7310193356081935,2.208615292089928,Iris-virginica
5.2548150771814175,3.656860868305326,1.6717443929539004,0.03083717454789031,Iris-setosa
5.77146461069032,2.8811107317491413,4.6346164986104155,1.4957078243266124,Iris-versicolor
5.562513767053169,2.535538103162029,3.7245165577065475,1.297640086501285,Iris-versicolor
7.012290825202017,2.9954392176770224,5.753710081545938,2.2582105772688226,Iris-virginica
6.137622061047496,2.5921761325233446,5.1660989694276855,1.374149146514154,Iris-versicolor
5.7646909128596455,3.3451505488462363,4.682063212096926,1.7875088974783093,Iris-versicolor
5.610131706755533,3.5106858914677845,1.6233369786869525,0.21149471637853312,Iris-setosa
6.494507218258389,2.315918765882445,5.262189031391411,2.1771655898532627,Iris-virginica
5.5141613467757296,4.035530789413489,1.2862440985790706,0.22813262773681905,Iris-setosa
5.650453624011548,3.557278147558043,1.2384084386851881,0.05992485087231075,Iris-setosa
5.333695560622844,2.7546675908139933,3.379956639416598,1.032163298487523,Iris-versicolor
5.707912739328149,3.5913801947707036,4.660210813965701,1.8488448464594796,Iris-versicolor
4.604652470695419,3.04346369089075,1.2102892417252569,-0.035855080832466246,Iris-setosa
7.977812428533846,2.5373158089923415,7.108811893069713,2.0015260134709254,Iris-virginica
6.603943529654592,3.1196203821801087,4.5026303326795745,1.627379202934066,Iris-versicolor
6.9462369800932855,3.3811342071812165,5.465649676751406,2.0061356166775925,Iris-virginica
4.728428676321019,3.189888267709545,1.7187023849486187,0.03262975030718293,Iris-setosa
5.641037311835634,2.8978984773801737,3.8381343828542103,1.025648573780423,Iris-versicolor
5.47591546693706,3.9040849311424375,1.2121050134911704,0.1256214982200084,Iris-setosa
5.547670167897321,2.4106264584303205,4.244959972449985,1.1027329205519616,Iris-versicolor
7.861858205467634,2.8955985136464246,7.042597748337467,2.2544550731628186,Iris-virginica
5.865082859811747,2.645391821204818,4.219967942886866,1.3937738621576174,Iris-versicolor
5.5890218938319265,2.5977138333302183,4.636608401527402,1.342611043684221,Iris-versicolor
5.8905219389663,3.0914696504268324,3.4171263494990463,1.2971374822741928,Iris-versicolor
6.080098444064553,3.1538588425772756,4.906251311771036,1.6880208717423493,Iris-versicolor
5.03454019879178,2.8834530656232156,1.6625495669559156,0.4623208003063829,Iris-setosa
6.908285194054079,2.9019194628185816,5.593571001918363,2.314099356320838,Iris-virginica
6.59344547998921,3.2370849591701534,5.604936914851738,2.6815240374534612,Iris-virginica
7.2267806811042705,3.184787421872786,5.801325370822035,1.5332138550675904,Iris-virginica
5.559924457057577,4.477661995775314,1.196415203568116,-0.04097718636308542,Iris-setosa
5.454118509963626,3.5508084254985386,1.5700071453106612,0.06893356394474473,Iris-setosa
5.826885157898316,3.1134529514478437,,1.5758517406227266,Iris-virginica
6.458567471430168,2.0737771713987874,4.599176290408424,1.5788836251083809,Iris-versicolor
5.233888347279353,3.479895611237392,1.334972205832141,-0.06145683612629388,Iris-setosa
5.427231209925083,3.426014080507348,1.784397806916553,0.48601971664811533,Iris-setosa
6.026680617336189,3.261634890053475,4.881748456016224,1.5101306908992211,Iris-virginica
7.1126492011669,3.2082454407095913,6.00585059382154,1.8125573794070307,Iris-virginica
6.6457766286893944,2.9631255114835313,4.880712181934845,1.5142660660146663,Iris-versicolor
6.840421917495724,3.118512620645853,6.0748564690382665,2.161840220767153,Iris-virginica
7.0263131372684535,3.231007125653711,6.091632618132445,2.1003082530016224,Iris-virginica
6.789581089545038,2.9042807970082616,4.692638929575366,1.3427149216940588,Iris-versicolor
7.815150664378079,2.6860361473318752,6.732640263982079,2.2852350441197182,Iris-virginica
6.795193325299086,3.4829173178397994,5.657185389990633,2.273750536501598,Iris-virginica
6.709603550762409,3.041023774395588,5.125831204255322,2.161827786272398,Iris-virginica
6.539308449666135,2.945516363919789,4.468728043687443,1.5104769953551471,Iris-versicolor
6.764045035840029,3.047108448890755,5.773811472961722,2.1536947745311816,Iris-virginica
7.679298143058389,2.8934704425088023,6.9109101585219,2.5402912090782115,Iris-virginica
6.817871516312728,2.9513358376871004,4.4219526887286795,1.27161798000291,Iris-versicolor
6.3185582716240685,1.9652509183867408,4.784603096304003,1.6430957958400925,Iris-versicolor
4.715853628747482,3.0656405805372935,1.5381281919728766,-0.11849667541044653,Iris-setosa
5.975306619278213,2.0722549239206636,3.9544306792217996,1.148270728715464,Iris-versicolor
6.171473300689021,2.5875817942023254,4.467658154341643,0.9042494245667749,Iris-versicolor
5.594122037812241,3.5236983735261935,1.639048383643419,0.6038976495442525,Iris-setosa
4.306060185704061,3.023795304739546,1.5389972096088602,0.10640249217065825,Iris-setosa
4.839092278194302,3.340388654969295,1.3221012965009276,0.4950232710273791,Iris-setosa
5.11441536620716,3.7673615563949614,1.7828453495930812,0.22790797627680165,Iris-setosa
6.5666830296433485,3.365224695520691,6.224582014563672,2.776537842618467,Iris-virginica
6.184945003636209,2.6050784255706696,3.7875120705472978,1.4930221394766057,Iris-versicolor
5.85213213869166,4.121657206356835,1.0125188816637523,0.37161433356466456,Iris-setosa
4.536485561435397,2.782749213213879,1.5933543351984136,0.23602758624532277,Iris-setosa
4.6446722396943025,3.07655492114192,1.7281156070464263,-0.09261602581666914,Iris-setosa
6.604505799954671,3.2863938186899673,5.257704250582922,2.0740986440292075,Iris-virginica
7.05493236546783,3.112542634059229,5.933242979243319,2.0723718848312815,Iris-virginica
6.924170876874976,3.5361740311741134,6.257020513074504,2.2998540082332495,Iris-virginica
6.68720827408295,2.7867656259296156,5.646692419148771,2.022333948968207,Iris-virginica
5.70768171754177,2.108205243797333,4.206940179198319,1.0158764569197225,Iris-versicolor
7.5909305587032305,3.5346235588252233,6.757193655087532,2.1852909928164745,Iris-virginica
5.616515634068346,2.9720926966147903,5.263234328043622,2.194262520123356,Iris-virginica
6.044426210858302,2.846706560140479,4.566873679896484,1.3805605750236225,Iris-versicolor
5.958610897840912,2.9763983761238073,4.6493653712346354,2.0847984753504547,Iris-virginica
6.594399115391455,2.348078214210067,5.837320633412389,1.6900381303484715,Iris-virginica
5.183288816668084,3.3382039055521178,1.3814190007052183,0.4516504328894282,Iris-setosa
5.406013199671051,4.0376799145327436,1.662855175245829,0.357210486969472,Iris-setosa
6.335101773019502,3.0022607765767497,4.710277672397024,1.6137726220846589,Iris-versicolor
5.186169223476644,4.007272921983387,1.7882742359463948,0.07436899906888661,Iris-setosa
5.026097546467104,3.811149033491006,2.1619700692077233,0.6371523459240038,Iris-setosa
5.938717892456157,3.646788071921452,5.640045164129543,2.4192385534264904,Iris-virginica
6.0443341485144835,2.8078525927588567,3.8924078574160843,1.3578803526837415,Iris-versicolor
4.835462595079952,2.818549003881722,1.3886009306812257,0.3515554581119523,Iris-setosa
4.377772280533483,2.7008136050529883,0.8679901598947302,0.28576376272309356,Iris-setosa
5.372737485172018,2.3607900105236053,4.009646884003724,1.0540255392862825,Iris-versicolor
7.788194538282301,3.7931885472747604,6.211762726032727,1.9891824401099922,Iris-virginica
6.045177612511493,2.1716225805031866,4.110179522743741,0.8060893399869926,Iris-versicolor
6.831497168270011,2.9743129191819246,4.2421533200136015,1.6174574005160378,Iris-versicolor
4.80919511760634,3.571947502149946,1.3377990679321947,0.3300173794976051,Iris-setosa
5.576723078367363,2.6922760875519613,3.662290194255674,1.0443617937042025,Iris-versicolor
7.051162262315227,2.9471002937290565,4.673809125820098,1.5979382259659416,Iris-versicolor
7.7856397649741105,3.6903753655644214,6.54299750692834,2.104717424502952,Iris-virginica
5.2510629303012655,3.241152928187269,1.687377724030354,0.2535218107094936,Iris-setosa
6.2343486310657905,2.8414112145459036,5.0721118140772266,1.705237730623021,Iris-virginica
6.135022114241797,2.917066372009599,4.12521087393957,1.3788042282382282,Iris-versicolor
5.856877063813938,2.3210761174080696,5.288079433915895,2.2221846986061498,Iris-virginica
6.5439750988136725,3.4348520140717453,5.362685337682281,2.0040286091786674,Iris-virginica
5.4958500632997485,3.3324423139899864,1.3046997159369118,0.49463710122632076,Iris-setosa
4.816733132037312,3.192526916696135,1.1159699242690841,0.02609101946752418,Iris-setosa
6.2671169736287275,2.59560450364004,4.873414326906175,1.586547080322235,Iris-virginica
5.072227334404334,2.536864449482614,3.1789264357064075,0.9570677453097549,Iris-versicolor
6.7877191442091265,3.0321420475775414,5.470568899016214,1.9739727492321846,Iris-virginica
7.15454789696867,2.9304531874973057,6.10907718707371,1.7350669741064926,Iris-virginica
4.981722971494508,3.1897856823895556,1.5010021296457536,0.24354253323132016,Iris-setosa
5.320843243254013,2.216169723889396,3.5923183837208947,1.3894784221326224,Iris-versicolor
5.868452214926836,2.3200810032712473,3.5088377226836935,0.9243126095194478,Iris-versicolor
5.2198414130682105,2.0688065745913917,4.037525759391354,1.0521017991441266,Iris-versicolor
5.190233325409401,2.9051391199700567,1.70155948819919,-0.07978011577540503,Iris-setosa
7.879242210755117,3.125519822496989,6.567524640025372,2.139870370957789,Iris-virginica
7.3718497555577835,3.1055508313349387,5.606228456706124,1.8399493213561677,Iris-virginica
5.805580819660993,2.7266256718406177,3.5838984405153917,1.101223593454967,Iris-versicolor
6.495745433338101,3.1756709874358657,5.12328096177265,2.1425212818953487,Iris-virginica
4.8304838600793465,3.6513269549156373,0.975459544656872,0.321454824837753,Iris-setosa
5.391160952467196,2.949398053705611,4.069653861274115,1.0893250264840473,Iris-versicolor
7.678362067390754,3.061489317867763,5.850642090225933,2.0169672310744025,Iris-virginica
6.827149025664249,3.1883118769433505,6.018311048570889,2.5402959749211633,Iris-virginica
5.6393447253675015,2.147834567505314,3.6528905865106154,0.8711417681474156,Iris-versicolor
6.874263113487918,2.8601306415636696,5.286264846574794,2.0680245101380113,Iris-virginica
6.011026608491841,3.1632904673181335,6.2492593662295315,2.703321778885851,Iris-virginica
6.33068404583085,3.688587361380522,5.512455553198633,2.354220471982627,Iris-virginica
6.623513779859176,3.1039178360599777,4.461960879378855,1.2048968342559223,Iris-versicolor
6.42298995186722,3.3604564690674423,5.174470581516264,2.53876026054908,Iris-virginica
4.954515608116595,3.2223454341533766,1.2859072719441231,0.08277469927148426,Iris-setosa
6.962164727635903,3.2310238530195496,5.492384673087967,2.3558069667697716,Iris-virginica
5.882493308831279,3.0821998129086716,3.8714016935162148,1.4728384786672186,Iris-versicolor
4.876709436949007,3.3957418994222994,1.5763590388468154,0.21989583637294632,Iris-setosa
6.116747405871102,2.736772486507265,4.892270073432238,1.9492028680491005,Iris-virginica
5.199694169299016,4.006280402185885,1.8432964712330808,0.3832688418342982,Iris-setosa
5.682452611026403,2.990456766793502,3.9354831396843597,1.2589319821001304,Iris-versicolor
6.994344274555893,2.3335816735788395,5.936492899733407,2.0733273114571458,Iris-virginica
4.519140586442681,3.13410259298161,1.337910751409698,0.22025048733725705,Iris-setosa
5.323154049552089,2.2578343418232034,3.0719352738831445,0.8444392547528501,Iris-versicolor
6.93431153417471,2.9890518832247985,5.089404113016847,1.9905298452468005,Iris-versicolor
5.716653909030559,2.5102660526643494,3.9775158745115804,1.3010314955355942,Iris-versicolor
6.32086584849001,2.8663212991183644,4.661087287764192,1.1266640842688156,Iris-versicolor
6.747873187875693,3.2310996835895307,5.316249412581512,2.0655044431049174,Iris-virginica
6.535447646480902,2.8450335610819555,5.325450152680524,1.8825025811466451,Iris-virginica
5.779817886201386,4.287862900578969,1.252221609199555,0.2040831427767157,Iris-setosa
5.02996970379166,3.597182625057856,1.8555476396623576,0.7896484577335534,Iris-setosa
6.21297733032122,3.1836812340983376,4.529383832140557,1.6842332419997585,Iris-versicolor
5.79215805253199,2.5681098221915315,3.7357709819804246,1.3689830304143777,Iris-versicolor
6.017530799735007,2.8544261084661287,5.185051857135288,2.4993857940488318,Iris-virginica
6.578106074979841,3.0143003518087768,5.103875968599962,1.6951299164586262,Iris-virginica
6.043482694383008,2.549666806915609,5.079808589625388,1.9410184206541192,Iris-virginica
5.485357024815115,3.272510736316733,4.456498455036675,1.438800670685404,Iris-versicolor
5.89424121744639,2.792435144487794,4.628564114745697,1.501715296479877,Iris-versicolor
5.321703477077387,3.4391494341293174,1.427246141279118,0.13941520232497195,Iris-setosa
7.046640971308448,3.28728143747897,6.033197600314321,2.2970916293290196,Iris-virginica
5.479981799675105,3.14058643619876,4.423009688473571,1.4713906647313906,Iris-versicolor
4.33074858991383,3.514176263465388,1.600867689376061,0.30127837419421905,Iris-setosa
5.6923175650514555,4.202212370292403,1.2662473570719444,0.2753757964136019,Iris-setosa
4.2126435324383635,2.8784307315487583,1.2131439615130446,0.4763886647927935,Iris-setosa
4.8790062924563,3.046296365491654,1.412691661424494,0.007670870814329489,Iris-setosa
7.257501577069208,3.0240853723044885,6.154213490569607,1.9943113382316837,Iris-virginica
6.323610565946189,2.6641716152946984,5.4311980738848815,2.3808200018253474,Iris-virginica
4.171681529144487,3.041422440839856,1.1042584924660124,0.49439484912189613,Iris-setosa
5.184368571351628,3.4380213823264283,1.2326645741126645,0.04687850791643905,Iris-setosa
6.621707720199068,3.252559522975565,5.618651472987677,1.9928388429631267,Iris-virginica
5.746455484454297,3.1253183598927925,4.483016543367736,1.8814534033851504,Iris-versicolor
5.6786348414309895,2.7627064922937516,3.66256332980417,1.2618459778273798,Iris-versicolor
7.4580305518932395,3.9106389007358446,6.60250975650658,2.4509301494343987,Iris-virginica
7.932005397444341,4.092614017635583,6.709989443965927,2.32443854715906,Iris-virginica
5.499399576640886,3.2726916321356647,1.111612293032846,0.10472891849300522,Iris-setosa
5.5079102010355285,3.9318292207852132,1.3918237616968474,0.3791044079931791,Iris-setosa
6.978831525552966,2.776205717764299,5.79922217185205,2.3436716824429302,Iris-virginica
5.840005190591714,3.239158142081169,4.626973721619142,1.5655411542685098,Iris-versicolor
6.140124131398502,2.9328027263518615,4.935677251151314,1.2465048443484963,Iris-versicolor
5.079348469848809,2.844786379638921,1.3896036193606456,0.3550342277148554,Iris-setosa
6.380366327482199,2.781437941992979,4.7917047866210885,1.8245636744058642,Iris-virginica
4.892331260452761,3.1013571831164395,1.5168548620037245,-0.04603472355766969,Iris-setosa
6.778845908269977,3.1868620829612304,4.910722855096483,1.4968035456125484,Iris-versicolor
5.407483880474134,2.6610484643345935,5.0073354863851955,1.8349055494222535,Iris-virginica
6.7245647428875035,3.01066118857521,5.449243784950465,2.2392494994602936,Iris-virginica
5.859080339361782,2.322001544972705,4.910842100552742,1.98016949226658,Iris-virginica
7.5741032023663495,2.6627880129312755,6.799923185017947,2.100526051739223,Iris-virginica
5.215107261070515,3.717896761624452,1.5922084397862668,0.2109286944337242,Iris-setosa
5.574353784539118,2.7418579774157505,4.231646377776993,1.1266782009559875,Iris-versicolor
4.6087405258945395,2.8211115471816655,1.3695756022434566,0.14382617555703003,Iris-setosa
7.961048041937399,2.90904826445822,6.819722801275143,2.260931471326143,Iris-virginica
4.5949306875788825,3.416504154709951,1.7350531364698476,0.011595954385326901,Iris-setosa
6.618887705991052,2.9975928132443723,4.002187631745942,1.0522193996971754,Iris-versicolor
6.831381316263804,2.8463283224591724,5.403495996559107,2.1733215608337955,Iris-virginica
5.2407839674013275,2.4072796760639483,2.8205057464692502,1.0701489773072799,Iris-versicolor
6.4054948750378715,2.883729652978695,5.593455430186466,,Iris-virginica
6.058099005303865,2.994347926501698,5.009448851951529,1.9629833861451367,Iris-virginica
4.819423100776204,2.886745058518847,1.5072056241763498,0.3269101283632658,Iris-setosa
6.220551115000867,3.1668683084825067,5.760365111873252,1.5089735366611428,Iris-virginica
4.505434013222546,2.864767338239905,1.5473285433528623,0.052332806703954016,Iris-setosa
4.709521149528843,2.53531873558175,4.324325541420582,1.5951352593504917,Iris-virginica
6.021782590969725,3.210278630106677,4.241233205773507,1.2202702879582374,Iris-versicolor
5.785109879414402,2.655767480360187,3.2719561528723484,1.2918787558953446,Iris-versicolor
6.26146479706826,3.4041164579326013,5.2112640966116235,2.0741338520010686,Iris-virginica
5.587412483360345,3.995560876408627,1.553589158160785,0.1677449393520969,Iris-setosa
5.613860347075735,2.874797700792032,3.979855315749077,1.206663926047672,Iris-versicolor
7.070374870635882,2.796453504438791,5.297337450818706,2.2320242889095563,Iris-virginica
5.1695974625288175,3.7346388509749544,1.4633645507847086,0.258216537336267,Iris-setosa
5.193225307527735,3.1244019387892483,1.655260422587159,0.5445224486148732,Iris-setosa
6.105945512328904,2.478715024156404,3.887440424677096,1.2460660317020602,Iris-versicolor
6.144346709170917,2.6879922899160844,5.005636770889549,1.5446741491914329,Iris-virginica
5.918976949949743,3.1084773997416844,4.38947875573903,1.3089367923131103,Iris-versicolor
6.130922157210971,3.2127311203438973,4.557378079269518,1.4470069310485296,Iris-versicolor
6.788217717666568,3.284557564064852,4.8021988763521275,1.4056961542307258,Iris-versicolor
5.848342276021851,2.610895154869154,4.92526729838345,1.835378663518945,Iris-virginica
7.477132525925353,3.8124028813709776,6.1583061473486564,2.755218072945642,Iris-virginica
5.938563028409591,2.8341756585053317,4.35261103927318,1.7433841499016502,Iris-versicolor
5.425376947735644,2.5503054682446606,3.597091456852247,1.0780795939040435,Iris-versicolor
5.784391376446693,2.719273549913253,3.6920204736024096,0.8214014224716952,Iris-versicolor
5.615692093581832,3.0695642524996467,4.5572063904008555,1.5904008699765,Iris-versicolor
5.9176103116310275,2.6511099930458504,4.748408647846215,1.3155656660394477,Iris-versicolor
7.4611336350071475,2.8396773935423236,7.099082249916353,2.3451585158666135,Iris-virginica
5.2822719615331,3.2269136963342255,1.6414917949393708,0.20583221751805802,Iris-setosa
6.268219007804857,2.961538454931447,4.352398918219023,1.7164098956356884,Iris-versicolor
4.580668527237,2.495467621930363,1.5238330043166395,0.5630950928849348,Iris-setosa
4.774670697782211,3.1912872037397966,1.292006937010117,0.35962894639072274,Iris-setosa
6.298960787201879,3.0239044197003784,5.967785740557952,2.0030519363387675,Iris-virginica
4.791635728046629,3.6657678923172905,1.6957675158500496,0.07085376791309952,Iris-setosa
5.020773794658093,3.3684131098912693,1.3242629097177094,-0.04073689415074866,Iris-setosa
7.103731573466617,2.6341543893547144,6.342019599918893,1.8293360529503178,Iris-virginica
6.757911050764678,3.311272214447184,4.725576603673646,1.6002605607661817,Iris-versicolor
7.032740612238647,3.3422913374111287,5.668526498066101,2.5956129501641994,Iris-virginica
4.917140272954841,3.32320238643714,1.401570442467803,-0.11104631185277772,Iris-setosa
6.567013645811559,2.9507420862636025,5.050031053087458,1.6703172280052143,Iris-virginica
6.260679495865534,3.0866305660756415,4.556696177532873,1.5477410620347245,Iris-virginica
5.13173449826299,3.49792551771994,1.359853227777959,0.36295391486132195,Iris-setosa
,2.84766361484683,1.1149428842099771,0.40782073876514424,Iris-setosa
5.731593395095625,2.1352377538220217,4.1909470859187445,1.041814303536336,Iris-versicolor
5.595718507445196,3.8825607573333696,1.691250469942053,0.41240709493449285,Iris-setosa
4.26788791824887,3.1530403632225577,1.5144966619986846,0.46621862079171905,Iris-setosa
5.306388821551363,2.3713046182322515,4.562876706456834,1.0645363156970666,Iris-versicolor
5.658188664101897,4.1157812278872825,1.5089924022899457,0.6339956933953073,Iris-setosa
5.861631084472762,2.9890617374557635,4.355001345244387,1.5413412068640469,Iris-versicolor
4.9071716526477775,3.6459525762160987,1.5857713789395713,0.39990321506093723,Iris-setosa
5.804770938516835,2.703452312159651,4.633652943242198,1.2921508318028645,Iris-versicolor
5.09492475325658,3.676375744743578,1.7266686570294272,0.40151443817282595,Iris-setosa
4.704387264837485,3.5640325324262503,1.0506167899375412,0.21419598081916275,Iris-setosa
4.456031479347571,2.9751394602384624,1.4574026503271882,0.3327351913558723,Iris-setosa
6.137770932582182,3.400342464058742,5.081256588952082,2.108505036482678,Iris-virginica
4.821351184925629,2.9082037389036772,1.3292761610978692,0.07188850617958212,Iris-setosa
6.187324673146758,2.666843931574755,4.960390230823871,1.422240596499511,Iris-versicolor
6.318067273249598,2.7133075617481777,5.448877556243459,2.1517913634050307,Iris-virginica
6.550265726925014,2.730129542103465,5.695222830096825,2.2257991898444742,Iris-virginica
6.554081758161347,2.138839929926674,4.648384213783839,1.4376245750883567,Iris-versicolor
5.481117600943006,3.0385322496988567,4.790349448301288,1.5237518559482013,Iris-versicolor
5.65937004300726,2.7364939247432374,3.8119690376273856,1.5561390018811285,Iris-versicolor
5.83005385724806,3.014792207570462,3.99318458477575,1.3355667207853057,Iris-versicolor
6.515314027366159,3.3178125102546274,4.4884749941197875,1.7275459154010948,Iris-versicolor
6.675633531939863,2.7909119226935473,5.302225416533402,1.939245929783078,Iris-virginica
6.983361121110141,3.297429410215312,5.306642708712668,2.5090727599327436,Iris-virginica
5.760549012763961,3.1947150759036425,3.3621340591711597,1.539191177420479,Iris-versicolor
7.131563921709736,2.532536967463363,5.848765281983797,1.8245801690596237,Iris-virginica
6.108734861319725,3.1810595946300757,4.053402526997687,1.2972464012426723,Iris-versicolor
5.541796148987704,2.919648161777245,5.33415861406184,1.9022413983036803,Iris-virginica
6.993702035276026,3.063478174280342,4.747058137689968,1.1139857261490784,Iris-versicolor
5.653629177756123,2.255242561373348,3.935498802415513,0.7270790884040625,Iris-versicolor
4.886072703830627,3.552130272400741,1.632680795114198,0.04867521055574578,Iris-setosa
5.289574862496439,3.1160740163241387,1.5783216050382898,0.09310956492196307,Iris-setosa
5.414530276424528,2.7030265920423426,4.26438805233843,1.4111417588990716,Iris-versicolor
5.338998351424925,3.4298077390747777,1.4392422800199276,0.4268139679388636,Iris-setosa
6.2499583308964075,2.4861554660083676,4.809567275335917,1.8613079450040062,Iris-virginica
4.508471384882554,3.4798907789061753,1.0808198118429124,0.3969946937088854,Iris-setosa
6.353709662675955,2.7067129868688697,4.571357345592617,1.100014140701405,Iris-versicolor
5.222560265817995,3.516267851762961,1.3899829162974784,0.13870030071839162,Iris-setosa
4.98017191250098,3.46168002464423,1.1512613392632447,0.2054042526250625,Iris-setosa
5.416671358951766,2.3715605617890345,3.5082806338564057,0.8178388304797497,Iris-versicolor
5.539700609378091,4.027982618695123,1.5398977260039461,0.5409499352731759,Iris-setosa
6.801898866622275,2.5764859042665305,5.680131272313687,1.998504649557561,Iris-virginica
6.172366624533508,2.724345321405206,4.8333278841370815,1.2800589328480025,Iris-versicolor
5.440954580355903,3.9460759951213773,1.262025767847022,0.3379182195741477,Iris-setosa
5.860557745526634,2.6517042469406285,4.342688073567893,1.7524794552467262,Iris-versicolor
6.992930944615215,2.937875594510441,4.2380291316508165,1.6244726181994105,Iris-versicolor
6.493339635517962,3.1639810817401943,5.365387082534336,2.1779456606613503,Iris-virginica
6.203189077290867,3.5043950456044866,5.270954068327549,2.2749157610495643,Iris-virginica
6.6548983536923005,3.135457738217309,5.08074312564593,2.2418735047122293,Iris-virginica
4.571118223990653,2.923988157826602,1.4026989423371925,0.023867744228266208,Iris-setosa
6.517709972550114,3.51587805976187,5.4580845574603165,2.7229427691378474,Iris-virginica
7.084656045186852,3.3492866532321504,6.2649839835063785,2.0701860690557323,Iris-virginica
6.226053983994605,2.831791075893575,4.961912607850135,1.5747123249087824,Iris-virginica
6.5368861453933516,3.2438159347458635,5.850161235844661,2.4102811968025337,Iris-virginica
6.55655582972428,3.24278055899464,5.458860931356215,2.05287724085653,Iris-virginica
6.447844056458536,3.006637279074629,4.258290618861379,1.493191305093947,Iris-versicolor
,2.547104866020828,3.562013636797138,0.9904751458491361,Iris-versicolor
5.83293362236357,2.6686383445066966,5.090221990589774,1.8942996843657298,Iris-virginica
7.120159077430933,2.78740906718268,5.55803550367841,1.6731664787983438,Iris-virginica
6.228589892837727,3.480526103034351,5.106556466284256,2.399129888879736,Iris-virginica
5.536998620368967,2.273190958589902,3.9976912449286766,0.8459230554098447,Iris-versicolor
6.122968945941044,2.89535133814983,4.580871748043672,1.2760150979106397,Iris-versicolor
5.453159921096946,2.738013396393209,4.231575074433101,1.2940119663064649,Iris-versicolor
5.798089158158089,2.850048254061235,4.246121445878105,1.2207269009157529,Iris-versicolor
6.070096599544617,2.8411119185582225,4.590804591724169,1.0368222701712866,Iris-versicolor
5.497441280492394,3.6259265340426916,1.510186443821491,0.13364220503536117,Iris-setosa
6.074228356099225,2.5142994507986396,4.755613293741979,1.0752503929927673,Iris-versicolor
6.628126402771141,3.3450934510342707,5.161815102480539,2.103345759597289,Iris-virginica
6.459814203125602,3.1374984069725733,4.542919019997006,1.3345951983658235,Iris-versicolor
4.563566590311014,2.2930731744040447,1.5260393613044647,0.14048749807584146,Iris-setosa
4.869545057141588,2.0866043341464495,3.6293950700306548,0.7192682679736886,Iris-versicolor
5.284137432492328,3.5236285939647916,1.6916243323505218,0.4474906459168285,Iris-setosa
5.499448899733775,2.1699456443112943,3.971315324435413,1.45947721132,Iris-versicolor
5.794404407338567,2.4942425463956224,5.2271603422579584,1.6350937034687847,Iris-virginica
7.554261016878456,2.63172012719879,6.150404789044859,2.019946364199806,Iris-virginica
5.1126374591620545,2.9168395380092376,1.037529710296079,0.023087840971664608,Iris-setosa
6.251690511694258,2.7548179883326904,5.452619369235116,2.192902348866026,Iris-virginica
5.536370787132105,2.2817844312287967,4.177950845289428,1.38404458157643,Iris-versicolor
6.2748739004078,2.416172251333457,5.374487237595069,1.743174083906081,Iris-virginica
6.568433019952195,3.144664443981667,5.2681612776917826,2.5770985702208855,Iris-virginica
6.336690135637059,2.6798092884266245,4.92563091998789,1.600822332656085,Iris-versicolor
4.218001748360292,3.153182206154518,1.2993271776934123,-0.0630578528627016,Iris-setosa
4.79170341151451,3.1440527402661718,1.3098123838111182,0.190047093692979,Iris-setosa
5.603427389938378,2.7636420474677372,4.428369052531426,1.5922206972092066,Iris-versicolor
5.38883019229398,2.486745331011537,2.8173288082794348,0.8379854880891628,Iris-versicolor
5.2713691769327,3.915679120265972,1.7801079901971155,0.09304853721922038,Iris-setosa
5.432929865897214,4.336509079871879,1.6285212663132542,0.12810341441660192,Iris-setosa
4.9365860631446825,3.1682160192390354,1.3522320294512908,0.013138582861343007,Iris-setosa
5.641393273587451,2.9446898104473003,4.263014195028004,1.795312886920697,Iris-versicolor
6.489658544091285,3.141273938830706,4.721949967576536,1.6399409578096897,Iris-versicolor
5.923362661001683,2.6592587220766237,4.2864500634021105,1.3243610807991888,Iris-versicolor
6.609060879881508,3.320476148569681,5.415573074478885,1.8327479397661866,Iris-virginica
5.149699194126376,3.9776180351317634,1.4058820767480922,0.2372390989670838,Iris-setosa
4.985089717033196,3.669494037486226,1.7909499299922573,0.21424457008822811,Iris-setosa
6.013581460761933,2.997117139750854,4.807874087547453,2.0852877483834766,Iris-virginica
5.118764242609794,3.3284852919635974,1.1719458307817046,0.2926022731590228,Iris-setosa
6.187939289435285,3.437152421405252,5.9879713061752975,2.640522976022154,Iris-virginica
6.525643311549506,2.973627395354545,5.146890947600997,1.7076353022754038,Iris-virginica
5.645601594153106,2.8782208434006535,4.684455151096165,1.4237009964415401,Iris-versicolor
5.5379543506444735,4.124300186416771,1.3933072068164507,0.3617972115740557,Iris-setosa
6.895828830039305,3.053176005815226,6.033135267959887,2.4115132279910494,Iris-virginica
6.619917454708143,3.0437873328330936,4.573321441979219,1.592418361397804,Iris-versicolor
6.028247109386498,4.03182109593075,1.2056190817247658,0.11072464761874165,Iris-setosa
6.49378712548376,2.693511521694283,5.573248820178638,2.1520061576455314,Iris-virginica
5.223011182312028,3.3679027841215783,1.2882241899573144,0.00631423367668979,Iris-setosa
8.01098159727532,3.7214096356985786,6.313178851249228,2.2294399409675636,Iris-virginica
7.192002242791214,3.059987669720583,5.402862003861681,2.0950744650293385,Iris-virginica
5.279520934054272,3.221067529785951,1.3112118331040281,0.4693036871045876,Iris-setosa
5.042197526272772,3.3041436309903514,1.841920830527961,-0.03896907885893788,Iris-setosa
5.380144188254283,2.4978916385407888,3.79343780672111,1.4789879453348913,Iris-versicolor
6.926566340909191,3.2931146879924658,4.714790976733328,1.671384711606951,Iris-versicolor
5.324910012706163,3.378342950938545,1.635331321326214,0.043856676932017835,Iris-setosa
6.823417191187012,3.216668524089669,4.816297627089779,2.415240446505177,Iris-virginica
5.77011836073344,2.5702834879927132,3.8530664625577002,1.3716343461826646,Iris-versicolor
7.312514124275246,2.844456902861609,5.871417506755867,1.8965995747102549,Iris-virginica
5.311800991201146,4.33398470776349,1.346956486309261,0.25580931951485464,Iris-setosa
5.097580969896176,3.295393997400133,1.4481394111183277,0.11377221198043733,Iris-setosa
6.036022945895796,2.6020444383174635,4.864064279501754,1.6274672670204093,Iris-versicolor
6.437233482311775,3.5144137626764986,5.5059283298866575,2.0949818343169744,Iris-virginica
5.282130978520397,2.596736534690086,3.478081268535823,1.1052651920006415,Iris-versicolor
5.2436690578522,3.7832012709395424,1.2710948376315776,0.19834278441710568,Iris-setosa
5.485167094553024,2.6478988153451026,3.6244735667346704,0.9704495783284605,Iris-versicolor
6.291382843015543,2.871909389489825,4.579304149049414,1.6860240782767582,Iris-versicolor
6.545117249165517,2.7730110388913394,5.2944657738318766,2.169393023165788,Iris-virginica
6.496100598364816,2.086813312156683,4.4507087049453995,1.1011989347342144,Iris-versicolor
6.017183824229366,2.8297382193206597,4.846624245841881,1.7949237755912857,Iris-virginica
5.132992243115614,3.607418065900027,1.5894472899494076,0.44905014071465665,Iris-setosa
7.162245916141291,2.8799767874914544,6.284721131261044,2.065137760540809,Iris-virginica
6.585032623138793,3.570875393251608,5.761535812464583,1.836699639987963,Iris-virginica
5.460402091790615,2.89740877388259,3.7537430714033366,0.9556476303648855,Iris-versicolor
6.061010578227267,2.852062903237028,4.914489691189231,,Iris-virginica
5.17932318725284,2.2917109872186554,3.662197401487608,1.2324552437009644,Iris-versicolor
7.002824438051168,3.327744582329931,6.045433467258924,2.2873597467267084,Iris-virginica
6.657154967120084,2.937881849499275,5.271229875093193,2.2333437389281032,Iris-virginica
4.813169476913674,3.520493530310738,1.4611537694112728,0.4520171271498913,Iris-setosa
4.720512988605147,3.770059726090211,0.7103716326446738,0.09027294095987681,Iris-setosa
4.849782550596865,3.3236515706070295,1.747068151513146,0.3236129048660689,Iris-setosa
5.620750080832695,3.147122164929481,3.7170351412613782,1.272796781133965,Iris-versicolor
5.2724487316518855,3.4116758259798483,1.59994077765718,0.05294245940270079,Iris-setosa
5.2561705572313695,4.190461712854831,1.0221526675304886,0.35901759170342523,Iris-setosa
6.02083970971253,3.063642829919868,4.635088993618598,1.7865592974728761,Iris-virginica
7.171634940448078,3.088044911842993,5.73575287917332,1.7325675619060066,Iris-virginica
4.887833617770162,4.026492589968661,1.353008533079834,0.35868092082574693,Iris-setosa
5.005334270718233,3.2247632447726,1.653147782941713,0.13772901673931795,Iris-setosa
6.727062846301651,3.46443436606543,5.791659826692059,2.0164778559516257,Iris-virginica
6.265880015265237,1.928480164375547,3.785936280689145,1.1861032224335701,Iris-versicolor
5.177510542510418,3.0840809450976625,1.6917739197362915,-0.06690615766324565,Iris-setosa
6.083846905771006,3.365166236636975,5.573596495627357,2.29848300370532,Iris-virginica
6.2374955491079564,2.6951743755161894,4.75830291846272,1.6421969969439603,Iris-versicolor
5.398684464958506,3.3650800790834783,,0.10049280989969911,Iris-setosa
7.097688318950226,2.990776686500124,5.678599488772867,2.2922314029418924,Iris-virginica
6.507946704638901,3.1713007680765606,5.224571658532806,2.0676451895516554,Iris-virginica
4.341115806583943,3.402705508539112,1.2170735016336232,0.4969581233081499,Iris-setosa
5.057265993906791,3.107201289917689,1.347046848425388,0.6513158036279898,Iris-setosa
5.3863329241223825,2.8457244913499826,3.422252951437886,1.483678330950551,Iris-versicolor
6.2890234157014175,2.704387561329693,4.0928992952061325,1.1453752643725341,Iris-versicolor
5.039500528573093,3.363698367209448,1.5112585646602232,-0.07691685679065027,Iris-setosa
6.647021012619764,2.858537672657275,4.161952863100118,1.3939420570324097,Iris-versicolor
6.33215115610059,2.5601698601305434,3.9635933346569234,1.3506318755809537,Iris-versicolor
6.358643017528491,2.6804421181010807,4.772289994135142,1.4027812787240537,Iris-versicolor
6.489321981241189,2.6662211481800746,5.8569107152848305,1.9319638678278708,Iris-virginica
6.418094629268076,2.9200226583900752,4.947080545095931,1.9706189375767842,Iris-versicolor
6.898018821061095,2.9544948482437645,5.035775179111521,2.430724031568258,Iris-virginica
6.8363322703543385,2.6711213047364453,4.59744980862188,1.3850660883543402,Iris-versicolor
6.12803739574112,3.0839526466869347,5.208760978258139,1.7618858938854405,Iris-virginica
7.784701807826741,3.2081215866252464,5.9343461349891165,2.105610723390535,Iris-virginica
6.139611239949314,3.6331193926592458,5.578741645693474,2.4207817918409957,Iris-virginica
5.596571957613197,2.8803308769282214,4.2142920388493925,1.3769417104584794,Iris-versicolor
5.806406109453749,4.000447190119442,1.3282320026925614,0.27992966154171695,Iris-setosa
5.815866934016528,2.8914636031334817,4.379953706655016,1.241926604359565,Iris-versicolor
4.804833112667557,3.7184059787203854,1.6098340521372148,0.8661435173985248,Iris-setosa
6.002150647191412,3.0688750323351837,5.722588800704592,2.7932147234092977,Iris-virginica
6.026187045621905,2.8563291763413066,5.010145945586091,1.6533858316898637,Iris-virginica
7.987740196193253,2.382307026428639,6.760732229565541,2.1944733622131762,Iris-virginica
5.132086059468602,3.6571604933262907,1.3545180734956597,0.0657817903331869,Iris-setosa
5.436184045758813,3.07829195469421,4.372969732697956,1.4530591229102965,Iris-versicolor
4.699089311244368,2.438286078481896,4.396747961123942,1.4841580124222988,Iris-virginica
6.703876460165604,3.029744801299238,4.804878844864508,1.4221296775988432,Iris-versicolor
6.567085424925541,2.7591950875095272,5.682767208428558,2.3635751033071024,Iris-virginica
5.163120827113918,3.7764885782632405,1.6149010860673887,0.332336125565759,Iris-setosa
6.4426206374862485,3.3136893870738637,5.4284091179685685,2.2589500033045122,Iris-virginica
6.529239783293565,2.577278053192909,5.593491057356087,2.4676575463042942,Iris-virginica
6.045780741835385,2.8339725100663022,4.318220432277971,1.5651747275288725,Iris-versicolor
5.443667135588365,2.306433707207362,3.620946860268436,1.3694709857320624,Iris-versicolor
6.259468790157865,2.4345293132240924,5.2985665529560855,1.7466388865026614,Iris-versicolor
4.550891702132704,2.9890955964009356,1.14196335800418,0.14974102029501735,Iris-setosa
5.727394632976828,3.2122466953662605,4.707374765467447,1.770175895463376,Iris-versicolor
5.292319850235527,2.4093063692267624,4.284250426700271,1.2794349501439717,Iris-versicolor
6.484377807563294,3.626640330618217,5.131940141721207,2.239363668103138,Iris-virginica
5.147914552005637,3.6364346082771273,1.4631959702076265,0.12049985969494897,Iris-setosa
5.1721042647243465,2.2365454168172074,2.988319345401805,0.8727528179187797,Iris-versicolor
5.409765531505729,2.9412711271119054,4.157543974133504,1.2857936968906982,Iris-versicolor
4.938414646497597,2.93342026746258,1.4657650848939343,-0.14361969727551532,Iris-setosa
5.763510209641774,2.918726277601665,4.926074348264793,1.4361254771172824,Iris-versicolor
6.069853711121235,2.8233699158070884,3.9615086766282452,1.5480833460570558,Iris-versicolor
6.541444722453799,2.517787420480023,5.941981479086652,1.6578419039373298,Iris-virginica
5.674591813790098,2.8458409609372577,4.974971058944263,1.8589964746023249,Iris-virginica
4.990207802019774,2.4260751937861986,3.4305486396719282,0.8728011432137673,Iris-versicolor
4.8785112305826654,3.57126798908245,1.3177406567239263,0.2464886101766811,Iris-setosa
5.91468720550463,3.119185794640346,5.053064800869133,1.8278025325884564,Iris-virginica
7.823070431701445,2.8793766200194004,6.841716900736681,2.048314520992283,Iris-virginica
6.77785595252612,2.709708789251642,4.712360435314004,1.5634926255525434,Iris-versicolor
6.777580622816532,3.1525489400078537,5.264757809147466,2.174631676456163,Iris-virginica
6.598272420111256,2.3255963736659213,5.8336962717712035,1.5667161519602644,Iris-virginica
7.713773946829961,3.2708135501835733,5.82715952022759,2.3283731012128026,Iris-virginica
5.366420401323178,2.8856574529000225,3.38611388527943,1.4872382179425414,Iris-versicolor
6.324317352190733,2.7098701564294445,4.206180235592296,1.0763919001445577,Iris-versicolor
6.571580091035454,3.2357324806847583,5.269668351719669,1.85336059153222,Iris-virginica
6.291453404282088,2.7755995608334922,5.438590244917649,1.9643416025528895,Iris-virginica
5.697608021998195,,1.4707609269292181,0.46797209535031215,Iris-setosa
4.906738019377854,3.6520155530329435,1.390492711429904,0.6471263184574254,Iris-setosa
6.448493239955071,3.0340389962649543,5.502302259894312,2.7664452598880236,Iris-virginica
5.825541319810975,2.752504113637586,4.887555047541248,1.7710321252353616,Iris-virginica
4.9357926037606425,2.2488082347292275,3.3211779191068826,0.8231085860450145,Iris-versicolor
4.983595611638691,1.87248307497012,3.3576107375872275,0.7858688954185069,Iris-versicolor
5.5840539401027,2.009878901219237,4.255415782865274,1.2703415906408435,Iris-versicolor
4.5051109450998315,3.09565056519412,1.3596473116556755,0.25647991536533304,Iris-setosa
7.544552899048003,2.916889530140435,6.280776635525849,1.8915703964097168,Iris-virginica
6.46903615270887,2.48707781189279,5.181498390906506,1.6327321929560714,Iris-versicolor
5.867385255410741,2.434849721569533,5.3833178236622965,1.9848708736191656,Iris-virginica
5.60383471406843,3.475219582816292,1.3593402124086522,0.11159885150782858,Iris-setosa
5.655408262638597,4.204394154321457,1.4842046055524647,0.36462807865678115,Iris-setosa
6.944519563029485,3.2438937723112407,4.764123395165202,1.6423659369781523,Iris-versicolor
5.528919067673686,2.6772916257264097,3.6526319695210385,0.9744801183765325,Iris-versicolor
4.801560910151976,4.014516120090762,1.3406306664578016,-0.06554514616352047,Iris-setosa
4.867424894912182,3.429287402818314,0.8490744156205823,0.24772071625665049,Iris-setosa
7.073434729499253,2.675622407669277,6.290933639360203,1.6543479049506833,Iris-virginica
5.130764183530514,3.8650534183989245,1.3622336541931588,0.02538373981752412,Iris-setosa
5.494830360428576,3.657484395323644,1.2499173981623852,0.15422806182266635,Iris-setosa
6.060976092349734,2.0703747203533047,4.405777541889339,1.0784398703439675,Iris-versicolor
5.413864622780845,2.7844429155330586,4.210825548211902,1.0907599077650318,Iris-versicolor
4.9021327934689465,3.082344584420255,1.4841235676722524,0.3942329107045289,Iris-setosa
7.392200348208904,3.1904561456219733,6.119964814670285,2.186035135031367,Iris-virginica
6.090396482470779,2.816163811959208,5.094961307155923,1.8412153658256178,Iris-virginica
4.646174673546197,3.111475686599896,1.4741922563345873,0.43207213004253137,Iris-setosa
5.921136877428586,3.0602026721064397,4.958103132516811,2.088069559446589,Iris-versicolor
5.891183540025676,2.731670680801223,4.326099529422812,1.648112894986463,Iris-versicolor
5.700655723783832,2.159952727174989,3.822994292484201,0.8200104496610829,Iris-versicolor
5.411253593288501,4.655812409956191,1.7938981744515838,0.4904797656229611,Iris-setosa
4.648662219669095,3.450339355618305,1.2074312951283748,0.10375263039657578,Iris-setosa
6.7985977360904855,2.802949400958342,4.51202090713471,1.6289205394777746,Iris-versicolor
6.660489503898886,2.5839663018988763,5.71614594289147,2.039214357671762,Iris-virginica
6.13359617607277,3.295051524619076,5.028647024859324,2.058728292979859,Iris-versicolor
6.45332660035686,3.2652073115577913,4.952181446488931,1.3087829820709969,Iris-versicolor
5.4054671394216065,3.03268541296514,4.6262864210705175,1.4292295159266395,Iris-versicolor
6.545835864417116,2.8939714285104587,4.926902418668051,2.3120553897415452,Iris-virginica
6.608900960382295,2.6865097103660256,5.742735379586185,2.009744309508374,Iris-virginica
6.472063760084806,2.830512685263041,5.718350055921599,2.459341535274976,Iris-virginica
5.556429149222301,3.134531442474437,4.401809373217081,1.3173829926273708,Iris-versicolor
5.874407849576689,2.620819827529526,4.824645975281198,2.045901965358897,Iris-virginica
6.152643378423135,2.878791157556172,3.9691350214670944,1.4620426084017326,Iris-versicolor
5.836658913144142,3.0538708866874438,4.113427627231776,1.0536256318060648,Iris-versicolor
4.927527232814818,3.2320890006922625,1.2633611165154544,0.21467609491164977,Iris-setosa
6.052096653746727,3.126142495747487,3.930701763653706,1.3911736236348295,Iris-versicolor
6.291920520460116,3.4125489768890183,5.563816272090189,2.5066149014252566,Iris-virginica
5.214223020213616,2.7448189835107137,4.535888593193579,1.3156526027530786,Iris-versicolor
6.034238365321073,2.9094223729429345,5.020578212846371,1.5686620133740252,Iris-virginica
5.877865558990871,3.2482819907754883,4.011031653793323,1.1889739915559356,Iris-versicolor
5.52373336641766,2.6822057527085708,3.3758377146390033,1.1085542399331811,Iris-versicolor
7.231072111345792,3.0217968077339123,6.27977844749061,1.6335831029762664,Iris-virginica
5.270004600925507,3.0193354853177246,1.4257321472444984,-0.07856578033922812,Iris-setosa
4.760072643379785,3.180004269065994,1.2333985639086533,-0.19981443294240517,Iris-setosa
5.312080484900408,3.9640622698892405,1.7965577142844071,0.2530305393556471,Iris-setosa
7.839976334813459,3.2163626354252988,6.857057016757677,2.0826393012214237,Iris-virginica
6.484269303750195,3.19825531885197,4.606785764611064,1.309643305649164,Iris-versicolor
4.9883575175132275,3.2336941128433,1.2138744134907584,0.21004896070233525,Iris-setosa
6.758014046396041,3.0871497669577193,5.572605316881747,2.285679004543854,Iris-virginica
6.5293051627904735,3.1679059962330864,5.34050548760843,2.598829871486534,Iris-virginica
4.70074513127726,2.2111874346735396,3.3771251419224155,0.9673187352084369,Iris-versicolor
5.860156114696965,2.861024408665762,4.061301582761201,1.2083382154573281,Iris-versicolor
,2.750306346589338,5.853034792881111,1.9583334038583937,Iris-virginica
6.208964697901394,3.118358384961778,5.413095366205733,1.8085003608868822,Iris-virginica
5.404218983979942,2.4749561588651074,4.18500032939092,1.3872939529393085,Iris-versicolor
4.681689086417681,3.192700530248688,1.4628914240179567,-0.07516595390694819,Iris-setosa
5.284079202475732,3.1589937135151276,1.5767307993457365,0.34036647785095686,Iris-setosa
6.22991463806363,3.302933021916139,4.741208315177539,1.562192386502199,Iris-versicolor
5.246390711378405,3.641350229868499,1.8036978967867277,0.49518585060236564,Iris-setosa
5.675217219917079,2.269358999133499,4.294557118900241,1.3120039506965884,Iris-versicolor
4.0508828590885235,2.773159032469126,0.9133539353382364,0.2686383165597098,Iris-setosa
7.425083619560514,3.113849951008361,5.532520721341268,1.4039666573570107,Iris-virginica
6.445734145139134,3.1171780767193784,5.482288259883786,1.5428469152834063,Iris-virginica
6.73811351945273,3.2218386726960615,5.332621095115458,2.032787575092738,Iris-virginica
6.360735983920918,2.611207396770433,4.957936851260018,1.9738271495979198,Iris-virginica
5.607212207723247,2.8437578751876704,4.388883763216272,1.3964566366220037,Iris-versicolor
7.858548774308716,3.6779640169128736,6.44656390847818,2.1006921448013967,Iris-virginica
5.936863660535575,3.086291436878191,4.912684707266145,1.694907781069932,Iris-versicolor
5.610251812315689,2.8354204120481437,3.7713129323454364,1.469422499152774,Iris-versicolor
4.603165421379048,2.6103634661946256,3.5166143153313376,0.9214441294211311,Iris-versicolor
5.89287680491856,3.615251454851782,1.6194957130131318,0.49802993522854627,Iris-setosa
6.181561663873137,2.720183211534203,4.2147101447840924,1.222751839946898,Iris-versicolor
5.320098305321807,3.207260220869804,1.2026367908430653,0.0657091605304706,Iris-setosa
5.207870926208648,3.2631193437075567,1.8561791162458836,0.7197019234761401,Iris-setosa
5.236959754459278,2.149467323187049,3.7446645012921964,0.880307564624225,Iris-versicolor
5.987632333676332,2.6046783958263626,4.182384664139562,1.4902615768235856,Iris-versicolor
6.295871074179108,2.239972231533799,3.882704733495779,1.112037753754864,Iris-versicolor
4.506488803458292,3.6387565912822275,1.5801214354600206,0.3497545815245931,Iris-setosa
4.544646305227241,2.9612322038187733,1.4197339819559482,0.23915730133979585,Iris-setosa
5.80394842690658,3.069680628381913,4.672407925969711,1.4841763899420437,Iris-versicolor
6.041754089613219,2.81023978413635,4.67535482144981,1.825111677063799,Iris-virginica
6.587669401823565,3.285147543678346,5.711141834563404,1.9058366961268003,Iris-virginica
5.735309110683522,4.527230245479824,1.2693063837758503,0.23280793226857538,Iris-setosa
6.182821405106721,2.967060613192894,4.2446377764596805,1.051151643415942,Iris-versicolor
4.749357354090473,3.5739445149851248,1.5431359803159908,-0.056873230363679195,Iris-setosa
5.923394803110328,2.4426038528841585,4.4445482317027905,1.3165865666948966,Iris-versicolor
4.6183430963303564,3.058501107074372,1.5470944687545214,0.4603026856446959,Iris-setosa
4.404740470099145,3.110580609378741,0.8042170617752369,0.21381610482309363,Iris-setosa
5.8584525969187045,3.8741184510291617,0.910478327816947,0.2018475116988337,Iris-setosa
7.307459049822682,3.055814551301864,6.018624124838643,1.8815042026939468,Iris-virginica
6.602277826006563,2.8769343477902036,4.900650237582057,1.5004599532897986,Iris-versicolor
6.461344303395451,2.2212505284212,4.972088640631372,1.78452206221596,Iris-virginica
5.574807013367015,2.854484582114043,4.31799694083447,1.3589354856398481,Iris-versicolor
6.528276194940036,2.8820118070514056,5.46329183044139,2.134937688991279,Iris-virginica
6.431862880045518,2.7339871778190052,5.282739208674498,1.948764137232474,Iris-versicolor
6.823776879161218,3.1554356742866423,5.602549236056678,2.3609570646491793,Iris-virginica
6.642604248391628,3.2184971042270583,5.14451637519762,1.3651623175817895,Iris-versicolor
5.7100523223880115,2.318271979087799,4.302325655249541,1.0831904856150603,Iris-versicolor
5.014213898081272,2.7396301114997774,1.3621371815889818,0.269204820358258,Iris-setosa
6.788160629884292,3.030579375190104,4.428643325500008,1.4461260260846438,Iris-versicolor
6.432368942818723,3.0245478200589893,5.854457735880249,2.3762559195231385,Iris-virginica
5.021799705376882,3.469050586032087,1.6144288224564025,0.1162831724371742,Iris-setosa
5.596248070058559,3.926464324800896,1.436801688724556,0.6165157721334009,Iris-setosa
4.401055559951244,2.292349083788575,1.0134491879135301,0.2839373965565659,Iris-setosa
5.763259272634668,3.0158559247102197,3.909965487325244,1.1617196070126856,Iris-versicolor
4.450847158192382,3.005615182878845,1.3193093152242656,0.28239968618823114,Iris-setosa
5.416778753661398,3.308716406307059,1.3296372268403667,0.3660652216747785,Iris-setosa
5.93578414979778,2.95420508304667,4.7546781811969145,1.163651957924895,Iris-versicolor
5.604157861389089,4.062585536945452,1.370456594255649,0.3805438631347233,Iris-setosa
5.276743417873213,3.527646507355524,1.8454971256433619,0.26717215168683955,Iris-setosa
4.278834907274908,2.860318412267669,1.3636893966362058,0.3495174946401149,Iris-setosa
6.845806419386876,3.0158298991832364,5.683085791823906,1.9375327665382018,Iris-virginica
4.802787413352597,2.7711078382605163,2.8609627997282,0.8571213054169369,Iris-versicolor
7.098881358795155,2.7700441943940004,6.070670182517548,1.5613015048041057,Iris-virginica
6.342837691894819,2.2279520744698056,4.981019341694673,1.7947822859638805,Iris-virginica
4.9373943330477665,3.5561774932455337,1.2452639415194589,0.20602433368239803,Iris-setosa
6.089036481354739,2.546796048899126,5.132659782178258,1.9392535203688108,Iris-virginica
5.603217590017263,3.570442100830473,1.7293468916824326,0.23120550972795606,Iris-setosa
5.644511511971551,3.868258509673422,1.756534988933936,0.12483271230564044,Iris-setosa
5.689555128489709,2.5260168303244153,3.9035448299693947,1.1228244442079975,Iris-versicolor
5.702060256053871,3.013473771458711,4.114510861404761,1.5150468815801674,Iris-versicolor
4.880974541262278,3.3262121204280657,1.3692022591425503,-0.10342588974479669,Iris-setosa
5.1929930552492545,3.7468726776523535,1.5216389844772658,0.19749401560006513,Iris-setosa
6.308350902984197,3.0870895953095374,4.691121120483032,1.4503183908923751,Iris-versicolor
5.568705688515628,2.7094095491227743,4.104519656233853,1.0669690349665817,Iris-versicolor
4.943687608767516,2.8947942249687353,4.109317458115493,1.6139123670479882,Iris-versicolor
6.0844696867529136,2.8546733518705754,5.539891770209448,1.5263310878522842,Iris-virginica
4.904948521593344,2.6029014831164994,4.681870177823161,1.5147037549723172,Iris-virginica
4.463173970340147,3.1447210886324215,1.360012918366954,0.11327532031098494,Iris-setosa
6.962048670626087,3.4384881226929394,6.181950145567643,2.300132517675454,Iris-virginica
4.955548273889289,3.138714948050019,1.6197467757668578,0.4956135965564351,Iris-setosa
5.325054226075681,2.2258759486318764,2.705563972166269,1.0557198809245079,Iris-versicolor
5.53798142053319,2.6721715921892315,4.79875842120231,1.494806230388473,Iris-versicolor
5.47247849376506,4.111354063735505,1.5256747165179798,-0.04616574018192071,Iris-setosa
5.482046922639219,2.6349736848538132,3.9257062864379386,1.177894122422711,Iris-versicolor
5.542920605124496,2.531087913365745,4.517753211434613,1.1024914497472496,Iris-versicolor
6.308013791035892,3.1162925871097316,4.526517150344925,1.1335385801461628,Iris-versicolor
5.984244905409811,2.6185025576601495,5.8329360526084475,1.2869140658912803,Iris-virginica
5.607533346756725,3.0520232448070734,4.208150048712735,1.2205355591834222,Iris-versicolor
5.45272651939552,2.7794400340435974,4.04266648861401,1.5610829938087916,Iris-versicolor
6.1919227846616955,2.5539400912416355,4.907928097304866,1.6084562598065781,Iris-virginica
5.628231355292727,2.5810034102247754,5.298002233467935,2.0430616583396186,Iris-virginica
7.724492597746764,3.922569873359618,6.2935783921835045,1.7599650132573095,Iris-virginica
6.491127805111916,2.636395300627992,4.076850278872034,1.2906328404086929,Iris-versicolor
5.5882186856929215,2.978205375531709,4.959710366440602,2.3923608567158543,Iris-virginica
5.396064025600061,2.857232932935667,4.494427766304548,1.4473226738094154,Iris-versicolor
6.864863784497647,3.2722258330501366,5.819902223522194,2.0350062114391334,Iris-virginica
5.189433293096094,2.2858706681678034,4.639862914759175,1.747815586853086,Iris-virginica
4.7846178713877645,3.0891372293059347,1.485917607934708,0.2209574025613922,Iris-setosa
6.024041298416721,3.2911405019884366,4.42946648129841,1.4423266867246736,Iris-versicolor
5.205504561241219,2.5797446599688003,3.2386649366709985,1.1351963885560874,Iris-versicolor
4.5953307377067425,3.441165211507677,2.155211284723104,-0.09175684040103338,Iris-setosa
5.3477801681183115,2.7305645771405245,2.877699217046935,0.893582825179627,Iris-versicolor
5.736184840063731,3.6109328969134764,1.86636005225479,0.07435786438800515,Iris-setosa
5.855613657609978,2.767171662104488,5.275494284614854,1.811063848950475,Iris-virginica
6.248510554920927,2.9036218693105096,5.305470048320598,1.6383406781211203,Iris-virginica
4.2750994762663055,2.109361037514755,1.3165178135620779,0.0888467644003117,Iris-setosa
5.718248944865999,3.2226333611853564,4.036616917558508,1.55632877928453,Iris-versicolor
4.5206689673270715,2.8798480345300614,1.3117215771524777,-0.05009675420926665,Iris-setosa
6.360358378461429,2.13704486098718,4.286445626119263,1.274487832263557,Iris-versicolor
5.882793031613196,3.1659519631129043,3.5566930279911757,1.3905311948391694,Iris-versicolor
6.504027734780085,2.8114774527957653,4.653790504702269,1.6609418522546315,Iris-versicolor
6.121872334844345,3.0456537433522795,4.951380722899462,2.0620096562444052,Iris-virginica
4.8811547313491195,3.148329389512443,1.4509890622523183,0.14880569264015372,Iris-setosa
4.761937296818347,3.233198824092645,1.4181338373532628,0.14131905348971166,Iris-setosa
7.136611809503503,3.1338530150169945,4.860888756973481,1.5404728314829852,Iris-versicolor
6.562989323055922,2.4319827508728937,4.701953000111398,1.257436457217022,Iris-versicolor
5.386046769912544,2.03689490344167,4.206666038299724,1.0005972983760598,Iris-versicolor
7.625727912633348,2.8468815207051867,6.007619864663626,2.0976307450525145,Iris-virginica
6.16603980512237,2.9695866111734373,4.3334444156991925,1.2638732100848742,Iris-versicolor
4.671071542903646,3.4756403827130082,1.8742348956491728,0.33893825514641074,Iris-setosa
6.498263683779021,2.5072063730627026,4.783202589501564,1.5530325072519209,Iris-versicolor
4.553269203073124,3.5100388791876007,1.7173516712220573,0.28521370495105425,Iris-setosa
6.953523392763258,3.008010033605336,5.304557884509202,2.0714043281605723,Iris-virginica
6.8075452997994015,2.9799204750999957,6.033166052396843,2.5628383643990515,Iris-virginica
4.983503008196594,3.6841308468388956,1.831269415557469,0.6294772289175967,Iris-setosa
4.999042708292385,3.2899743578099976,1.6703025922416794,0.49705532073876135,Iris-setosa
6.073356702822381,2.525608297601076,4.89892582663894,1.5125330326292643,Iris-versicolor
6.358876696646093,2.753262137642922,4.760705074335801,1.3995789854002396,Iris-versicolor
6.1791469033745265,2.991289482338042,4.246877959151855,1.4707555127820027,Iris-versicolor
7.044368154575007,2.9761338548156644,4.667606614844785,1.5345687001971444,Iris-versicolor
6.26101031774372,3.251504510191312,5.3618418997012025,2.620833080042836,Iris-virginica
4.940620190613564,3.134020446825773,1.3381329061379545,0.2834649181053413,Iris-setosa
5.792083152053752,2.315547480982104,3.704955852083393,1.2978385924154567,Iris-versicolor
5.696850763207344,3.285564010071078,1.7933853384583727,0.6784495237344013,Iris-setosa
5.912973375931592,3.1442518972960736,4.230773376545122,1.0831539783607285,Iris-versicolor
4.665178344338636,3.589185684281745,1.5664740655352893,0.14813018637914377,Iris-setosa
5.0849415517074075,3.586681831768678,1.5058717840664841,-0.010062837152018889,Iris-setosa
6.172660076392016,2.781694001399843,4.571035481849453,1.5577767298571132,Iris-versicolor
5.685856782644786,2.7344369474896966,4.174977763329921,1.0702560060011537,Iris-versicolor
6.474326485354739,3.2859335279467863,4.433564730551165,1.6722759916417276,Iris-versicolor
6.290237420286798,2.4006955321835037,4.788628343601118,1.8537727221438292,Iris-virginica
4.804363565891963,3.1483394143144032,1.3004974017514517,0.5565208643856188,Iris-setosa
5.62879849472333,2.93192153468766,4.919587105544094,2.6493642041412655,Iris-virginica
6.865786420922606,3.4553817227477626,5.997370551398656,2.133995095189,Iris-virginica
5.900348869307463,2.969531648420868,4.999707664583049,1.8255073721244004,Iris-virginica
5.890324683539977,2.8411342765203376,5.0106036954140425,1.7141996424612476,Iris-virginica
6.977243708534432,3.357664655196386,6.16503665436241,2.7661326901159664,Iris-virginica
6.319268556511913,3.076189452240267,4.4228057289537,1.3063412422153429,Iris-versicolor
6.131535804288816,2.4107471900356234,5.109450339761175,1.4168282641656897,Iris-virginica
5.07832990674356,2.1047311053558624,3.354689698716861,0.7544829510723472,Iris-versicolor
6.421811105037912,2.756806352431642,5.848432606550657,2.004606840356357,Iris-virginica
6.757960368251221,2.8895536271538886,4.148751846956202,1.3680240704484907,Iris-versicolor
5.896300808653206,2.8020539752854443,3.730226477532262,1.223073843462624,Iris-versicolor
6.709977530133075,2.9620803295898765,5.570445376345439,2.221664314814168,Iris-virginica
4.691287137039977,2.117760445047203,1.513964435498967,0.10595482405973705,Iris-setosa
6.008056015230544,2.202720582284239,4.785650719349413,1.8161880995880222,Iris-virginica
5.505603489380054,3.1376930538622463,4.2588837347501425,1.2940488626977713,Iris-versicolor
4.889305645156732,3.6124576515908426,1.9074943604717767,-0.015458448327531793,Iris-setosa
5.704137926276587,2.6221945997862717,4.52817378220441,1.265188346207419,Iris-versicolor
7.154110558503706,2.6649279640612713,6.474326090318688,1.5092446894428169,Iris-virginica
4.734164212394132,3.143292434096763,1.8646560630436753,0.3019540782990605,Iris-setosa
5.561372805564715,2.4469810408064276,4.964333948449672,1.8855540352414697,Iris-virginica
5.5899418104890914,2.58360212421948,4.06278098667802,1.2025543532703575,Iris-versicolor
7.085395346951667,2.9147315348735545,6.068621881203455,1.6604859200763806,Iris-virginica
6.317618421264512,2.6913121394913064,4.638512840878048,1.1589691183945894,Iris-versicolor
6.152121820766282,2.8015351388405008,4.995344779127346,1.926264157677065,Iris-virginica
7.082776239752719,2.5387983124108824,4.970782514840264,1.291035752981032,Iris-versicolor
6.573483639644181,2.920912481614258,5.895195327003475,1.5051103126656726,Iris-virginica
5.990655377632248,2.731576472769029,4.500996736538585,2.0905284457593125,Iris-virginica
7.4526979969266005,2.7441026173258236,5.784463455691948,1.8742240978103195,Iris-virginica
4.646382675582023,3.2604349686750607,1.463577274264724,0.0001626878891192174,Iris-setosa
6.740816570683197,3.112422317844583,5.770524974909079,2.2090383237379263,Iris-virginica
5.471119461648988,2.558168104257896,3.8465962522635344,0.7688273548137132,Iris-versicolor
7.038766303595866,2.8491730998022664,5.316820195859701,2.5400921187986105,Iris-virginica
7.25469609537299,2.871444500059564,5.863251560245036,2.0231638682469617,Iris-virginica
5.571430602152242,3.0746204122363148,4.153655613835441,1.0103412444142055,Iris-versicolor
6.08908381647747,1.9578580456274834,4.772202143035235,1.616643283957899,Iris-versicolor
7.8636035148812224,3.8175031958308505,6.4397695685463,2.000215916410248,Iris-virginica
7.632430675375799,2.689079494697723,6.871713690399265,2.0749175620350937,Iris-virginica
6.340855505398286,3.206697250693029,4.767666647321617,1.5710192051845495,Iris-virginica
4.554327928171683,3.166976316259798,1.2152654629204205,-0.004588885378400548,Iris-setosa
6.1980447786880575,2.8430305449725917,4.383725667390953,1.3421775195074572,Iris-versicolor
5.81758401660239,3.0262414509229303,5.123885522341149,2.641377948755647,Iris-virginica
6.7224657509331,3.1872667586919188,5.656200646221687,2.5375120276041603,Iris-virginica
6.024301439047892,3.005175579222584,4.906564086155294,1.844890206728955,Iris-virginica
4.289280323773161,3.1678114961480497,1.2848623799729395,-0.009091534224170444,Iris-setosa
5.563204662995332,3.5135039634348844,1.3246098686562737,0.06421452330727573,Iris-setosa
7.065852078248096,2.9828619934239775,5.568502154557118,2.3583832652852705,Iris-virginica
4.761581050858055,2.4946073807566447,4.763121267326138,1.7003701267662874,Iris-virginica
5.410327102507378,2.2092197056400527,3.494156117205163,1.2011704970620387,Iris-versicolor
5.120694944862002,2.814780977734239,1.4566000737043692,0.39637201194314037,Iris-setosa
4.875924300184243,2.452925659589236,3.487551311712571,1.0820265679630046,Iris-versicolor
7.08773259336964,3.616888625794637,6.336591202769671,2.4622580232648485,Iris-virginica
5.974865886315424,2.5697830880709813,4.7734926932586115,1.442246901597387,Iris-versicolor
5.003451161324144,2.613716250895548,4.182268773161395,1.1864410370678269,Iris-versicolor
6.048643560901391,2.705965903390995,4.691560070168558,1.7567190117720006,Iris-virginica
6.133382156975514,2.394625363311888,4.249395681962653,1.4948131575848103,Iris-versicolor
5.970789576420855,2.976673861011605,5.263168406583186,1.5239456758896783,Iris-versicolor
6.367726977135316,2.5229989144360863,3.9744885457988484,1.1212223041350053,Iris-versicolor
4.622134931413435,3.460990144833858,1.9634749477272864,0.3834988146258204,Iris-setosa
5.14882797417507,3.0392262140772743,1.3982342342952372,0.4955748822807854,Iris-setosa
4.641664723270723,3.0403772672667158,1.5763591826281287,0.04234016167154761,Iris-setosa
5.773677457051278,3.896887008177641,0.9451318919724842,0.3444586561375878,Iris-setosa
6.989510285266068,3.1950320121620233,6.090009811035458,1.4641818718824962,Iris-virginica
5.33477794011044,3.2184981832971093,1.4326420153008772,0.20078955449653346,Iris-setosa
6.057885576637669,2.772800304448145,5.692502091568743,1.3689993866266834,Iris-virginica
4.985925911190587,3.48922087076844,1.8173411706766833,0.39691825819540055,Iris-setosa
7.340963545791355,2.9697420420401164,5.7744395107493585,1.4913722025841385,Iris-virginica
7.382573037015709,3.0522809648376223,5.650804853713048,1.4611769733252145,Iris-virginica
5.627448804260996,2.4768226425202196,3.9039582473333523,1.1906776972666862,Iris-versicolor
6.13684288467714,2.3236079262525826,4.840207858505185,1.437618347702585,Iris-virginica
5.608739340590637,2.8080803682265767,5.209226643254428,1.793832781564563,Iris-virginica
6.452893118420634,2.678747597614299,5.157796933403694,1.2446187303967353,Iris-versicolor
5.194439619110439,3.7373516317034823,1.512133243339512,0.11985797207542151,Iris-setosa
5.537313686070725,2.6784735731866314,4.872732206526158,2.2842927414907392,Iris-virginica
6.568608570495461,2.2826507530083324,5.938236221973792,1.9356988482037567,Iris-virginica
7.250609272152835,2.9811225158684214,5.849601635061987,1.6649138826567698,Iris-virginica
4.677485090844882,2.706843955471034,1.1678107048980102,0.05391502051830083,Iris-setosa
4.621156281014427,3.0102189278376135,1.6043001285712757,0.39306647456958355,Iris-setosa
5.1552313167818244,4.172008097879599,1.7861496250525581,0.40016131813833394,Iris-setosa
6.223997844225581,2.96540881146447,5.362024139226267,1.9320873317877663,Iris-virginica
6.329855773008225,2.7724337851373644,5.769539659688174,2.0496323368308893,Iris-virginica
4.719705969429266,2.955943059870245,1.3755209134960238,0.047729439019752073,Iris-setosa
5.687063760929599,3.788396668923774,1.3462833462356465,0.40635120731713564,Iris-setosa
6.584363651323091,2.944355635238371,4.210796914548513,1.5519603893766354,Iris-versicolor
4.541410977849641,2.5854894727446487,1.1454235599408313,0.05712537174203236,Iris-setosa
6.706702932326225,3.585587881496091,5.958030473470478,2.799010521310204,Iris-virginica
5.011300050250938,2.870607681543609,1.370574841761448,-0.17739984801226263,Iris-setosa
5.452015355855359,4.061274947632095,1.2416970227866777,,Iris-setosa
6.3155123856367,3.155477405367638,5.883074560904993,1.858932347871032,Iris-virginica
5.216022928670086,3.0260938054223367,1.6052738921547722,0.4418261843473568,Iris-setosa
5.686057317025722,3.4057994883845004,1.5249553367961413,0.3390818835433535,Iris-setosa
4.830732957712423,3.5964775192000693,1.6461301662421468,0.025561809297440313,Iris-setosa
4.9420560489335115,3.2067954216734655,1.4310080200396262,-0.1026345149711799,Iris-setosa
4.613407794252399,2.7959088309225817,1.3823245567805107,-0.02694877593277517,Iris-setosa
7.3370801013003915,3.0670107396270234,5.998504560268948,1.8316300591412527,Iris-virginica
6.410932567675192,3.2656466430767854,5.883048232083456,2.3009846548732225,Iris-virginica
6.663556951387988,3.172240778324275,4.847050691688343,1.806129463431172,Iris-versicolor
6.879226963508347,2.942508398282117,4.3866567538926065,1.6602355970052367,Iris-versicolor
6.57728222226766,3.1942852693131365,5.264502301249269,2.015416240301607,Iris-virginica
6.042453018435248,2.551126942610814,5.030556748862802,1.732282321171033,Iris-virginica
5.644051865724772,2.724198243054139,4.133150703056971,1.2832450206632589,Iris-versicolor
5.203447729114171,2.432851582561288,4.104480746777493,1.2508042842953262,Iris-versicolor
6.182638119321793,2.486033936804604,4.526083189053836,1.0348118698848752,Iris-versicolor
7.24677049114731,3.240689869184337,5.617458529075478,2.087271632075044,Iris-virginica
5.411794886808776,2.5083923939249724,4.215805206229906,1.1689771921767123,Iris-versicolor
5.104872557623021,2.3389636277394508,4.528658300661012,1.7792513135376287,Iris-virginica
7.570125780251835,2.7581535260327605,6.468229515318172,2.0784305197561608,Iris-virginica
7.14507578563818,3.1571133043094752,5.214693873502574,2.001923422629911,Iris-virginica
5.952832671830398,2.967098707397073,4.020345024614996,0.9350145600935489,Iris-versicolor
6.620090184074278,3.178426653166528,5.996138531428508,2.507438649737681,Iris-virginica
7.426271738039767,2.961539187138777,6.057072883749327,1.3646484940884507,Iris-virginica
6.404279494267809,2.3942997188801325,4.297518280842759,1.0343644927157045,Iris-versicolor
6.242331366350265,2.2322242420280394,4.975371066770843,1.5578821363465085,Iris-versicolor
5.893069204660729,2.9226722371388387,4.83881918934088,1.5673411042986694,Iris-versicolor
7.304427938830813,3.165785684535714,5.564480894751569,1.6644787684325044,Iris-virginica
6.527140362816038,3.0246725890457227,4.463228516377382,1.7015743994242483,Iris-versicolor
5.026141896852246,3.3095777160134805,1.6564486322247862,0.23643111083740997,Iris-setosa
6.070798120057411,3.1670971958183283,4.231017145329517,1.6598561637608928,Iris-versicolor
5.564428501852348,,1.6292236391381567,0.12377320196342742,Iris-setosa
4.708764312051695,3.6617932625757748,1.882101719664554,0.19135319947220147,Iris-setosa
5.155909343857143,3.1054783167606663,1.379189374772673,0.44949789915110394,Iris-setosa
6.293288460187124,3.026058396722919,4.311321020823099,1.5570522206390787,Iris-versicolor
4.306574173094361,2.413942183080842,1.3521637813269354,0.5877159351060636,Iris-setosa
5.239959639931616,3.769505945112478,1.6979174885058292,0.285967570304334,Iris-setosa
6.8395604547134266,3.0441422911604494,5.998545444375423,2.201340684033937,Iris-virginica
4.746653421676972,3.436205600611683,1.188864699378863,0.2694895998158761,Iris-setosa
4.9228201768185365,2.7217825627713492,1.468970946625421,0.3265398119815913,Iris-setosa
4.21429081044586,2.9290172493679516,1.154673430523846,0.11515468788274255,Iris-setosa
6.142632479185126,2.5498109430436715,4.825190764725612,1.5312146144760947,Iris-versicolor
6.605454811625098,3.0931626516055486,5.2059784107170515,1.8215022993017151,Iris-virginica
5.6738819484039595,2.7522737538004503,4.52096768518008,1.735894002168097,Iris-versicolor
6.855578992278265,2.7421904007261335,4.548941804227854,1.1676837716607564,Iris-versicolor
6.19358729349405,3.1047037652739418,4.224759060256483,1.497428319831989,Iris-versicolor
6.123341538674173,2.9464570019671195,5.035624900698898,1.7992312925225418,Iris-versicolor
5.641096545402407,2.6298122478932098,4.194652758352297,1.3642570972053976,Iris-versicolor
5.757144040429721,3.2234866403214477,3.9945162741214912,1.4195568379090044,Iris-versicolor
4.798295595510803,3.2885821995494284,1.5285987783204127,-0.1119016997543836,Iris-setosa
4.483132486583351,2.938630263319853,1.5899556632969916,0.255883570785433,Iris-setosa
7.351914987707776,3.092430578315247,6.775051453892464,1.8858216321287748,Iris-virginica
6.370777667651396,2.9545948842180056,4.801423767907373,1.000289088934244,Iris-versicolor
5.312817153098365,3.8110075632127565,1.9163108541286522,0.5983053690833866,Iris-setosa
6.100917069033431,3.0780564728063147,3.9957774430017787,1.2580071529068042,Iris-versicolor
6.093375724801198,2.835696369581241,4.191342659217276,1.1405008740181075,Iris-versicolor
5.258858948920499,3.657924294768029,1.3683997018708085,0.208429104526539,Iris-setosa
6.129924773076549,3.018906099618962,4.972077085066394,1.9190192419499685,Iris-virginica
6.311377165874418,3.0567485699089656,5.7212781889974025,2.0473742091098557,Iris-virginica
4.988803085135299,3.730861522917187,1.479344963845335,0.5162200958154707,Iris-setosa
6.352499257050437,2.427785045641106,4.147088407256249,1.583657310249354,Iris-versicolor
5.926500761530811,2.7423856587510276,5.000377347425065,1.8644569378951048,Iris-virginica
7.059923957520662,3.4824706059171775,5.744552777254702,2.1053170733048754,Iris-virginica
6.684137609886323,3.247988037030405,5.860200149031001,2.291851357930722,Iris-virginica
6.120461074305012,3.293666550135181,4.812232628540905,2.0434004360616105,Iris-versicolor
6.062834287766473,1.9708425147201183,4.778926414654244,1.7244393524541404,Iris-virginica
6.259755562669522,2.886100554652229,4.346052444620734,1.2138518824012534,Iris-versicolor
6.126495479548815,3.2860591137335238,4.508088552510995,1.873388775460915,Iris-versicolor
4.389319499517177,3.288416019555291,1.4748474210800717,0.2504615509206157,Iris-setosa
7.284601536122665,3.4341371064316637,4.92248695018827,1.612824148927624,Iris-versicolor
5.884886320885741,3.2603785293316125,4.694866162427217,1.84878825337496,Iris-virginica
7.372236031573555,2.7648550611221916,5.901565284138096,1.5331140609155685,Iris-virginica
6.105582361772174,2.9716783309645907,4.78838926621705,1.7978226556519228,Iris-virginica
5.049627436172696,3.2570690460726475,1.2229041364249515,0.28622946534156885,Iris-setosa
7.432264014381865,3.4056718811730278,6.23620251219692,2.20624161203242,Iris-virginica
5.758346213568312,3.8748712868228203,1.8334510758254337,0.3825126700216989,Iris-setosa
5.5281695194322875,3.6827128197132146,1.203133085669061,0.44132178117661636,Iris-setosa
5.889927041405751,3.1287498021700806,4.3310594089490015,1.3885461968636055,Iris-versicolor
5.141822298401965,3.6796194592182743,1.5544656568633526,0.3791606693520057,Iris-setosa
6.428985954995143,3.1015787132837227,5.011027268720755,2.275047467728754,Iris-virginica
4.841237226360304,3.1604153045647037,1.2198352277951963,0.16808500149944794,Iris-setosa
5.357831923469432,3.929791881802057,1.9227305063126325,0.437458853623649,Iris-setosa
5.104619299963863,3.6066205002306675,1.2990543080638062,0.5736595685362424,Iris-setosa
5.903921712195491,2.067731270277573,4.062047821513511,1.245959173176759,Iris-versicolor
5.182899961675898,3.393411815809001,1.3383913898329243,0.37187310653584704,Iris-setosa
5.904542376056343,2.7767429124850045,4.732611167039207,1.9263156637464822,Iris-virginica
7.4832088933245045,2.624227363058538,6.775322558724229,1.8554929052744153,Iris-virginica
7.6825239639174,2.670412950167064,7.138700241442143,2.595254277546007,Iris-virginica
4.928413653894124,3.6070092580961433,1.486786962708782,0.2231180760493845,Iris-setosa
5.910001558745845,2.1197502577703906,3.9429388846687052,1.0204042522045305,Iris-versicolor
5.072949610288155,3.7884244055807086,1.6148240420501423,0.3842438351166961,Iris-setosa
4.598164784510202,2.826304671533593,1.2022031669701687,0.17775540296338943,Iris-setosa
5.616990451748713,2.8622900576658146,3.536191582340112,0.8092306031420475,Iris-versicolor
5.328317813407797,3.4800913871072128,1.5496453257871923,0.3273943206020846,Iris-setosa
5.0560314785669656,3.3010493470711237,1.250592237528103,0.35413873817041874,Iris-setosa
7.911012987393562,2.9714705439493354,6.998707741946787,2.131213012598057,Iris-virginica
4.675577191072003,3.0798590747036396,1.2819061884373957,0.5725704850064923,Iris-setosa
7.111126970528391,3.2195003862712817,6.01142127475195,2.259885406080141,Iris-virginica
5.430111832250197,3.631268701513748,1.5701825559952811,0.2011868696072625,Iris-setosa
5.997537567669577,2.7447619244545916,4.381427651767647,1.5887494842057897,Iris-versicolor
4.987800997615402,3.018181760918861,1.3518182113678676,0.16784706338768302,Iris-setosa
4.691395790593798,3.289298778504271,1.4427039431446254,-0.07942124139076151,Iris-setosa
6.585274465425087,2.9961347136825873,5.111268237679386,2.2398514307416764,Iris-virginica
6.106637190411576,2.9296991218204944,5.077747105057581,1.5292069561819241,Iris-virginica
6.435888133105989,3.3901072921546858,4.4501056221791115,1.1605956792013155,Iris-versicolor
5.340175998784768,2.873062595956361,4.4103211803287055,1.2524916186924246,Iris-versicolor
6.166722646606809,3.2473002223410767,4.8691429116789475,1.5363640066475426,Iris-virginica
6.044714131315792,3.5764103323411254,5.792076085306273,2.626061952021213,Iris-virginica
4.7384969698468815,3.1608546365547396,1.5833776694870232,0.2391262291391774,Iris-setosa
5.782504741543585,2.5545337525135823,4.860723557299848,1.951461563881528,Iris-virginica
5.620112702050394,3.3538290464232174,1.4096189326208979,0.3237756889638298,Iris-setosa
6.151827727167854,2.714831721326374,4.895186183856306,1.755271325465848,Iris-virginica
5.485570789444891,2.6167186395047652,4.410563207468754,1.2830609047751438,Iris-versicolor
5.413522987629976,3.6888322691131155,1.2470859957662959,0.28977643183863133,Iris-setosa
4.939939818005309,3.845686831495936,1.2388906026425435,0.32792650450696015,Iris-setosa
4.623386092046002,3.3122817236750066,1.3247603144310074,0.05360494982400457,Iris-setosa
6.411187161106368,2.701254977695424,5.605936487496081,2.35812573909815,Iris-virginica
7.633924979052118,3.0358268505666812,6.108136259751517,1.6313989022611455,Iris-virginica
5.045162945139774,3.0813644683225823,1.532272806216777,0.47313610554939023,Iris-setosa
5.766737005628302,3.011808513787594,5.060288839802838,2.0898860003138995,Iris-virginica
6.512712766536703,3.3052223410241575,4.258742840873348,1.5393414397861902,Iris-versicolor
6.006449117201322,2.6565304546783177,3.609079412722534,1.0108733117255404,Iris-versicolor
4.723529440456535,2.8345085617449866,1.4793843022606148,0.21849886880586172,Iris-setosa
5.199924276008343,3.6329247737112342,1.4983999657855591,0.25172953504204637,Iris-setosa
6.585252163155064,3.0730135591293495,4.849994693355282,1.803200364183396,Iris-versicolor
4.916683567582361,3.326373334629756,1.5662854177684256,0.2801427942476411,Iris-setosa
5.093694870234213,3.568255153850721,1.3100293328115629,0.18651803115256183,Iris-setosa
7.061560485648281,3.227199028559811,5.374719240527592,2.373261004593857,Iris-virginica
7.368224155828499,3.8154182735971798,6.265316316397943,2.464836312323322,Iris-virginica
4.931250428958906,3.86964411582217,1.3233774811076078,0.44731348050563513,Iris-setosa
7.413211730547666,2.932823554104653,6.293888971980727,2.2477323405472425,Iris-virginica
4.9630295828760955,3.217939062731276,1.6268473472061933,0.48877500373788485,Iris-setosa
5.445994952375008,3.7295378880654377,1.453445181587208,0.4387538832504451,Iris-setosa
6.38039920855816,3.388198600827468,5.580541275577112,2.446395120136353,Iris-virginica
6.246180404842604,3.4892213851926823,5.390694346118696,2.0739261363102597,Iris-virginica
4.521842997835746,3.0642938544402503,1.3595839528074274,0.1798817185503102,Iris-setosa
5.329684685738822,2.1967779033328565,3.8625007254139136,0.94813893359756,Iris-versicolor
6.502420946790093,3.5203111284068,5.836908218102534,1.9860173043624227,Iris-virginica
6.907591139402889,,5.97417087445192,1.3677002081803578,Iris-virginica
6.536138260688777,3.277338472720859,4.65427858661965,1.3682595934840538,Iris-versicolor
5.26810254048873,2.407811525628492,3.9827790132390697,1.547315326685878,Iris-versicolor
6.207210314573118,3.1432616665387263,5.777734833082941,1.9748504448091464,Iris-virginica
6.119336348915034,3.3858552014566454,5.664396118679821,1.7548006581075364,Iris-virginica
6.722399759800211,3.27929488105739,5.782959325285905,2.116862731710252,Iris-virginica
6.730877080241877,2.9979667100499805,4.7619506815805694,1.33264120877213,Iris-versicolor
6.218746227929291,2.6974485297050688,4.922957042251099,1.6214260258240183,Iris-versicolor
5.645295164111056,2.748624894189236,4.181646730401302,1.4672988854659859,Iris-versicolor
6.491790250836412,3.082709828286908,4.1716293457098645,1.1212068981862702,Iris-versicolor
5.36973446592515,3.5330897824715506,1.2940851713869275,0.1313394732099941,Iris-setosa
4.616288387096572,3.114864744525627,1.6839010771794884,-0.03412132837436235,Iris-setosa
5.581565919742855,3.1741208922989936,3.886801456761635,1.2410609931399224,Iris-versicolor
4.624396258552513,2.740044039509192,1.1203031954864198,0.41221681853434844,Iris-setosa
5.8324924215476734,3.0087447915771945,5.0970245319978265,1.8842341215255176,Iris-virginica
7.391031605626605,3.039540652963899,6.8139524362257875,2.3515486289743723,Iris-virginica
5.958473701811817,2.994556205048538,4.806140023739004,1.5471829293733745,Iris-virginica
4.731194782730707,2.5699429833462433,4.42473614100698,1.4249421972597398,Iris-virginica
4.606551556979973,3.1939660022277647,1.141768749694768,0.1301061343819159,Iris-setosa
5.496919719761823,3.954272284801697,1.548437390476509,0.5234878286504558,Iris-setosa
5.289588914342261,2.314041649737728,3.9973948437789195,0.7958588197610308,Iris-versicolor
6.812584207790514,3.491196104673569,5.628981620815875,2.097713201086713,Iris-virginica
4.807681596843218,3.1041293419276164,1.386534453372739,0.2742288740691229,Iris-setosa
4.94398729979757,2.888999841181541,1.3701518513987505,0.00876483761457822,Iris-setosa
6.146091277710956,2.709758171351621,4.734029092560194,1.160929987421639,Iris-versicolor
6.989089380420029,3.2433909393127105,5.821053581696733,1.7007123501063255,Iris-virginica
4.958092824719068,3.9805534536401272,1.585250697958847,0.31653472453141085,Iris-setosa
7.602286096981606,2.7417610875214735,6.8288461299199765,1.7949650254015481,Iris-virginica
5.063136969486088,3.830197874620151,1.4480086989947603,0.2005104488246358,Iris-setosa
5.343932243093869,2.551198373627735,4.114546219968483,1.3261045520403238,Iris-versicolor
6.7497957067670455,3.2016664441556726,5.705537926207269,2.3886059669529818,Iris-virginica
6.9648376513609715,2.9172217945417716,5.66573044824324,2.4419818403896167,Iris-virginica
6.011570403765152,2.7085065006999,5.553567228896353,1.7351644940367899,Iris-virginica
7.335500290580409,2.7562799696183333,6.336701083458699,1.5850985021871296,Iris-virginica
6.110741955267573,2.2216638378671196,4.69823549590022,1.476089323350858,Iris-versicolor
6.199879840663489,2.9253477693068084,5.6123824176275425,1.9914186436772112,Iris-virginica
5.277303921180734,2.7777024401970754,3.0911519448953424,1.1959119595337029,Iris-versicolor
4.728240240443016,3.0559315375235805,1.6884979691750435,0.2085332952832363,Iris-setosa
4.417900217711567,3.2399840181953117,0.9249675674214366,0.3412095661245722,Iris-setosa
5.2412602583035515,4.00223430118648,1.8395038413025786,-0.01738828930459263,Iris-setosa
5.389255187113904,2.2665733750537074,3.505471933404175,1.0979335339766032,Iris-versicolor
6.400040471373042,3.1235587975857606,5.479357927657691,1.5125437818610474,Iris-virginica
4.32743011078188,2.960575850471369,1.366497595273822,0.22969650742008124,Iris-setosa
5.802085833688432,2.333018610688275,5.001232875214332,1.6588497046712238,Iris-virginica
5.804811924379539,2.8070371575982502,4.004123994526883,1.075324203110267,Iris-versicolor
6.257060220953702,3.2210131187536954,5.584854170045258,1.905610160064728,Iris-virginica
5.073371246846094,4.015558736153392,1.7487202859190532,0.09510764668382812,Iris-setosa
5.502050091433676,2.567212650577371,3.704198042160964,1.018119327657672,Iris-versicolor
5.849456213667796,2.9394830195337316,4.752207647469701,1.0651781076152043,Iris-versicolor
6.419920033515568,2.991186069627579,4.738544061581604,1.7498439760459852,Iris-versicolor
4.959419159809659,3.2362499701590326,1.1332963527015232,0.14169483667769273,Iris-setosa
7.558195741602667,2.673887991066036,7.145071972852861,2.0209656677289347,Iris-virginica
5.551356764990261,2.4355948579359517,3.876187745082249,1.395914877995618,Iris-versicolor
4.6770920808831224,3.6646496331242977,2.0665111164763785,0.28662930936789094,Iris-setosa
6.417038236012069,3.0172535164474312,5.634547361745176,2.4008215207775514,Iris-virginica
5.48861891070104,3.537797278339852,1.078062618984278,0.1938944399359558,Iris-setosa
6.352420193861079,3.188411458547349,4.491812327664851,1.4107312638406682,Iris-versicolor
6.087358888879859,3.6222813902524216,4.315437659434833,1.4411124402617284,Iris-versicolor
5.223231495394738,3.441547115813705,1.6757181740474012,0.08270940696972293,Iris-setosa
5.3556380600833835,3.504062002046449,1.9446336443268104,0.710894433625959,Iris-setosa
6.250871772434647,2.9777860124701974,4.881620247902745,1.5377917037516178,Iris-versicolor
5.646835896944273,2.326377289970167,4.163529360217481,1.0962316929012472,Iris-versicolor
5.965455339828289,2.696812074750076,3.961230084977614,1.1524246311056316,Iris-versicolor
7.158681619079749,3.0781072601305928,4.6603318732908825,1.6827578632265612,Iris-versicolor
6.60505702556586,2.8390763558381424,5.718431503209058,1.5587383152371657,Iris-virginica
5.162731848329687,3.7348985275160613,1.9381353950190783,0.19183968187420158,Iris-setosa
5.746075678207771,2.8068669068901264,4.996420293327527,1.6491897807642215,Iris-virginica
5.137880155822561,3.4426789147480767,1.3149627089047367,0.006306285781018939,Iris-setosa
6.602516571844036,2.9604623856673387,5.046913841237878,2.3321687106424087,Iris-virginica
6.193439566564827,1.9426842957803543,4.614409348995647,1.658202898724445,Iris-versicolor
5.206990831030461,2.9055943501746064,1.726428884764364,0.08701508730799201,Iris-setosa
5.3873173190356125,3.224825395443482,1.2446490988944876,0.5855883519716147,Iris-setosa
5.541585999451459,2.7232110817469373,3.826858946566717,1.287525510660811,Iris-versicolor
6.950803302192471,3.060019651303599,5.861226308409107,2.243582327602107,Iris-virginica
4.923847552319474,2.215332330655769,3.2392352812089418,0.9868586835661605,Iris-versicolor
6.220853605685001,3.392216898746005,5.2278218016673055,1.800748149471877,Iris-virginica
6.513160277630258,2.4108182445637336,4.792009401427936,1.6095280269263101,Iris-versicolor
5.52909792019167,4.136887798898245,1.5984171515850147,0.6415559651057032,Iris-setosa
5.949910100930807,2.43229192110564,5.260992918596301,1.6347003169564653,Iris-versicolor
6.121894634682858,3.46855946024134,5.5367095743605725,2.5198853592293333,Iris-virginica
6.13855718561601,2.9119622716681652,4.593869716086462,1.6361725228946986,Iris-versicolor
6.006191414631278,2.6969856080335464,4.849033423993775,1.7767951426786013,Iris-virginica
6.611488189730338,2.9572808016621908,5.746212162565109,2.3019870272799756,Iris-virginica
6.5012301552748175,3.050709894385609,5.32376965588079,2.361178274271345,Iris-virginica
5.383427562374585,2.2699569361860514,3.816713468235776,1.1520912834192134,Iris-versicolor
4.941436027351097,3.3746124651282425,1.6257174972104658,0.23383398348792367,Iris-setosa
5.391675034722499,3.990513404472361,1.2079956327372645,0.1335829537250112,Iris-setosa
6.340021859553085,3.0707700227239814,5.4067807252386935,1.7213893117208523,Iris-virginica
5.3226432436480575,3.7969605867110108,1.3397162157632692,0.13590318276518162,Iris-setosa
5.784382660686041,2.715978420095062,4.951985691389529,1.9497207430201176,Iris-virginica
5.00993988516259,3.489077234968167,1.5429415471090835,-0.024923952659071436,Iris-setosa
7.341987137420964,3.221553310513464,5.871390817497645,1.8823613224280535,Iris-virginica
5.6257896606173965,2.5405930848474174,4.447350324279155,1.5743220131353397,Iris-versicolor
7.469536043650787,3.03302821751336,6.08866246805794,2.163392042058766,Iris-virginica
6.257045132507734,2.8805207368810564,5.352612358436562,1.4048694692861408,Iris-virginica
6.9222075716784754,3.3130815012268746,5.771931488211135,2.1775805884092425,Iris-virginica
5.206836614994966,1.7609296096464444,3.245096030559758,1.1429979934790295,Iris-versicolor
5.32820188677286,3.806092288792001,1.2699511857220382,0.41042821369339366,Iris-setosa
6.389671971310925,2.939621926606927,5.852093670542168,1.804048132509511,Iris-virginica
5.631650266392528,2.8647842178121223,4.015534761959675,1.4406182386653312,Iris-versicolor
5.3939386763957105,2.7758641655197764,4.395161994912865,1.265091708314654,Iris-versicolor
5.52031929903972,2.552910858551103,4.413589338527269,1.2626920203256473,Iris-versicolor
5.685707347172003,2.347838874869482,4.322725383552004,1.4616542313293646,Iris-versicolor
7.006053677044751,2.856512353509025,5.072303081485365,1.6395116326349994,Iris-versicolor
6.612121933017326,3.1201699585651164,4.518884105219183,1.4081118562912225,Iris-versicolor
6.422423319988752,2.0518870826795963,4.782243528638985,1.494957089571225,Iris-versicolor
5.040143938573846,2.228570253641128,3.4851509021974545,0.762949370588024,Iris-versicolor
6.933747656074587,3.077397253501215,4.912840643895246,1.608894682431757,Iris-versicolor
5.486627123953672,2.3073951892460456,3.4654044488597133,1.0503371932204124,Iris-versicolor
7.753467626373412,2.934239575537146,6.588409951534756,1.8435506237576913,Iris-virginica
5.095986370265354,2.332033541088895,2.779028661321657,0.8973204814199958,Iris-versicolor
6.063123143308124,2.93656529555583,4.7028453264617776,1.642711393155677,Iris-virginica
5.84028321235577,3.1027429255079606,4.236122124818211,1.369000931584922,Iris-versicolor
5.386327580211678,3.8157101744689133,1.5242637238877859,0.16348865416052005,Iris-setosa
6.518438685560992,2.1200872412149714,4.351203546537978,1.267999328189728,Iris-versicolor
4.439968944907574,3.2131589669083436,1.4832411652101458,0.2886894702707779,Iris-setosa
4.85321161098724,3.553366502546432,1.7087687815603525,0.5581753445181857,Iris-setosa
5.530990433014938,2.8591491245160956,5.220826829191595,1.6869904677327099,Iris-virginica
5.641811148018479,2.936516258731595,4.3642943066213435,1.111647874079533,Iris-versicolor
6.269364693124433,3.086742908767121,4.436315960300844,1.5976014402807546,Iris-versicolor
6.025208068596402,4.187061613484889,,-0.026880613260857555,Iris-setosa
5.289575554652943,2.9265160186065,1.8155827161620697,0.025313523963817502,Iris-setosa
6.413969531176435,3.253639586664622,4.61408435141087,1.5099892111510256,Iris-versicolor
5.7114285728246275,2.464409040069668,4.199446675314923,1.1589322357471064,Iris-versicolor
5.221424044584851,2.9034688718026613,4.579790531755641,1.5233888675344487,Iris-versicolor
5.550503114272844,2.9675479173094645,4.472224846943472,1.1674713390122164,Iris-versicolor
6.525530667286392,2.739674964856683,5.311854938711145,2.038607574021297,Iris-virginica
6.882064148856983,3.0413765235630366,5.548796889962842,2.2787335866942646,Iris-virginica
5.853329461177586,2.520921505688634,3.7940563782169883,1.12976003443223,Iris-versicolor
5.0235012233775285,4.070375376011723,1.8561777750410955,0.6417296890728237,Iris-setosa
7.613367471684531,2.349029363050338,6.8004070111728865,2.5692723500545305,Iris-virginica
4.899559307194121,3.0922240625042186,1.5097420506664785,-0.10210026859326701,Iris-setosa
5.938776223801838,2.259861706771224,3.774990290458402,1.0222288614367763,Iris-versicolor
4.880923790305342,3.0966702761695983,1.5126535212522512,0.34306967444182124,Iris-setosa
5.447022090398519,2.5476346479751393,3.6950033736619368,1.2511600892934573,Iris-versicolor
7.057193674544957,3.0400774601877503,5.677200709482506,1.8801368195310753,Iris-virginica
6.307622988331227,3.2646819928187703,4.632608785594438,1.5454079950146502,Iris-virginica
5.472492407094499,2.9934458919239253,3.9153413823960697,1.310278793166154,Iris-versicolor
4.906718820632965,2.870378798575856,1.5968327080680682,-0.00885362430977396,Iris-setosa
4.920524635905647,2.818372883476382,1.4063033130947924,0.11729617765052006,Iris-setosa
4.259754243948791,2.8094538846351216,1.4447859254889752,0.06876885607951846,Iris-setosa
5.023928780554151,3.716494602252694,1.4093159316531065,0.30326110583193766,Iris-setosa
6.956982690839793,3.234807358932574,5.6334131711688205,2.395139853266868,Iris-virginica
7.460216760517335,3.0523031745081557,6.320650707460996,1.9606676323171088,Iris-virginica
5.504123194217882,2.4063282087541635,3.972116253820224,1.0754522116881495,Iris-versicolor
5.570278752743379,2.237304258379855,4.227947282460684,1.0110975754986562,Iris-versicolor
5.363953736037419,3.477508854972095,1.508046290981575,-0.07265871992038109,Iris-setosa
5.7089488802864405,4.688559199135942,1.3507465708039497,0.26677636218558787,Iris-setosa
4.206028097544819,2.9610371887379223,0.841662759604092,-0.19884785637906363,Iris-setosa
5.687999828692596,3.2465278627600456,5.093173839160196,1.7865973417791767,Iris-virginica
4.442083201814105,3.166394556871032,1.6229302708306135,0.06079480238085336,Iris-setosa
6.5943434792612745,2.8114953442476653,5.094813382218595,1.8718808986066926,Iris-virginica
5.403185141116557,2.7967564014761437,4.749485351614272,1.4856448602579424,Iris-versicolor
6.276386786141901,3.1047269232749297,4.600032537016846,1.402578341403852,Iris-versicolor
5.686680010064061,2.692310766123278,4.547735298121313,1.4660643909726738,Iris-versicolor
6.916069900348965,2.565694888501779,5.727903871986593,1.8728428500130523,Iris-virginica
6.334864543780869,2.6869365182451266,4.532164438325867,1.105005307559652,Iris-versicolor
4.919114104883218,2.4168217198715802,3.2166852696862476,0.9239492546427464,Iris-versicolor
4.968550090120367,3.7881498603517363,1.4566315551523021,0.345316673537762,Iris-setosa
8.060332056950374,3.847653684489261,6.635161042872509,1.9680081881135214,Iris-virginica
6.021557340274014,2.817920738390694,5.037557606482274,1.6794337369998422,Iris-virginica
4.996595225106384,3.9293543466257073,1.6024468519267072,0.26664732954195336,Iris-setosa
4.590055889579025,2.9065377101835077,1.2964474089970197,-0.07300218132244773,Iris-setosa
6.139560612166159,2.8929408633144638,4.979217847172404,1.0781609394708171,Iris-versicolor
7.385519430619675,3.358137791425852,5.9272992120892125,2.76661463149006,Iris-virginica
6.108537000075513,3.2409711700965653,5.195246449159674,2.385771016306792,Iris-virginica
5.890059210803873,2.7253874383297614,4.1261739484177955,1.5795906653360303,Iris-versicolor
4.547693500546262,3.142374579158817,1.1662027130481156,0.5864720816246396,Iris-setosa
6.582024436526698,3.5481923379231186,4.985613088270861,1.5555716941295765,Iris-versicolor
4.738036979588354,2.4433315327042893,1.4733373862315733,0.4303725788450736,Iris-setosa
6.9326741323031555,3.4418513261271046,5.531069382607477,2.33559808230374,Iris-virginica
5.087771635764531,3.818631895763798,1.2275959589935688,-0.1501929467067641,Iris-setosa
6.662225921366928,3.208015447152514,5.2062783027841695,1.7184169913053429,Iris-virginica
4.670266445541849,3.088158689278052,1.31247297054102,-0.004558647584446379,Iris-setosa
4.953480517928943,2.2842259284427646,3.4578061339941626,1.20743727064751,Iris-versicolor
6.064492261949142,2.9148704790418294,4.338055760278776,1.1729755062899359,Iris-versicolor
6.494092483636476,3.095439382151236,5.613682750641109,1.9397111001890008,Iris-virginica
7.401968661932583,2.6814084275978245,6.385380756030573,1.709905312859989,Iris-virginica
7.530272940481592,2.933115169945148,6.314583033693865,2.1285939651833585,Iris-virginica
5.064350138738141,1.9090119584459346,3.494585902062305,1.2400608651284204,Iris-versicolor
6.316310552521835,2.454013931894667,5.8605978313521945,1.4698790838277827,Iris-virginica
5.636180469862515,2.3086413647389685,3.987094906922497,1.3726751472608454,Iris-versicolor
5.70745174628726,2.9724397231529904,4.090754646862854,1.1870634724618894,Iris-versicolor
4.827341141264359,3.387071479526395,1.663822693913413,0.3998939827417964,Iris-setosa
6.719265124262859,3.013460570251661,5.368030283292733,2.0767345675422964,Iris-virginica
5.630360208655225,4.010359080847654,1.4987479209479586,0.05080858933484397,Iris-setosa
5.010910729573759,3.2734554520665142,1.4443488601601087,0.39879930308234357,Iris-setosa
5.033073023858659,3.39779070144101,1.5453501763679764,0.18492868039136479,Iris-setosa
6.083306950269911,2.2220771755250137,4.707872237184888,1.6964405800384053,Iris-versicolor
4.019832702369327,3.057380993396111,1.2733170981902127,0.25513358419488397,Iris-setosa
5.654893277048287,3.6926040449263735,1.231412758273494,0.03627384059466068,Iris-setosa
6.489697922451325,2.8646080127145503,5.130657599180018,2.3163220389744006,Iris-virginica
6.018285651401304,2.928561804200816,5.106172154684928,1.7809460193935753,Iris-virginica
6.047080627597263,2.8617432208291147,4.747213776299097,1.9947667555444646,Iris-virginica
4.621120492167926,3.1272015744475627,1.2407137969778412,0.09569620243484969,Iris-setosa
5.499549471405582,3.6316988485575683,1.2546891966236955,-0.038227131000860726,Iris-setosa
5.858964178986781,3.1144333941743985,4.796795820124618,1.3489091580129988,Iris-versicolor
6.301754455965991,3.4927567686025442,5.345933686371613,2.333629305467932,Iris-virginica
5.160151335292662,3.5129341491862798,1.434986282692222,0.833780674492576,Iris-setosa
6.503391684174138,2.6360681896820166,4.882113657646173,1.1619425010572622,Iris-versicolor
5.946007008567151,3.613895189093871,4.45466061405313,1.3427566462517748,Iris-versicolor
4.899607916670518,3.3536645113233865,1.543870574454023,0.34083581020342124,Iris-setosa
5.542776183342831,2.8016026807361603,3.3958618418127333,0.7747189253550747,Iris-versicolor
5.212332536765036,2.212387861008977,3.64879398891118,1.0703975179476153,Iris-versicolor
5.209750185822113,3.7028918507433946,1.5895736812785874,0.1433307867399416,Iris-setosa
4.786616497180632,2.959654561016875,1.6513499628249286,0.402339148574285,Iris-setosa
6.65984007975077,2.7959732799065065,4.565710909274422,1.3269170257189138,Iris-versicolor
6.135396663160097,3.0402130380718897,4.051564615506493,1.0911116891697135,Iris-versicolor
5.49605779329416,2.848401417033427,4.149027416681327,1.1241189044163316,Iris-versicolor
6.495625610512452,2.1694130577978576,4.606879523046885,1.3593438186042108,Iris-versicolor
6.196660024189492,3.187115340971888,4.367635416235134,1.5611740287870675,Iris-versicolor
4.591272344078517,3.5798398810164627,1.147304218063473,0.15945112636871472,Iris-setosa
4.830947785546424,3.6447672049870525,1.6528511467075326,0.09066839507938046,Iris-setosa
4.807980946141833,3.5494595898536816,1.3620911682674879,0.8425845559473093,Iris-setosa
5.412746198557606,3.162609591494847,1.7418105360235177,0.24131095332772828,Iris-setosa
5.8856251143177785,2.8956817803135295,5.169718289474016,1.951707011892279,Iris-virginica
4.339586719847399,2.9331501720129967,1.3447825612725768,-0.004598496891857429,Iris-setosa
5.90985137558055,2.6903082938076617,4.803801989743515,1.7728369674367956,Iris-virginica
6.632090376057856,3.0582364722334665,5.3999692405860635,2.315110300441494,Iris-virginica
5.366659961564756,3.447811901249837,1.3164381826629115,0.11864531221370683,Iris-setosa
5.214276124070198,4.277937939657002,1.4090875415538577,0.41811420118513043,Iris-setosa
7.156043383694876,2.8465807142734465,6.209723918523635,1.8528355135987764,Iris-virginica
7.048943298480284,3.155680073755965,5.427246237624952,2.143315298309981,Iris-virginica
5.91169782112893,2.218399944242558,4.2431662465085624,0.908037623919391,Iris-versicolor
5.068050344363839,2.373828299190971,3.3888565049167156,1.195848650142969,Iris-versicolor
5.2774845454068595,3.196378984213292,1.7503380943906852,0.14321339313453824,Iris-setosa
4.768545090406885,3.860679825852034,1.3158937552955026,0.29611570234052187,Iris-setosa
5.3323083427671545,2.4491882233907893,4.329297756765685,0.9285732796550188,Iris-versicolor
4.587577688880523,2.8249238438054483,1.3916887016827202,0.2144957168468595,Iris-setosa
5.417775730867381,3.2761905829788254,4.427632606586762,1.4468005747823367,Iris-versicolor
5.560539327046392,3.5412007619084025,1.5450432689179825,0.3001541267363989,Iris-setosa
5.670815565185105,2.7264548152358734,4.073241708908619,1.2903037202354035,Iris-versicolor
5.8076421189981335,2.6044593138578898,4.025778890259702,1.3394735370895638,Iris-versicolor
4.637747850767929,2.829396388632734,1.4929269614051994,0.49491033303694576,Iris-setosa
4.911672376850633,3.446875989334495,1.633802195505638,0.5128550235684379,Iris-setosa
5.684705288828834,2.50212760037661,3.3759426535845827,1.1702950223107242,Iris-versicolor
6.734753681856974,2.8078352822023076,4.69006300519814,1.5471787294127501,Iris-versicolor
5.65831101159238,2.8133520422259233,5.180998179814274,2.4736871859945966,Iris-virginica
5.604457934157864,2.904979376845165,4.490415371494803,1.249439649817361,Iris-versicolor
5.29443554191558,3.531744207668871,1.681539054569227,0.030939704505141608,Iris-setosa
4.862160530415711,4.067309247827917,1.7780730858152582,0.029841546187723833,Iris-setosa
4.896417934316106,2.50387544000416,3.4456208263640105,1.0013912019680036,Iris-versicolor
7.41003617356087,3.151446767144365,6.213370016072505,1.9704336697367029,Iris-virginica
6.193261525496317,3.1140984518877257,5.306733730533361,2.177111710143475,Iris-virginica
6.106184318152851,2.813302275233615,4.7946937478549065,1.4996722481648843,Iris-versicolor
6.461179724605984,2.9368354506462646,4.956313367437147,1.966549749120347,Iris-virginica
7.007924464383802,2.8312814377444657,5.332710429839054,2.068007967084932,Iris-virginica
4.637351765647564,2.795435501130775,4.462430747095675,1.8409596176622247,Iris-virginica
6.12723383127917,3.0868565123289775,4.341806327757233,1.2267138594914009,Iris-versicolor
5.533652972531244,3.0169060201780162,4.68283110116572,1.9655202269504453,Iris-virginica
6.928146105870638,3.390089867630609,5.604361357622278,2.3575060173099267,Iris-virginica
5.728911771332415,4.417951764201276,1.7454064822678663,0.2370897516365836,Iris-setosa
6.268213481341524,3.398255475216865,6.172236131277581,2.6239933997555673,Iris-virginica
6.11946050236831,2.7736693772081003,4.502086916117804,1.5333967793790189,Iris-virginica
5.333449957374973,2.482902514811641,4.10848442389502,1.3510034768023251,Iris-versicolor
7.1123341556054225,2.9869756834916212,6.163180385988224,1.9687009028243792,Iris-virginica
6.439664700831681,3.081571256810893,5.774476925265486,1.9629132633942323,Iris-virginica
5.665912254786266,3.447112193867344,1.888923564032737,0.34217543965948327,Iris-setosa
7.555267537513584,3.051011815747827,6.653316209664247,2.0368656185203324,Iris-virginica
6.732363774135171,3.044148215525254,5.121823560756611,1.730794782325463,Iris-virginica
6.0409878101764765,2.88753616897411,4.824510533089766,2.0420761982720386,Iris-virginica
7.263397000863668,3.0386328920184833,6.1897158595946955,1.9932257317586484,Iris-virginica
5.1108027965824245,3.8502037242447114,1.302405793252097,0.3679430882655578,Iris-setosa
5.238336252713565,2.434918328787108,3.791136404682472,1.19528222283613,Iris-versicolor
6.6584641601306505,2.438177515190351,5.454964176133431,1.7899424949365241,Iris-virginica
6.2283536059891444,2.5620018694100786,5.1120229908092885,1.487397975884925,Iris-virginica
6.424938861086875,3.489617456178485,5.169177363742838,2.4419749621144846,Iris-virginica
6.935629790182229,3.366528976695146,5.958471603302444,2.485181181814348,Iris-virginica
6.1303743839310085,2.4173310473557685,4.6308202328930115,1.9140301842518563,Iris-virginica
6.059566243887477,3.9126873216520117,1.460854442990865,0.45096210757821587,Iris-setosa
6.135196570004674,2.70666080693651,4.853696115706527,1.5626653550739813,Iris-virginica
5.515258968081869,3.995163514448058,1.9426662254333773,0.03830672367228716,Iris-setosa
4.902383394262595,3.677553844035783,1.3321009911556991,0.13032260339116375,Iris-setosa
7.571240110052547,2.700673373380961,6.214251005368247,2.3469158214341626,Iris-virginica
5.950828706451796,3.2363696690039534,4.58373295900744,1.5013177268566524,Iris-versicolor
7.960531709857078,3.161179254920365,6.14603160185975,2.2609617869983807,Iris-virginica
5.097015110440645,3.4948448275546538,1.3843588694152404,0.4991615624053608,Iris-setosa
5.79723271312834,3.0049375068082465,4.559362719908031,1.6519658672537085,Iris-versicolor
5.304477902677051,3.6487342468710566,1.7860443727182806,0.2953608980964118,Iris-setosa
6.267764041020939,2.9517826203318234,4.742231076301283,1.4825273888390456,Iris-versicolor
6.756372439295118,2.8382443901563637,4.709178635517403,1.6487091679412162,Iris-versicolor
5.526183969498824,3.2175457728685792,1.4051611429018778,-0.012034366731810159,Iris-setosa
5.163460108341518,2.471466625866851,4.175415788239382,1.3808928428493985,Iris-versicolor
5.217220364386325,3.1065635186994696,1.3521807489106226,0.16892524796130098,Iris-setosa
6.315601624353773,2.867569742569365,5.952040426500496,2.2403507562446574,Iris-virginica
4.615643747062585,3.2791906843992376,1.1616853722995655,-0.06078090529345914,Iris-setosa
6.781044168909251,3.1006204071503394,4.716535281756118,1.276537572539995,Iris-versicolor
5.636970004514415,3.5807220121190904,1.828459559050005,0.1739191448775782,Iris-setosa
6.513859553578785,3.480669540141611,5.929304885874963,2.2716164916117716,Iris-virginica
6.566477632648907,2.595459365167245,4.979246240048549,1.5595556777327633,Iris-versicolor
6.3993301865355585,3.068691473039099,4.493484935197309,1.230850555670341,Iris-versicolor
6.311256653032279,2.5745959808468943,4.708188272656443,2.0854127501777797,Iris-virginica
4.487081515580865,2.5252344202683368,1.2316704798896319,0.3704048810026543,Iris-setosa
7.088881939058986,2.9745758756084766,4.7976941983851855,1.658242168069284,Iris-versicolor
6.643290145870475,2.9485936507110373,4.693188621281414,1.7438336542918376,Iris-versicolor
5.9541533301353855,2.9234968299632564,5.115859223917682,,Iris-virginica
4.649300663120832,3.410879357202159,1.6503300766781044,0.19432782253929481,Iris-setosa
4.552195174197723,3.31378916569815,1.262429212829462,0.14550585724591084,Iris-setosa
5.90273015119298,2.655032989714244,4.553166001044206,1.5963672202648487,Iris-virginica
5.548773184287975,2.8554626168554647,5.3040078426778,2.1617740083322894,Iris-virginica
6.365493879408136,2.904821206306668,4.753064816669432,1.4308516938774534,Iris-versicolor
7.440813486298578,2.9820482504771566,5.864366934701047,2.3743483184521783,Iris-virginica
6.49462496608203,2.8446122709244572,5.16899061344418,2.0491821034898265,Iris-virginica
5.943379268318575,2.7620220590657873,4.847403754994321,1.41669939141878,Iris-versicolor
6.359232793261328,3.196952418916601,4.546192053247857,1.0186179554024688,Iris-versicolor
6.273960295288369,2.546371929572557,4.933428391922625,1.8641568454636608,Iris-virginica
5.886912484819407,2.8364267860273795,4.718566432417403,1.5174450772539603,Iris-versicolor
6.311429486053487,3.3310078852483316,5.117798525571895,2.1309152998226213,Iris-virginica
5.318577043428327,2.5059018586438015,4.561626956248137,1.2079708289939903,Iris-versicolor
6.471709363092261,3.06591855438521,5.016424927186522,1.4460224447210617,Iris-versicolor
5.694185721983847,3.540024081651101,1.4104659670520434,0.19024481696899076,Iris-setosa
5.493941268612371,3.247203369652666,1.3124560892945238,0.11357373063086332,Iris-setosa
4.424428743215752,2.330032439018299,1.2264972576031765,0.502260408967604,Iris-setosa
7.653872678080445,2.8179430922182047,6.7878617999373,2.026264760687376,Iris-virginica
5.251722880820647,2.5298443322018738,3.131256011303304,0.8159246066534604,Iris-versicolor
5.674640566875066,4.203042515178189,1.4324799462038453,0.41367340303741573,Iris-setosa
5.3789128775033195,2.5157424857967463,4.756869102334531,2.0483879790288575,Iris-virginica
6.000300497646781,3.040575949122697,5.373966494276877,2.4412833717022915,Iris-virginica
6.040994132658342,3.1943060293023238,5.107318539933182,2.5156914965157573,Iris-virginica
5.922177813175249,3.0940294931920773,4.085332006414507,0.9437459358498004,Iris-versicolor
6.7249145562005,3.020524415224409,4.793799925027724,1.6452974280802266,Iris-versicolor
5.7214946979386445,2.7358498556941586,5.284748632557687,1.4093578352555707,Iris-versicolor
6.246433815506163,2.8834885351490156,4.748361701786591,1.593747587333616,Iris-versicolor
7.901188971424586,3.9684388477343138,6.338782408164608,1.7037537652955217,Iris-virginica
5.58841418423761,4.269431616900048,1.5056381683699094,0.4812471089478821,Iris-setosa
7.562658772673048,3.8406742964683778,6.506899095976701,2.3658173888008784,Iris-virginica
7.4169859920299155,4.049125294964779,6.890202272188494,2.2369013144592946,Iris-virginica
6.713424506687474,2.3904544949923454,5.946033381982687,1.7789651329026273,Iris-virginica
4.928628443063065,3.094974960007837,1.396289943245198,0.1435243627510289,Iris-setosa
7.70981146358322,2.8007012951865407,6.6593630426197725,2.224733562487886,Iris-virginica
6.39045229999818,2.5089846700747604,5.357409120132892,1.8066655952695256,Iris-virginica
5.403062714138132,2.426235950469402,3.9276761321771168,1.2652445687078349,Iris-versicolor
5.4160217455464155,2.840351467287622,4.4357934978136155,1.147586783609831,Iris-versicolor
5.743438053042236,3.1778055174340984,4.116178979335394,1.37471765104527,Iris-versicolor
5.666967110013989,3.252730088168004,4.463188511338283,1.4946133067038738,Iris-versicolor
5.574115474970315,4.563943711178636,1.2219206255390693,0.22450729574286768,Iris-setosa
6.931936804867951,2.7266148100268266,5.639563980577116,2.0927580905824428,Iris-virginica
5.853731736133691,2.9139689521197956,4.762139960105182,1.9990102852202636,Iris-versicolor
6.969957287451256,3.1752156387258723,5.839873916705617,1.626856897856031,Iris-virginica
6.393161665781276,3.2914194817601867,5.365577098155774,1.8403262205131825,Iris-virginica
4.293980728832365,2.684400227724554,1.251797268582999,-0.054854809406743865,Iris-setosa
4.6518492855746425,3.0175617844111087,1.8830416780735106,0.2543194084801234,Iris-setosa
5.590437606207024,4.480390966252043,1.4851649541219107,0.6586799387738491,Iris-setosa
6.500750986106502,3.3046437262536967,5.306904767233373,2.259612704906619,Iris-virginica
5.617427599271855,2.685023649955121,5.037727424038595,1.9282107334838623,Iris-virginica
7.644607826448457,2.510343033612868,6.043735989610156,1.607610177303373,Iris-virginica
4.992706573946645,3.507086460118775,1.3288418007607619,0.4290446033027319,Iris-setosa
7.106510919660667,3.1663959090558818,4.847257848279789,2.013022504310723,Iris-virginica
5.336881984287153,3.19311365849451,1.3597563642435568,0.10056679978911467,Iris-setosa
5.341829912504466,3.9324847449718527,,0.4241160402196222,Iris-setosa
6.233459906399149,2.516666370916228,5.564370922282806,2.233284885040958,Iris-virginica
5.3007836445460335,2.7074753860896412,3.6691187381039647,1.2533430757521913,Iris-versicolor
4.905030055150688,2.115266355774651,3.435883871595704,0.8140804530616232,Iris-versicolor
6.409428360977725,2.866795523968887,5.352673478857289,1.5484207728041746,Iris-virginica
6.149339141811311,3.0579096073166503,5.060140919627405,1.6550547727687897,Iris-virginica
6.084505837776476,3.1834734035035996,4.756024352181921,1.3381205838536205,Iris-versicolor
6.874779093180376,2.858705277826927,5.207042904017421,2.220495758418033,Iris-virginica
5.138961741951242,3.2267870681329147,1.4447285495486442,0.4217220057503984,Iris-setosa
4.414241072441181,2.9880926298154544,1.1069070917675952,-0.050126003801358066,Iris-setosa
5.890627218910569,2.3740950566817203,4.258081203992789,1.0282107991765388,Iris-versicolor
6.585451665691837,2.796608807585539,4.758303860604666,1.5133625574230112,Iris-versicolor
5.174066302591456,3.1935638769445593,1.7445646408646045,0.13794254264688144,Iris-setosa
6.893062927478801,2.8540880332810383,4.43773401455905,1.5724443601196993,Iris-versicolor
5.209227260105656,4.391479682130437,1.710292924559708,-0.12202136111644715,Iris-setosa
6.4178071656886955,3.164712051907438,5.127957546637456,1.45978795847079,Iris-versicolor
5.343519188349269,3.2848424246502796,1.69338176555841,0.07795607888113645,Iris-setosa
5.040265975943078,3.74440850038983,1.303977156136399,0.512447812407667,Iris-setosa
6.837484563272049,2.8524051938517765,4.974729238859703,2.4870514478644306,Iris-virginica
6.494101524510636,3.1440377076748263,4.202783860535698,1.365439077847038,Iris-versicolor
5.227188234102407,3.632490335150186,1.4423878654771116,0.40839518863388624,Iris-setosa
7.036321267626275,2.9227596958257265,4.788178081890475,1.3366357998452485,Iris-versicolor
6.650813875722501,2.7079367774059833,5.255543297893402,1.8774770006692114,Iris-virginica
7.889924950219997,2.719927207657235,6.951972732886359,1.7033075967585731,Iris-virginica
7.165703018253588,3.242966325128033,5.62645814238525,1.3661067928791215,Iris-virginica
5.194215348392783,2.331393935115526,3.0759458447776065,1.0983428753939533,Iris-versicolor
4.967646702608283,3.341465847252057,1.5551950625988589,0.0034435119286621574,Iris-setosa
7.326350752207359,3.7202808398580522,5.934283693656979,2.6566435160239665,Iris-virginica
7.343790414308128,2.8125513924739796,5.9324946921441795,2.1786645864112124,Iris-virginica
6.7342494361033465,3.233165648818837,5.699165279434375,2.2463315945859703,Iris-virginica
4.645282861903923,3.0715436815217534,1.7616806487791365,-0.038472167935319296,Iris-setosa
5.074438837950067,3.687099450396376,1.7792274690680627,0.0010843099168064696,Iris-setosa
4.712349967483158,3.1938132102926997,1.5096275770773666,0.48152939261020433,Iris-setosa
6.28395088833513,3.060442528876544,4.113445315050596,1.0953102727628143,Iris-versicolor
5.688366876831122,2.9958636934672382,5.015852816177237,1.9430690792285374,Iris-virginica
6.1396501990968355,2.8388534321385004,5.684055866519071,1.4096905839279725,Iris-virginica
4.811185560521976,4.059967588413277,1.3155042641912402,0.10524058440469469,Iris-setosa
5.522036304423365,4.597471041501803,1.3395377456738893,0.6757758356505454,Iris-setosa
6.410185131057356,2.8743324923725693,5.176289876381143,2.290783022107917,Iris-virginica
5.174369535422049,3.6034947761723566,1.2720912885530762,0.3978175810069073,Iris-setosa
6.2470626199598875,3.1422603304832397,4.40705260721506,1.2209350512948547,Iris-versicolor
5.993178067412862,3.0521600236399316,4.402060037699633,1.1992868610891203,Iris-versicolor
5.3669296014266346,3.20937776850201,1.4313475786461423,-0.06294173617657578,Iris-setosa
4.15269160313133,2.9806520327049557,1.1139813896732589,0.22857031825045604,Iris-setosa
6.027435123889581,2.9523810776487025,4.946054876225344,1.8027913394704118,Iris-versicolor
5.13448136369649,3.417531925355872,0.9540620957827555,0.04420949294483814,Iris-setosa
7.133681481511774,3.261255207505525,4.93859205068451,2.104725341657348,Iris-virginica
4.929494646592329,2.1120704563996604,3.6300565682237464,0.9159267117780256,Iris-versicolor
5.738041524265913,2.412515379999136,3.68528406259231,0.9740078623338801,Iris-versicolor
5.166712980243473,2.848122846731565,1.334495862677599,-0.036370037972206865,Iris-setosa
5.333994732420205,3.748156534190189,1.45209161344619,0.2674821373282358,Iris-setosa
5.274975468302064,3.1273172082860623,1.48883547628543,0.42940809197778895,Iris-setosa
5.748068802138573,2.7377386147230296,4.368072985726647,1.0729480114525893,Iris-versicolor
5.67493427478038,3.404654223136643,1.7374186435586036,0.23632973115468178,Iris-setosa
6.999584832260947,3.2206323111269217,4.721549188306506,1.513124750810047,Iris-versicolor
6.4845526636774,3.0572657801507064,5.015984532502795,1.739912991000674,Iris-virginica
5.481784049073352,2.9339874440420526,4.709154264716819,1.531228535418515,Iris-versicolor
5.593125394379612,3.170976034309972,4.206893986904351,1.7216012025386072,Iris-versicolor
6.102642179227576,3.1746952497814562,4.708644888543051,1.943088896700064,Iris-virginica
6.846943463337517,2.9817242198789518,5.258068207010601,2.3533645957844254,Iris-virginica
7.599396617167273,2.9378717953565077,6.071115587271701,2.5381588302290434,Iris-virginica
4.929775894132809,3.185361706680837,1.2606342181817376,-0.0024208583945525275,Iris-setosa
5.545613218353389,2.4269030189876517,5.105428940695789,1.9371324225783488,Iris-virginica
5.784321895763019,3.9489118241336425,1.1752331780038983,0.20238115085706204,Iris-setosa
6.165516969323382,3.2722010460727535,4.489656926777537,1.3453784491932959,Iris-versicolor
5.291759175974608,3.4318502316726587,1.4223418604644131,0.680053672819904,Iris-setosa
5.220469939286794,3.759401519984163,2.0305287778404546,0.6023945658712839,Iris-setosa
7.079405185733345,3.3201463819162083,6.0607223899748055,2.205764482354845,Iris-virginica
6.6616890080187785,2.8032661412517057,5.874904749408227,1.9218339191789324,Iris-virginica
4.40165178045959,2.5698500119643817,1.4910007932633702,0.30699209176914394,Iris-setosa
6.729961588279947,3.258683392662441,4.633169026544441,1.7372448796988642,Iris-versicolor
6.041045523246003,2.2757371040227565,4.126442597665757,1.3551835149078337,Iris-versicolor
6.682985052167297,3.235812902349899,5.3916659479512585,2.1444864655620064,Iris-virginica
6.471638622557733,3.0437379592943623,4.591764054674129,1.4881028389485123,Iris-versicolor
4.951426187619389,3.0354229118063296,1.8466180380124575,0.41445405087218135,Iris-setosa
6.948363812657795,2.8684335845386757,5.034998545225418,1.202611741603588,Iris-versicolor
6.494990980679735,2.4316679714669562,4.771626135153065,1.653782712766463,Iris-versicolor
5.7704931471446175,2.8872218231704796,3.2964586683493184,1.0176716772511498,Iris-versicolor
4.900312851951301,3.2466467520014572,1.8116101028836835,-0.04126039348635388,Iris-setosa
4.431729420528077,3.6318408313532777,1.3226974338993474,0.4978483812441843,Iris-setosa
5.344908978936134,3.335344631957261,1.4427557759406269,0.5294692609743531,Iris-setosa
7.316166331612754,2.9748911214053058,6.010680758259646,2.354804072364519,Iris-virginica
5.087727335308811,3.058074564874326,1.5652685457839066,0.04552793003808164,Iris-setosa
6.2406922470360735,2.7350265986507893,5.1742286471015575,1.6232504753824202,Iris-virginica
6.230472057710208,3.1502263231764274,4.688438249341109,1.452363581957893,Iris-versicolor
6.582399998371679,2.4054802157972492,4.145517101113021,1.0081306768949274,Iris-versicolor
7.218465790439986,2.7187408436495515,5.748256224292081,2.231343940129947,Iris-virginica
6.468356651583637,2.3827663513003112,4.8905937234292445,1.7966531131314951,Iris-versicolor
5.571818969601236,3.7573776993002923,1.3651983339004128,0.0373950009477029,Iris-setosa
5.647568278138587,2.704476553732815,4.2470586180954095,0.9758686334877668,Iris-versicolor
7.849253713027378,4.07495308598092,6.993174361378274,2.3994618367741967,Iris-virginica
6.478014662557812,2.9871016963960617,5.2242474897637425,1.7707701181482696,Iris-virginica
5.009419388441166,3.315989960981056,1.36550093055651,0.21314924470990243,Iris-setosa
5.5339137302578685,4.270337611000525,1.435801400453111,0.33079153086223523,Iris-setosa
5.958180240936955,2.4493608836099856,4.320101608561575,0.8492016792655219,Iris-versicolor
6.523331880582082,2.827907442176353,5.160660607534808,2.052349224743774,Iris-virginica
4.909662808128229,3.0267752601705533,1.3080418163477683,0.023771062456034053,Iris-setosa
4.703965288614387,3.02760703195536,1.6431664252928924,0.15476927264802848,Iris-setosa
4.934864808191794,2.6577483084762363,4.112709098495179,1.467882970235799,Iris-versicolor
5.119622133960454,1.954216913180778,3.376838325302895,1.2639292168253198,Iris-versicolor
6.041120920121851,2.2060813080805968,3.8644413612410204,1.2950783427860253,Iris-versicolor
6.285162578917465,2.4992895297918443,4.263384967039847,1.3416578203452518,Iris-versicolor
6.756430364859582,3.34406769410991,4.683046589001158,1.4120600572731896,Iris-versicolor
6.258985683530351,2.988404819740446,4.740827390614565,2.046050398173626,Iris-virginica
6.641737427587526,2.7588863354814985,5.246376423741585,1.9610069555010996,Iris-versicolor
6.107371391742004,2.4133384528859425,4.753668210647499,1.499277988944943,Iris-versicolor
5.465442136371023,2.76852480479551,4.6868838446886105,1.7072726902390762,Iris-virginica
6.170583380465527,2.671240993040862,5.822728550349355,1.704923861199882,Iris-virginica
7.522081358126892,2.8548990615036214,6.2038834760744495,1.6099813391340623,Iris-virginica
4.71817504265945,2.563502736552298,4.4207846112122455,1.788808162673413,Iris-virginica
5.870547415063578,3.5485647679687506,1.7428534576387391,0.5206014990702508,Iris-setosa
6.236388445696783,2.5160186120411088,5.3762678687476715,2.118565930082369,Iris-virginica
6.664539937548856,3.3823722257157574,4.9096044554043266,1.5676239359956292,Iris-versicolor
5.393834178057471,4.2607674560569215,1.1059203398156725,0.1058733995919863,Iris-setosa
6.752041496662504,2.632143922331937,4.504553958654377,1.423338772058824,Iris-versicolor
5.263463624858572,3.7776236307014206,1.6465180848963121,0.0739367023970027,Iris-setosa
4.975729614553808,3.876152963108183,1.2152065822555906,0.32689018117187923,Iris-setosa
7.590975655226171,2.6825119552246295,6.633826406673029,1.862034786173519,Iris-virginica
6.484324149535369,3.4915202384298456,4.482175288814718,1.8442243623001715,Iris-versicolor
6.140153645177385,3.1491238303847,5.750263014086524,1.9874258567073477,Iris-virginica
4.352141630366928,3.2623392429513824,1.5192805436652006,0.47551212157164824,Iris-setosa
5.749334790400854,2.617363101759827,4.1832252639395975,1.3880615978091306,Iris-versicolor
6.190345279123933,2.4577991128601333,4.6171413119424365,1.4951235663211344,Iris-versicolor
6.144090031417398,2.272569356239411,4.962118503397086,1.4241905086023068,Iris-versicolor
5.398958993378242,2.568012035909883,2.9463683691557527,0.8937962973245448,Iris-versicolor
5.691298891204463,2.335848680819193,3.91201262322302,0.831326094628551,Iris-versicolor
6.22376961995237,2.724827856061951,5.387302518372443,2.0623515451407552,Iris-virginica
4.511759838944135,2.9709948345434243,1.69449212283405,0.04310154487347834,Iris-setosa
4.707626059018268,3.2328912954670885,1.7076522482244627,0.25558923968824526,Iris-setosa
6.348779266040585,2.8161352708124854,4.939720930066066,1.3044339336715967,Iris-virginica
4.468817310636089,3.2009438696951276,1.3312825367162853,0.4656319619973272,Iris-setosa
4.958108635576011,3.4156886784356466,1.6387173067249954,0.20671539457184263,Iris-setosa
5.592749608859665,3.5615907917149916,1.2468760628048767,0.3335023361514658,Iris-setosa
6.7105723445817285,3.2366359558512916,4.834315289420079,2.1767166262069746,Iris-virginica
6.042147975109534,3.5894923420384157,5.526111660075495,2.3780407770106464,Iris-virginica
7.378713512865355,3.1430554726092077,6.2280899282800855,1.6437441466609064,Iris-virginica
5.649533644330482,2.5173644328327445,3.5441180683455444,1.0905522162924173,Iris-versicolor
5.63923882194669,2.8803617787624356,5.366157607447324,1.8101821762234016,Iris-virginica
7.487995806223885,3.2247467810055235,6.083145069132554,2.420245098270153,Iris-virginica
4.757760975030282,2.587000800101865,3.5791910635326962,1.0144559347976394,Iris-versicolor
5.025799565991529,4.071700256020984,1.209174415221457,0.3640359122509819,Iris-setosa
5.632114137239706,4.129162174705809,1.3587269180913863,0.504747210703332,Iris-setosa
5.763499275357787,2.8839332029147275,4.446484494369441,1.519660738311484,Iris-versicolor
4.701015427938175,3.8882377953420457,0.8439288788844418,-0.07133423236351605,Iris-setosa
6.5657598976622875,3.0893520150564084,4.613709884331289,1.676539988836401,Iris-versicolor
5.985110519105283,2.7154528149133803,4.98930980875666,1.62095819534784,Iris-versicolor
7.17341854021881,3.0637826989319046,5.4160263208879105,2.388086463433976,Iris-virginica
5.1631318977402545,3.2219187720694076,1.7158719653892018,-0.023789252343866973,Iris-setosa
6.840482808886694,3.0965666145072452,4.856553776624816,1.5013186482792307,Iris-versicolor
6.109942738477272,3.34758131136696,5.737461295580486,2.139837092773652,Iris-virginica
5.427309944557657,3.642028693729337,1.947929873279889,0.2795695872546019,Iris-setosa
7.451125204790596,3.0596894977515032,5.984715276796634,2.099924767219786,Iris-virginica
5.3857573865307415,2.8864380942874948,4.25906522687141,0.9495850480072017,Iris-versicolor
7.101028023601234,3.386939555639852,6.070254541378718,2.718650398067251,Iris-virginica
6.3032374497325865,3.1378126762804515,4.235128475432022,1.0374775404558823,Iris-versicolor
5.667821086293979,2.9191956806487735,5.3212294258081645,1.750637964227734,Iris-virginica
6.762431819426975,2.907041470812194,5.6488328442387905,2.477091253124906,Iris-virginica
6.208355820061791,2.1972990157202323,3.979473802580644,0.9152933943158363,Iris-versicolor
5.075648800816668,3.3229267647965957,1.7116163741997568,0.17039212210011256,Iris-setosa
6.315716631730081,3.1160634502134896,4.120724218073445,1.6453704480382114,Iris-versicolor
6.252500361727205,3.01266052839445,4.7568914753975955,1.6414001804208864,Iris-versicolor
5.1342171723685555,3.3466232438577457,1.4776981633140263,-0.0869779693722535,Iris-setosa
4.3533235476792305,2.8586003074521273,1.0683825192652185,0.21391575176852665,Iris-setosa
6.5309508241643695,3.351049394580932,6.045895415170376,2.7333895919591216,Iris-virginica
5.743839041764512,2.4162931013244586,4.949629059125233,1.7309897617624088,Iris-virginica
5.1399476708061504,3.847087953313138,1.5153095941697634,0.37781170839811146,Iris-setosa
5.109717256594615,3.2097685101480677,1.399527110244395,0.4900172358364071,Iris-setosa
4.981140079429247,3.087409608229117,1.6553796181490668,0.11752308373138115,Iris-setosa
5.198244915966367,3.9722056138790034,1.7141746383681358,-0.06733512209900483,Iris-setosa
6.753981458888021,2.7059737032355655,5.291274023643761,1.8085769892586718,Iris-virginica
5.882991402962021,2.8267937594029235,5.3889117445637655,1.3764442240742223,Iris-versicolor
5.232451370668792,3.675558654316281,2.159792266971955,0.5616767002320198,Iris-setosa
5.357973562160684,3.3995015564382336,1.6338623230555067,0.3556404900424777,Iris-setosa
5.889461393184368,2.775218990427249,5.013069891446938,2.243572422649109,Iris-virginica
6.45245318910681,2.771291580067636,4.460011031937956,1.5598868147720224,Iris-versicolor
6.6861308800161305,3.2824441221141947,5.049405558922126,2.0530832617673855,Iris-virginica
6.586112697824503,2.780329374820851,4.207596762201067,1.4866561480573242,Iris-versicolor
6.2984309560084615,2.695810116833556,5.104292997752522,1.4577903226345073,Iris-virginica
6.192185508737278,1.9248524876522701,3.800385381353927,0.9680258022559725,Iris-versicolor
5.337001140453772,2.401076540102536,2.9179384913107347,1.2926093329906736,Iris-versicolor
5.530060825331273,3.591624928396516,1.7029839392963588,0.19165585535969004,Iris-setosa
6.842549777829294,2.9408716926015126,4.387706998599329,1.5497842608741723,Iris-versicolor
6.410394024684057,3.1905935150614924,5.903630791674685,2.300783492587486,Iris-virginica
6.87718054823264,3.324286672629416,5.380931471341536,2.411037008901213,Iris-virginica
4.331142367393405,3.053714307404275,1.5483035622254402,0.4643012164727357,Iris-setosa
5.070555306002457,3.0531375626477817,1.4850974139129691,0.32953733703946253,Iris-setosa
4.896349488214746,3.8980699979326463,1.3944475870638173,0.5086292236781452,Iris-setosa
6.626344077297556,3.2199172791990667,5.373356492038089,2.0749417523242775,Iris-virginica
4.201872807671963,3.203309267283456,1.066178880100721,0.11701136365120851,Iris-setosa
6.31390555700295,3.420834328594056,5.067174200444509,1.7100577579657115,Iris-virginica
4.849267767096262,3.8816078720596954,1.4382420203443518,0.22477727865788583,Iris-setosa
6.017536049309055,3.55239082904832,4.534917604117568,1.5639609312369953,Iris-versicolor
6.481612513438322,2.8660035465243836,5.6903552952093275,2.1493476055394773,Iris-virginica
4.56499051664815,3.3869319338806676,1.1480759812920445,0.12744144709238972,Iris-setosa
4.8436708435094555,3.5419491873749958,1.5431438067391197,0.12324168302996119,Iris-setosa
4.636640613660144,3.2423096032751983,1.6759877871272448,0.3903046950097688,Iris-setosa
7.015500553740911,3.0915548506102777,4.814760802942123,1.1452660505773213,Iris-versicolor
6.4728349959200875,2.9982503639251985,5.0248018396268765,1.566340752351711,Iris-virginica
6.236600583341769,3.2706393737615493,4.517561989203561,1.166229647323922,Iris-versicolor
6.819093135548361,2.557455927356172,5.698167030570229,1.8482453343317942,Iris-virginica
4.469287921690019,2.914015705304848,1.226590643720253,0.14187430194489548,Iris-setosa
4.542643787972695,3.478076302375669,1.3064688142718508,0.23288332177119503,Iris-setosa
5.636157383166188,3.71973700647321,1.826240430000132,0.5666783205530236,Iris-setosa
6.017536172850011,3.1419714507093026,5.981005389737024,2.7781361327873983,Iris-virginica
5.88212440032737,3.135455245583189,3.6229664888502766,1.382440969178022,Iris-versicolor
6.974655947001921,2.9732285809108077,5.873698977705669,2.5011023325779598,Iris-virginica
5.614033631025727,4.004160048812286,1.1105455313204735,0.12185473426465726,Iris-setosa
5.443366346616972,2.2340330464477476,3.8108686428963714,1.4270529711747402,Iris-versicolor
6.473734616891102,3.25056673571465,4.676383009098734,1.6794637307791567,Iris-versicolor
6.5844118792768205,2.928725886250503,5.35727099297424,2.150604804985916,Iris-virginica
6.269358071208141,3.041375569700222,5.783780962857618,2.1331942084904734,Iris-virginica
4.7265621547667465,2.4835222351979396,3.512612978617103,1.0180088329099795,Iris-versicolor
4.811982882371287,3.546010339018919,2.048870250975769,0.37389395199438186,Iris-setosa
7.489481229496136,3.291391078880029,5.961444103450037,1.3289999448645595,Iris-virginica
4.983403691312085,1.7956710155857079,3.779471531655097,0.7584745127431269,Iris-versicolor
5.407106708464165,2.8700398858905523,4.477670609876158,1.1122098027297884,Iris-versicolor
5.550062260735972,2.58125101012074,5.179417684136026,2.1074190858875532,Iris-virginica
5.683566152856045,2.6340115725903352,4.001566922855234,1.3578807608112866,Iris-versicolor
6.319730217933344,3.156945844403794,4.8342983627546054,1.4541256330384829,Iris-versicolor
4.448226253351316,3.2431536763612345,1.4409683365432429,0.1493627719221785,Iris-setosa
5.992702001542949,2.5865078083149293,4.166383804455636,1.5241852465363814,Iris-versicolor
4.928894117101865,2.9839278547377477,4.022732101911734,1.6784268982873094,Iris-versicolor
6.778714337718346,2.8074657880180016,5.110300301800909,2.1310816278081512,Iris-virginica
7.452202626283176,3.859619425755771,6.796748524452138,1.9105004048939052,Iris-virginica
5.817478521842303,2.5692431328672245,4.091204190638133,1.3012025763305162,Iris-versicolor
4.907621752589348,3.3468344980951166,1.4127513911694887,0.21918264332062742,Iris-setosa
5.742242918390695,2.8527872537616514,4.236706730990686,1.7936163957236495,Iris-versicolor
6.21801112488876,3.335899625937244,5.748734212999467,2.3662428224824246,Iris-virginica
5.7039781048549365,2.8235810719721797,4.159783666444662,1.2997055217237001,Iris-versicolor
5.250314237826144,1.8931855346287114,3.3326125605279153,0.8792599261614286,Iris-versicolor
5.895781572423684,3.208627380607904,3.9393787051120697,1.1682259548650948,Iris-versicolor
6.257771425045667,2.967001689719452,5.597229563803031,1.6006525134235479,Iris-virginica
4.876398613543347,3.646852703904461,1.3989267682255115,0.09747708548094716,Iris-setosa
6.728365011984316,,5.00459754493588,1.7778086973208602,Iris-versicolor
5.213349254962208,3.1094832162020842,1.2248739401334963,-0.07759206291054149,Iris-setosa
6.48941785644147,2.782996518236768,4.896700171281017,1.5189801782504855,Iris-virginica
4.767436092645431,3.5848576066154054,1.5097980564102311,0.3179605966874862,Iris-setosa
5.941557496648525,2.7485052927605684,4.398075351491668,1.1854959723674738,Iris-versicolor
6.79471221062473,3.1369653035766545,5.345255379337556,1.52301973744015,Iris-virginica
4.728939963868289,3.0899737594100176,1.5624741082697777,-0.10262367059894859,Iris-setosa
6.375223416091904,3.0409393950000414,4.63894865797065,1.1701698618731697,Iris-versicolor
5.517477199270722,3.655266561267927,1.8277483805755688,0.3724313813656801,Iris-setosa
4.489917776657137,3.233150021586263,1.5084457168119991,0.2935529756300237,Iris-setosa
8.071665268333762,4.028244194615355,6.455396312768336,1.737019854558543,Iris-virginica
5.031630885015447,3.161658169644904,1.7196086633211145,0.2962779999771543,Iris-setosa
4.880380506549861,3.3567441440072794,1.33961321247537,0.39084946109793506,Iris-setosa
5.375649033874173,2.576313565670705,4.146718698835683,0.8258884181813546,Iris-versicolor
4.949935100593045,3.733212375474638,1.4543363570664614,0.4709603065721538,Iris-setosa
5.888106101561902,3.2236784236583373,3.8405364030197946,1.2668357950271871,Iris-versicolor
6.22492510052606,2.342662226735869,5.106198818873751,2.0720365971233803,Iris-virginica
5.687384266168459,3.2884498030325306,1.7780184008096622,0.5656027970966921,Iris-setosa
7.023366735620772,3.2174217583124096,5.773227709135458,2.013818321611265,Iris-virginica
4.3609698916041895,3.436609622304868,1.4781187664380895,0.09564910444296071,Iris-setosa
5.638418178133737,2.762803289033738,3.9487655936162844,1.0987006443606337,Iris-versicolor
5.383665709958543,3.8773505246282944,1.7609808864358685,0.49907694081828424,Iris-setosa
6.385691768294551,2.272853114560943,5.1951156234134235,1.9361102670435952,Iris-virginica
5.232535020142578,2.585818332230469,3.6348145289686125,1.151216220060974,Iris-versicolor
6.328420375587582,3.2718956555342493,4.521727174111291,1.1222223440845691,Iris-versicolor
6.095469476600038,3.181526244539156,4.311053948067502,1.2876774347601256,Iris-versicolor
5.179631845914247,3.207848644510375,1.3990855204281003,0.39246691123109106,Iris-setosa
6.669655887666767,3.0550386255358486,5.446838491559478,2.1607205183602844,Iris-virginica
5.858420464174589,3.139807582601178,4.596562435189327,1.5489165307557784,Iris-versicolor
6.2218114485650755,3.2998522322118684,6.1915727625050865,2.4620559183996664,Iris-virginica
7.046828973996669,3.1081185047833046,4.857136735082737,1.7110171894186972,Iris-versicolor
5.399168091437097,2.743388178558445,4.345853272699906,1.4381273097045326,Iris-versicolor
5.745454864250928,2.165703850916099,4.2098088714783035,1.4241327208870662,Iris-versicolor
5.125566564388946,3.601887062854419,1.6681053279653302,-0.04990623674981681,Iris-setosa
6.336749314126535,2.8619282193251125,4.8087487890256035,1.607159865848939,Iris-versicolor
6.9183895330439364,3.360378334981121,5.5647505279117855,2.2622252349791014,Iris-virginica
5.516622070290249,2.7527846455302005,4.228118633917885,1.2829075330636817,Iris-versicolor
6.449668702091801,,5.426290663955235,1.5950375993389756,Iris-virginica
4.632704691965532,3.2859793450599812,1.4746074685007442,0.031003321737361755,Iris-setosa
6.52767537346535,2.9710124363867183,4.307972125647646,1.5314315707355364,Iris-versicolor
5.738983178497712,2.6590985091188606,3.850584448325716,1.5479642182307067,Iris-versicolor
7.144537723927155,3.6131841385887036,5.847891255613936,2.5112002062482235,Iris-virginica
7.5167953681984105,3.5970233154362017,6.845069959274322,2.0998397633526085,Iris-virginica
6.2420227854561885,3.0544295105028922,4.134666621949459,1.4989125651995514,Iris-versicolor
5.812970160081789,2.324931147184368,4.038425781340644,0.9237246196860966,Iris-versicolor
6.374865237255978,3.1252199356776265,4.377872296067991,1.6513233125433486,Iris-versicolor
5.942388171852391,2.167953652797606,5.068811322863283,1.7599562168510743,Iris-virginica
5.170071515711658,3.344657310921455,1.39755748847197,-0.19618294260855276,Iris-setosa
4.357423017886563,2.7120147239448325,1.5544834963753025,0.3635559327215072,Iris-setosa
6.961655730441962,3.0460061780255634,6.1136810165904185,2.2441067997376964,Iris-virginica
6.0765568810933095,1.9900105254116023,4.872289652693399,1.690296795910402,Iris-virginica
4.923489873688375,3.3686421793243486,1.672087460866624,-0.0017690102697022758,Iris-setosa
4.726196219058442,3.3985695913921132,1.8782975898565772,0.14675407000350044,Iris-setosa
5.304876763832468,3.3956679146665123,1.1390358536211307,0.16627800724288522,Iris-setosa
6.146080972066351,2.6828793941089653,4.1804967700758215,1.5562402229820274,Iris-versicolor
6.0664585548920575,3.4825564895755887,6.193002553665082,2.269623566404261,Iris-virginica
7.1826896602199515,2.8782489054127165,5.128846696744506,2.1722180615271465,Iris-virginica
6.36653685216579,2.236608417936622,4.888236128483392,1.7340166527931808,Iris-versicolor
5.443703893566894,2.709569968281262,4.318648529136289,1.0375969241047387,Iris-versicolor
4.618682243895364,2.1028052429194664,1.3394823182483744,0.3374769492183299,Iris-setosa
5.7027033381355015,2.507148746964271,3.9919747445977363,1.00910704869902,Iris-versicolor
5.162386027144607,2.8385054475824383,4.01242066083244,1.202468495668539,Iris-versicolor
6.628693467577774,3.414892092704558,5.113530666902667,2.153234983951338,Iris-virginica
6.716030226735528,3.1770593003293586,5.284602692178896,1.9512910464296473,Iris-versicolor
4.438482923221949,2.8724767138130987,1.3628756350391558,0.45265606936801117,Iris-setosa
5.792872751968034,4.192696324054667,1.1468953712507646,0.061648579873432,Iris-setosa
5.910591187742217,2.651214325531903,4.932155426320525,2.2808993643131146,Iris-virginica
4.499237578690811,3.030553576470756,1.7262592388047266,0.3283932042159631,Iris-setosa
6.292483266106139,3.09770441838891,6.210477618016083,2.572706594053221,Iris-virginica
6.676735927822145,3.1074845795129327,5.009554292081173,1.5097403551658946,Iris-versicolor
6.9091769764487925,3.1385585260712805,4.78182653037271,1.8866244823676115,Iris-versicolor
6.7154998829517485,3.1426383552693484,4.624062607709741,1.668018200775313,Iris-versicolor
6.1518942788183,3.336759169957971,5.964181752382949,2.2606864241480578,Iris-virginica
4.13861860347354,3.0481043891409483,1.2344777048489612,-0.08145034702811565,Iris-setosa
7.208818918373201,3.0660861082895328,5.717153294487332,1.7159046558472595,Iris-virginica
4.473743406268445,3.0518335532477496,1.5234414980736208,0.4232575234747129,Iris-setosa
6.082342814050108,2.8377082282987476,4.852056175500727,2.0739502677269366,Iris-virginica
5.0585371265205685,3.0470892073853046,1.5079859266647744,0.15955194702179726,Iris-setosa
6.655785376533107,2.9071963115209485,4.976009308931804,2.5608241748759712,Iris-virginica
4.743770731299019,3.2767456295516877,1.658324448054997,0.06456821156264014,Iris-setosa
6.782242169774109,3.021659060518793,4.911190388219367,1.4776603998176636,Iris-versicolor
7.000417832579855,3.3214592653548314,6.134107465087016,2.32941144195053,Iris-virginica
6.870630280626896,3.065103815434278,4.465436251494041,1.2553208473450932,Iris-versicolor
6.446573176797689,2.963307284111325,5.226159507535779,1.900448735663462,Iris-virginica
6.689092032600358,3.0008700330660436,5.309650526413554,2.007773632662417,Iris-virginica
5.036084531060492,2.193896143255383,3.4441001105112403,1.2225855901196214,Iris-versicolor
5.948086126189293,2.9466612185384666,5.094481250281085,1.7795840578355633,Iris-versicolor
6.197258107510284,2.94465957240506,3.742069666686966,1.383922764652223,Iris-versicolor
6.203664214139636,3.306249751361577,6.045881984450817,2.5381217059136594,Iris-virginica
5.476032756499205,3.5214190596618744,1.376553579939799,0.4732983610735262,Iris-setosa
7.684999037764464,2.9739239466890814,6.635540637182327,2.290865480233119,Iris-virginica
6.847225260298745,3.2314074632619816,5.432315184245374,2.5013892305369643,Iris-virginica
7.291395781836182,3.8424710942127733,5.945017061004443,2.2566717892216923,Iris-virginica
4.8203246612014325,3.466065624257869,1.466938144260407,0.20631470793329898,Iris-setosa
4.462191881609971,3.303331889417223,1.670901526695416,0.5000740119646762,Iris-setosa
6.714509164493051,2.969212094680349,5.042162064810608,1.8223755265169048,Iris-versicolor
4.955779760485892,3.095021925250515,1.5988130428930096,0.2351868263172635,Iris-setosa
5.978512039837509,3.1317042655055864,4.9487445315784715,1.3016008814221829,Iris-versicolor
5.571271289328086,4.615206051400793,1.2793364621013659,0.26489578698818794,Iris-setosa
6.686495438204725,2.9527011560469867,4.8235676433393,1.9466400289330297,Iris-virginica
5.567182334785613,2.2507163086952118,5.284286576244451,2.246181815300375,Iris-virginica
6.171804732021023,2.7428398722533656,4.570099688534296,1.0965774253022809,Iris-versicolor
6.69379751950168,2.972217022234014,5.375653169354931,1.735484193930908,Iris-virginica
4.865814207410595,3.5741773459821182,1.1132096750481357,0.23483660487052274,Iris-setosa
7.770169932700505,2.7244955168323095,6.017638409437824,2.273553844866639,Iris-virginica
4.758086914105391,3.2623838787849344,1.1726327557754344,-0.07321275104600566,Iris-setosa
7.435452530621149,2.5016452981182646,5.896357802680068,2.083384869535487,Iris-virginica
5.007627234451654,3.4370570689986293,1.2783669734126106,0.4955694562455312,Iris-setosa
5.037200290176808,3.634922929761324,1.4360823512565175,0.4506540672524968,Iris-setosa
5.620732100208788,4.161322472791816,1.3561946273941428,0.28803801852284916,Iris-setosa
5.243953215334333,2.830477527512737,4.622235720893944,1.5329991954129722,Iris-versicolor
4.868174112523882,2.9263242642090335,,0.39541410030504964,Iris-setosa
5.708234846081118,2.3830706510446564,3.898912005988213,1.5878639202978386,Iris-versicolor
5.419553472293727,3.4570619910290965,1.3538067697319094,0.34404146145969844,Iris-setosa
6.696879704555128,3.0141196762804476,4.7520687969704465,1.6459595912835123,Iris-versicolor
5.476990011131989,3.181089041199145,4.102515001358454,1.1458191986586763,Iris-versicolor
6.481116901407964,3.11069120390286,4.3762390809736225,1.4362277877263172,Iris-versicolor
5.818891729235425,2.8109669269424193,4.9153079049000965,1.7509218266218818,Iris-virginica
7.621419404206484,2.519456169721873,6.460681119617013,2.2142127974232224,Iris-virginica
6.041368525437895,3.0642234850857406,5.496343172263858,1.5639942349467042,Iris-virginica
,2.464407099460241,4.150878141745914,1.1197815835701754,Iris-versicolor
6.182553337297131,3.5721799272432193,5.170008637710605,2.1640982675044746,Iris-virginica
4.617592317527692,3.2816619698619856,1.6725691432584286,-0.05685459075431848,Iris-setosa
5.528744523682596,3.039946490555902,3.937687368395066,1.4466369235014431,Iris-versicolor
6.6182734174328814,3.0685831585524057,5.738420137637998,2.187682502385001,Iris-virginica
6.179741864548014,3.4421656904453326,5.380011320113422,2.376498913697943,Iris-virginica
7.0612059331874075,3.3118189640098787,5.343981754913522,1.8375597033463174,Iris-virginica
5.9888466299522385,2.5974838379897878,3.3277070665160484,1.210184529631688,Iris-versicolor
6.131466006697008,3.081962621650265,5.1077489874117665,1.920605292709659,Iris-virginica
7.661313079990377,2.657322510083629,6.974402563765432,2.5723380329427834,Iris-virginica
5.383036693822865,3.849612446295339,1.7158950889254643,0.13239051159828827,Iris-setosa
5.048239615058934,2.571675103145569,3.2722468060637424,0.889721566050405,Iris-versicolor
7.448676928812545,2.733522311528909,5.90891328571079,2.2876516012514254,Iris-virginica
4.721387619547501,3.3370499646376697,1.7794015745074518,-0.07165241820296164,Iris-setosa
6.405512511419285,2.9263316830587347,4.727873553939563,1.6211044954558904,Iris-versicolor
5.855417577775098,2.753787014581049,4.485708266248249,1.6087718494482737,Iris-versicolor
6.782603002960428,2.8555897805019006,5.1330409550956775,2.1736222635681055,Iris-virginica
4.916595213091352,2.2770058277296794,3.5994646748946133,0.7333760288756643,Iris-versicolor
5.132280091934086,3.7057738968291747,1.4765512030875299,0.1061219189059403,Iris-setosa
5.231058635403135,3.5070368746818184,1.4777482043039745,0.2174980387005641,Iris-setosa
6.687267584470452,2.908697146456247,5.447941358778846,2.1968778703036227,Iris-virginica
6.130947362544126,2.886681957230612,5.480980127596706,2.2613291254526375,Iris-virginica
6.00921861731407,3.562918503221512,4.775155715041713,1.678733136548657,Iris-versicolor
4.963643118933692,3.513106134031629,1.8112177261237141,0.7356479928763602,Iris-setosa
6.167928786905378,3.257006469258009,5.271538013935957,1.8383148046088327,Iris-virginica
7.455809822244973,2.918070606571361,6.553558647888691,1.896109670042065,Iris-virginica
5.073343806987637,1.8910044546951432,3.5906922050172367,1.0621775400463083,Iris-versicolor
5.913464169024743,2.865938060230778,5.216174679872538,1.8810568495628577,Iris-virginica
4.5939735871880245,3.4709029946547245,0.7693260058758116,0.24448289423196162,Iris-setosa
5.770655224939946,2.670000297022546,4.154394535318667,1.4649303779754088,Iris-versicolor
4.641166812694354,3.3657820041078517,0.8144709895721461,0.4491687017088908,Iris-setosa
6.319594815245557,2.6816892989424606,4.385218388664369,1.2890711486355837,Iris-versicolor
5.1395960477289835,3.8439680356295893,1.625327200877301,0.29173928451333886,Iris-setosa
6.71604197811568,2.9925042345531416,4.864709082526973,1.4329962341916977,Iris-versicolor
7.514011377860262,2.4446394510999454,6.746462993384927,2.5802003027316096,Iris-virginica
5.427412710833263,3.2103785571740064,4.324728846123685,1.0604168995942278,Iris-versicolor
5.647316590899848,2.838938381410794,4.316111837066695,1.3107136036695126,Iris-versicolor
5.473521841730581,2.578277621747572,3.9091748144428236,0.9787488948634702,Iris-versicolor
5.889433370286237,2.6739981331972817,5.18811105829244,1.9433655749070782,Iris-virginica
5.0854567670690285,2.4272759931768957,4.356193288396425,1.4285975089023817,Iris-virginica
6.924263570794363,3.1150769297813676,4.655692188732161,1.4305398483625122,Iris-versicolor
5.136710020720008,3.1824180251236873,1.5942329840990184,0.4610163188443769,Iris-setosa
6.0644232952036665,3.2127810156914705,4.929024888619601,1.596472916194893,Iris-virginica
6.9484608277974935,3.0637265194201646,6.039561573091101,2.2637084051364558,Iris-virginica
5.573451014138142,2.9049550234498915,5.1971296924154515,2.1773436706201887,Iris-virginica
6.352029312048973,3.1089030134266236,5.533892179534581,2.69091924366521,Iris-virginica
5.814791606349316,4.0065130108958975,1.4120687927933329,0.017466433704950934,Iris-setosa
6.297550574288999,2.8607781705184023,4.252184017860324,1.1400671407041019,Iris-versicolor
6.369410192890918,2.8035501028584107,4.7588442456441165,1.2841676718741986,Iris-versicolor
5.458411656699611,3.2895443347411035,4.031157973661119,1.523113731440446,Iris-versicolor
5.599036102703628,2.6122925136757233,4.183024826402695,1.2807069935773487,Iris-versicolor
6.702244577136969,3.196036974238503,5.745200390666812,2.0563701606900135,Iris-virginica
5.156752579821854,3.606672718656731,1.5118409824377315,0.15011634591272877,Iris-setosa
5.797000624492266,4.238200260987559,1.285846594811947,0.4582927233899732,Iris-setosa
6.79998499463377,2.2649102964231624,5.640990252099898,1.8781734191522284,Iris-virginica
6.732581299073758,2.895352547918112,4.592759253226888,1.6785776228512614,Iris-versicolor
4.8196947506649765,3.5211753871975318,1.248868592019991,0.25604310392705876,Iris-setosa
4.942461148805825,2.8614251197867997,1.6853847715329713,-0.0008069648473278956,Iris-setosa
5.206338202761247,3.380052778876588,1.397178365548001,0.20237644663634025,Iris-setosa
4.9648100621364435,1.823073949727838,3.245158242528037,1.1909267307417257,Iris-versicolor
5.8432463186676795,2.857763328703268,4.70087872054576,0.9078251549194478,Iris-versicolor
5.289645594083031,3.5621946597682257,1.7070746713768206,0.44635768733134196,Iris-setosa
6.532884833760075,2.770324436032209,5.218615469122064,2.1015132013618674,Iris-virginica
4.736409110114314,3.225995278419724,1.3209331451995059,0.0002503972319412018,Iris-setosa
4.334922560972917,3.280543608075232,1.133768585394025,0.014113717893500688,Iris-setosa
6.469091051315511,2.9550334876906432,5.301887070074486,2.174647201926664,Iris-virginica
5.47862641012997,3.88084868477273,1.9281209297379764,0.004924856841173053,Iris-setosa
7.4627777368920185,3.0808285476182906,6.219328493303957,1.819950872646852,Iris-virginica
5.441123537287023,3.2581734518411567,1.3180398360500234,-0.047605752236222376,Iris-setosa
6.0654191414263785,2.8617517383694784,4.019132009731924,1.318484315334639,Iris-versicolor
6.198268556163425,2.9034543587195656,5.079647398328668,2.0759425552070936,Iris-virginica
6.105242882925681,3.086208169461954,5.067836755648637,1.7018967832351435,Iris-virginica
5.113837248983683,3.260787059367762,1.101043116258586,0.24523364967356198,Iris-setosa
4.748060899309146,2.897153194893264,1.3569444221418192,0.31716545011326763,Iris-setosa
5.161836191649431,3.7294553848841976,1.7725163053363182,0.3175077871643963,Iris-setosa
5.244647677672526,3.4826078380878283,1.6942621411584968,0.13806666609428608,Iris-setosa
4.956442763824185,3.4462420955467703,1.4619009471937687,0.09989739134310582,Iris-setosa
4.937039998556754,3.9674220489293117,1.671043295406118,0.1841734200600312,Iris-setosa
4.500591433320746,3.2312381113605975,1.164575902388588,0.10536140706290317,Iris-setosa
4.315074025521603,3.438289001097672,1.1903002496873594,-0.001347299419180159,Iris-setosa
6.8036799525498735,3.4794358175280005,5.7973811919826055,2.135629528805068,Iris-virginica
7.30130836317594,2.7733005360510656,6.252959510316138,1.9927789375110936,Iris-virginica
6.018913652361863,2.360838247698287,4.35171092670975,1.2287807793185033,Iris-versicolor
5.7272251228419275,2.4337983967966856,5.193977294556045,1.712324939547621,Iris-virginica
5.636818870084641,3.1950426045866167,4.574866533773923,1.6092288161423265,Iris-versicolor
4.955942345502836,3.4539788208514,1.4112002334729328,0.3712852999141672,Iris-setosa
4.999855076973808,2.7045035006390994,1.4713236366153515,0.265790478652905,Iris-setosa
5.428774038850121,3.2179328991664153,4.264283814656332,1.3670437295613163,Iris-versicolor
6.045507752936848,2.7012364474664565,4.646312914694871,1.2126179543173465,Iris-versicolor
5.616107589684356,2.875997984875295,4.494866728653432,1.108129344991299,Iris-versicolor
4.823532958465195,3.8119421407625653,1.729471389255944,0.392224958069202,Iris-setosa
4.196533892943598,3.020605998662807,1.4072456535219484,0.4204876138366187,Iris-setosa
6.448255080051002,3.579543909495662,5.547457228798222,2.436728675781836,Iris-virginica
6.330492308636942,3.16365429660899,5.103105519737242,1.7913117224700077,Iris-virginica
6.893861833451067,3.2782415545272903,4.810143369023679,1.770790051137259,Iris-versicolor
7.9684342721312,3.50237872933556,6.605461635582608,1.9927684173668818,Iris-virginica
6.230191544155019,3.0861231068964297,4.806871453135707,1.467985293259527,Iris-versicolor
5.752834269586932,2.4570677648849566,4.577347645396509,1.435301092780058,Iris-versicolor
6.7910468346750825,3.203583517581418,5.217024581102758,2.0228600617378216,Iris-virginica
5.667504937246017,2.2646237262459836,5.03618530236497,2.0350545401507767,Iris-virginica
5.135782658914164,3.326457537941318,1.7900141383982202,0.13711236649218417,Iris-setosa
4.208771109972017,3.187352151869221,1.1744642298255403,0.20617759108418232,Iris-setosa
6.866946990855547,3.096439755692733,4.655687259091739,1.5804862200633707,Iris-versicolor
5.990852205337798,2.709795871194853,5.221223937535159,1.361568050939448,Iris-versicolor
6.587716131923048,2.88876819037894,5.781434144599309,2.1639656666745672,Iris-virginica
6.730944286658541,3.057260660452939,5.060139299302906,1.8866319597261418,Iris-virginica
6.386806285737466,3.139320169685073,4.291639104779528,1.2965099666154996,Iris-versicolor
7.14887725095775,2.9351770127348105,6.273213698493005,1.863079486821488,Iris-virginica
7.630617180743875,2.7304212277623288,5.9263780257687,2.3600955084484108,Iris-virginica
6.272096825473022,3.0064326076009524,5.725767278290629,1.9946669370650796,Iris-virginica
6.002271727703963,3.1590941332201803,5.000200939887243,1.940772875565011,Iris-virginica
6.393772090913314,2.7537889895322585,4.069257045666014,1.1124959229278488,Iris-versicolor
6.867100106118379,2.7181731197604746,4.2257035408259895,1.2332398228049475,Iris-versicolor
5.499879759059953,2.525242911606035,4.228403185633137,1.154085427805852,Iris-versicolor
5.722602818279589,2.53013816547087,4.9048880630275296,1.7733735166361662,Iris-virginica
5.519439923668157,2.275350009822763,4.291046592231792,1.5691090265878893,Iris-versicolor
5.493594600083376,2.847138207551888,3.967213344050315,1.453347301774875,Iris-versicolor
5.659531398572241,3.6568509713752504,1.7200989980763777,0.5898371888386558,Iris-setosa
5.7628538987885864,2.50996334881229,4.274782038604761,1.4893010838933511,Iris-versicolor
5.2653456418017,2.5052332988950465,3.0594147478934293,1.1518034306054734,Iris-versicolor
6.70172412127366,3.309232267621836,5.0813794563000485,2.1450046454350495,Iris-virginica
5.955439465912131,2.793601128706903,4.795171136708059,1.5485237854205136,Iris-versicolor
5.209416933857272,3.781734855218472,1.828657261199412,0.4717426245642139,Iris-setosa
6.3987082577189165,2.7031295805477074,5.388419763172188,1.37469835183281,Iris-virginica
6.112493637804509,3.4581773139331844,5.417693429653704,2.469216923012555,Iris-virginica
5.987394311422363,2.4383148282280995,4.846642850098956,2.107010761004655,Iris-virginica
6.0354702475144455,2.2065655673202915,4.539553124005149,1.4396472248371501,Iris-versicolor
6.317577691435703,2.67347315354398,5.197953616868472,1.466740398266114,Iris-virginica
4.596027631497381,3.450030169352718,0.8782344537086233,0.46302140558877014,Iris-setosa
5.947818045071239,3.633615042312723,5.577216860191377,2.0445894993522478,Iris-virginica
7.986579355614597,2.892990267618083,6.084805685252417,2.096053969066131,Iris-virginica
4.722630895009267,3.555758370575741,1.5838210760453295,-0.017321056546352187,Iris-setosa
5.742902037236499,2.8745518062901194,4.264080741628488,1.207312608966029,Iris-versicolor
6.452466753104436,2.3356172339601047,4.152881494174739,1.13327337167629,Iris-versicolor
6.390214181941559,2.5202070425312737,5.350007404506157,1.3742460026212433,Iris-virginica
6.985481772755707,3.4316472013723653,6.060529856695193,2.7206746370785653,Iris-virginica
5.5603325016435505,2.6502498822187444,3.302767260045959,1.5472838716899875,Iris-versicolor
6.595907465360174,2.460923984917886,4.367968424756039,1.4032901267017936,Iris-versicolor
5.082380927384166,2.9872213295744623,3.8528719721096016,1.4731501402582245,Iris-versicolor
5.5643768239042695,3.463758698752484,1.207055398074421,0.11122850079262653,Iris-setosa
5.470897413071659,2.7715236450256437,4.5271348373772,1.4349024174873348,Iris-versicolor
5.40720755870778,2.378760221224463,4.275521962162713,1.3169579414198571,Iris-versicolor
6.064622393795027,2.9840058170776707,4.986034728441389,2.0830616830798787,Iris-virginica
5.564285596712631,4.148277067829326,1.4724948220038778,0.3951890678211664,Iris-setosa
4.958554366175777,3.60065091505067,1.5449847030965338,0.8574047242335019,Iris-setosa
4.655062281823585,3.3298304060197155,1.6672925081891776,0.021669839628096377,Iris-setosa
5.958624987148183,4.496508772911236,1.2082313877810444,0.5160063366217624,Iris-setosa
5.339870689307186,3.671785504879428,1.6440180981467416,0.442600547588792,Iris-setosa
5.217018732826303,3.307276301889421,1.6297134707355545,0.29617653317450887,Iris-setosa
6.035985635867358,2.2515860113623907,5.021910973309041,1.7672532048728606,Iris-versicolor
6.251137114090311,2.183910572689333,4.600033226716331,1.3299488684692056,Iris-versicolor
5.646799850407767,3.0113661552427144,4.8834422335442715,1.9505754118461287,Iris-versicolor
6.4447241356836376,2.6724860326711477,4.7568123680387036,1.3954775607550685,Iris-versicolor
5.039579327407346,3.144118173946865,1.264427743570042,-0.014456488571960857,Iris-setosa
6.538636391320224,2.8345940612311593,4.308773125923519,1.2038999969224862,Iris-versicolor
6.287760363579378,3.0008992723898045,4.669502512151884,1.935415417780195,Iris-virginica
6.735322432000431,2.710828495201615,4.386258035838891,1.3319682739477963,Iris-versicolor
5.205045086760887,3.7725718492983993,2.195613061245682,0.6085797953000367,Iris-setosa
6.287961500302187,2.7915938160822766,5.033563174061084,1.9544085811906151,Iris-virginica
6.099650664682152,3.1534487726715437,5.85932705669661,1.5845277275757752,Iris-virginica
5.153220747819543,3.757927685358117,1.7606666780709208,0.8633580868423643,Iris-setosa
4.525076673346308,3.3260344472328587,1.3410876470384812,0.2111198610944739,Iris-setosa
6.21467723855478,3.4359397447965754,5.3923993494321145,2.1030925470889144,Iris-virginica
5.6292032429274395,2.748878695226547,3.793759911279889,0.9930809340109119,Iris-versicolor
4.743857895590969,2.8790380129098976,1.8267817514570888,0.3119019121018079,Iris-setosa
6.004367235249813,4.149942244132441,1.460130440694791,0.4332703159759629,Iris-setosa
5.413468588959738,3.078201989696472,4.865660566204252,1.8615908597387396,Iris-virginica
5.953846891012433,2.6645231013650377,5.553150950400635,1.2285709917328995,Iris-virginica
6.318702930413734,2.801583963333917,4.982357733275413,1.7485487983744445,Iris-virginica
5.365179139900032,2.5205432684333493,,1.386713427497264,Iris-versicolor
6.348158946184801,3.3154812467595915,5.004138069524224,2.1047957356112588,Iris-virginica
5.347256025134855,4.1096883415507355,1.3170497709899516,0.3211628502913364,Iris-setosa
6.150116769929361,3.0400020500766303,5.551000176978298,2.377932232157912,Iris-virginica
5.208314839745963,3.667156513638095,1.4143393592775824,0.15731923677445075,Iris-setosa
5.609231980425124,4.120759689545449,1.4908249953631225,0.4589437908617331,Iris-setosa
4.409879096931174,3.3024363403781947,0.7946286746204373,-0.06336678228879866,Iris-setosa
5.614785642287163,2.367547861681308,4.13046192555984,1.390276492229659,Iris-versicolor
5.417793178701165,2.9433347646938364,4.186637610782369,1.1224619953613604,Iris-versicolor
7.315234161157326,2.889775063447637,6.126006947182537,2.10217691572515,Iris-virginica
5.082919201968975,2.577052736945299,3.2177773811631214,0.7293246590847755,Iris-versicolor
6.4967532684885585,2.442675893419546,4.937968396345405,1.294626767637414,Iris-versicolor
6.031430644871071,3.003500277049989,5.0949683277745486,2.609380657505718,Iris-virginica
4.809704662439047,2.7382655087327787,4.242527006758856,1.7062992060617184,Iris-virginica
6.161374684705923,2.6117205090144524,5.885460754727011,1.5801458852784263,Iris-virginica
7.234134376634331,2.9256050230427184,6.009453377404888,1.9670421583506785,Iris-virginica
6.874179503196271,3.2309612571163844,4.907430564356888,2.4739292222334788,Iris-virginica
4.837489833259687,1.7553218064379974,3.455214844238223,1.0801660385110639,Iris-versicolor
6.400621360887702,3.492432247605084,5.936468769149973,2.362351774593789,Iris-virginica
6.444468486367662,3.4271357189204945,5.702917334274973,2.394076947081383,Iris-virginica
4.961799873369794,3.5427537941178726,1.1899928962412054,0.13346850020889764,Iris-setosa
5.034511813584514,3.260355792438199,1.5115274082683063,0.5959118720637173,Iris-setosa
4.4321447195115935,3.6072650186630524,1.0402354375201255,0.3704848653930054,Iris-setosa
6.267066277209755,2.0579702811392884,4.830277277605672,1.3926130494019904,Iris-virginica
7.470711091055291,2.906133607814884,5.748307388011833,1.9256523868460562,Iris-virginica
5.480333270157834,2.887841817538801,4.165127937443824,1.426240181081535,Iris-versicolor
5.6836193053824555,3.925331044311238,1.6668063197718221,0.0437759472872844,Iris-setosa
6.3714668832170895,2.4214108070053704,4.273314115636448,1.5452767305033452,Iris-versicolor
7.839974553513247,2.792966748362286,6.053781788219725,2.3990565380750835,Iris-virginica
5.812809725544742,2.977160383483311,4.752450015721901,1.2750766665183413,Iris-versicolor
5.651714188772856,3.9989468159613004,1.9669755552577295,0.695019656276139,Iris-setosa
6.261744995539807,3.1569473465784483,4.649806442917432,1.6850857241025872,Iris-versicolor
6.485393317626113,2.658490461042308,5.613487060235231,1.7530125821400562,Iris-virginica
4.886972871348303,3.2432769659454785,1.2057208529015369,-0.07612016210778094,Iris-setosa
6.378000883666161,3.0291261215726633,5.54473436634601,2.590241012056759,Iris-virginica
6.166563637010386,2.263137411185193,4.703313197179313,1.4081925064537446,Iris-versicolor
6.232025187517633,3.032020821461521,4.805476739114103,2.0975804912582667,Iris-virginica
5.206043637579482,3.5817698052168603,1.6119030432909927,0.40352295160368823,Iris-setosa
7.422370863160566,2.7763089937502716,5.763282601218006,1.3401458667282276,Iris-virginica
6.51556087741977,2.6697582977899676,5.0560026438999435,1.660586072876903,Iris-virginica
5.446576535622911,4.398895890992573,1.3448660913979626,-0.09735644048363992,Iris-setosa
7.963490806529007,2.720266591320419,7.1547378308448675,2.4102470108143557,Iris-virginica
5.637688599362043,3.623832916304272,1.5492086042193371,0.27252013770367395,Iris-setosa
7.365248065829015,3.257651210732864,6.143426067194219,1.8625514156747607,Iris-virginica
5.262700870377681,2.443443957849264,4.192620249028672,1.3591845643492735,Iris-versicolor
4.924546233833253,3.080071993993946,1.5281108413587672,0.28802422173743336,Iris-setosa
6.097594860651849,2.3663804838788014,4.230989347432342,1.2281429881445936,Iris-versicolor
4.938715729295632,3.361116954236909,1.3085543809854105,0.2547598862926914,Iris-setosa
4.919108982725249,3.55148702965126,1.755839646799627,0.31890166562366695,Iris-setosa
5.375172004743455,2.1384796414040252,4.051477130831049,1.3776604097217582,Iris-versicolor
5.855208969595477,3.806950064444352,1.8883284561581477,0.43361366341328383,Iris-setosa
6.323898366165359,3.0207763122608027,4.964682661899831,1.819760278504817,Iris-virginica
5.273001430993092,3.4227648371041273,1.7664525371873139,0.31101775560509554,Iris-setosa
5.661717969681817,2.8356261249095915,4.006462547881587,1.5949196538837955,Iris-versicolor
5.272851822119374,2.4361783973077387,2.731831838515882,1.0968982191392584,Iris-versicolor
5.091899265567354,3.951818101579307,1.7956372202068207,0.5496420617765271,Iris-setosa
6.249442050605222,3.2540234586170915,5.384285138961718,1.8801861031164937,Iris-virginica
6.548157724060537,2.847531300415166,5.778959660593221,2.0572445568571056,Iris-virginica
5.327846188307182,3.8662617218726023,1.4196920236739115,0.3353770878010253,Iris-setosa
6.477606869481641,3.1413460177744406,5.844114623366888,2.5551908713652516,Iris-virginica
5.773990411807318,2.306705303210659,4.986797197954012,1.7122016484356155,Iris-virginica
5.640289537397199,2.3407975543293524,3.5219168492995885,1.0496967915870252,Iris-versicolor
6.3400324477427485,2.807729437176352,4.692759243567928,1.6535888407859702,Iris-versicolor
5.758759981374011,2.6704409146715995,3.543714504632117,0.9544664806376699,Iris-versicolor
4.532388673140633,2.4381541583070305,1.2596327709068253,0.425220042744506,Iris-setosa
6.259706486288854,3.123693091948258,4.5655436071104205,1.705698119666022,Iris-versicolor
4.440451699341142,2.8302059356253935,1.365308619833971,0.0392446286687517,Iris-setosa
4.729698152222262,1.879181759996841,3.6280478017841418,0.742282243674596,Iris-versicolor
4.999475936778828,3.162160082194643,1.443582819843067,0.5025840056883593,Iris-setosa
6.934935448124531,3.0476094601689745,4.8085654925198345,1.6926184111845755,Iris-versicolor
6.730809669967989,3.052573946399904,5.424800959503114,2.050176733411508,Iris-virginica
4.768309880047191,3.3875078700283,1.144120505694896,0.11225881920775085,Iris-setosa
4.552596525698355,2.50958619447901,1.2678893916289902,0.054564104505076205,Iris-setosa
6.031627087249025,2.26308950016526,4.276317276901578,0.8295061116750735,Iris-versicolor
6.358845646212556,2.964630379553032,5.595538153028338,1.7617776214798913,Iris-virginica
7.177258823357054,3.3202975900663927,5.936898118122939,1.6941284416498588,Iris-virginica
6.382550662605169,3.413008976765116,4.900175270912676,1.9205760044569453,Iris-virginica
6.593117106740432,3.1303449536408694,4.934782543438742,1.8540847734493326,Iris-virginica
6.318058187665613,3.335715785564798,6.076911916579887,2.370243577630851,Iris-virginica
5.11518843633172,2.7803672849413528,3.0312719798572845,0.9991276082883235,Iris-versicolor
4.504750622901923,2.951294543243278,1.7547533943963538,0.09743401824268896,Iris-setosa
6.1975478385402445,2.714088541672215,5.511174506102548,2.179246882120844,Iris-virginica
7.461701533621221,3.002546159515343,6.796660678814293,2.1766891513301125,Iris-virginica
5.846203133937511,2.940941506986142,4.275444061684558,1.0555803250948694,Iris-versicolor
6.417441458709355,3.4138639212717417,5.91320843152604,2.0105626196446083,Iris-virginica
5.301903717351409,2.583178709869228,3.8490267383719927,0.979430677089788,Iris-versicolor
5.606327182852379,3.1999118426326385,3.75185812992101,1.4790325112353704,Iris-versicolor
4.714422845153265,3.0214830065174394,1.474205802183771,0.12019449348680014,Iris-setosa
5.044021616701082,2.0216417575098338,3.694365707506856,1.2687488249781496,Iris-versicolor
6.438844985180902,2.666438928491884,4.838831389938093,2.0694992708350792,Iris-virginica
5.77907288090907,3.0638487211546233,5.175829520960521,1.701731907956438,Iris-virginica
5.7377485341326695,4.214919827655972,1.5353333523557753,0.6570860158394445,Iris-setosa
5.75698437146623,2.991716804261718,4.006210007614419,1.3149596378717172,Iris-versicolor
6.011970776422966,2.5270311390756652,5.744962795689886,1.6431897036505774,Iris-virginica
5.211675909570285,3.730026230476127,1.5808895484150305,0.5776746030196951,Iris-setosa
5.757150680265112,2.5437861330382887,3.255684476189644,1.286825678918791,Iris-versicolor
7.08023718262163,3.308059948654971,5.409978164430463,2.1880759716445684,Iris-virginica
5.63438071995907,2.80469674180581,5.327235330170374,1.826468680952321,Iris-virginica
5.6857669933381185,3.1180720140134497,3.3471984395646457,1.469639794991424,Iris-versicolor
7.036849948642884,3.2851941931805606,5.410410142954869,2.372942117424495,Iris-virginica
4.866226924747921,3.390859634300515,1.3639405772501303,0.03445249028551586,Iris-setosa
4.620887355623052,2.470345136229813,1.1898047807179002,0.10844570571477316,Iris-setosa
6.620327425530062,2.9052667870999658,4.6701798394087675,1.510245157762592,Iris-versicolor
4.95105251868876,2.409185997986687,3.7432627364713826,1.6624388349733277,Iris-versicolor
6.428763395823002,2.980195145779037,5.277528688975738,1.8713841098467268,Iris-virginica
5.135004354749842,3.4589896553720907,1.4200462539275152,-0.038168759159118826,Iris-setosa
5.510839815037899,2.516649703510971,3.9902065310016215,1.017588131280776,Iris-versicolor
6.531480736289732,3.0597279737769334,4.862667427744818,1.4332889235635582,Iris-versicolor
4.765528226296396,2.172783015896435,3.7259049238298654,1.1219675048807867,Iris-versicolor
6.081079151627337,2.676345719704219,4.326162061987763,1.5813327822330434,Iris-versicolor
4.23397719676524,2.7706047466558976,1.3811469490173476,-0.0005062417498702954,Iris-setosa
6.253957459139972,2.6811979160127177,4.95590878277696,0.9349170062495951,Iris-versicolor
5.928420688688085,2.679107937309096,5.801538463313499,1.4357618866131587,Iris-virginica
5.599687270139733,2.480504722445586,3.5945890915380394,0.9133656757415161,Iris-versicolor
6.92510339994753,2.777472015430924,5.2120064902653604,1.9812878090661503,Iris-versicolor
6.148989862662974,3.1302252460566344,4.971985238454213,1.4038459144197457,Iris-versicolor
4.847628478565259,3.4439586185888538,1.8775518053619624,0.32630573295772763,Iris-setosa
7.6676627883152735,3.715842009810796,6.6143743745852515,2.265889411499558,Iris-virginica
7.364595622777668,3.0589967421386515,5.840761624839415,2.0377657289593647,Iris-virginica
5.500541371182756,2.1820323607861867,3.95671834387513,0.7297492024369034,Iris-versicolor
5.308788547466533,3.6589008944912127,1.2686170539452633,0.1545208367578617,Iris-setosa
4.801247234030389,2.4934793886312487,2.9311008900561935,1.2859115577800524,Iris-versicolor
4.6345063799546224,3.676751420227306,1.0090749662735636,0.4137268843840568,Iris-setosa
5.200229091353268,3.4496232381795764,1.850324057965601,0.8178318127307203,Iris-setosa
6.7422908707669915,3.26927231180617,5.605688505379745,2.1416499698829945,Iris-virginica
5.378710612240233,2.861164057283803,4.313059689843529,1.1881082437062895,Iris-versicolor
7.1856412340986715,2.5718628348835484,6.033203995553205,2.046516999241384,Iris-virginica
6.52719547003908,3.290684846698646,5.388695620156142,2.1264577511711757,Iris-virginica
5.190330594516472,3.355043297065732,1.2858712843009579,-0.02413720302344921,Iris-setosa
5.113249737982313,2.9420220423972596,1.3716458453289309,0.2020641474224311,Iris-setosa
5.679104680834546,4.063883436848998,1.007511122257094,0.020618140612748637,Iris-setosa
6.195614906373212,3.499935960428354,5.311908780258218,2.5744340071351814,Iris-virginica
4.725243503189015,2.5131935296166312,3.1107757760719545,1.2605873127413965,Iris-versicolor
5.913797337766839,2.7597979316578938,4.220440369372705,1.25069918287682,Iris-versicolor
6.857470962313044,3.1040165677998517,5.620756149334211,1.9480625443778203,Iris-virginica
6.899656875247233,2.583737583152135,6.0901507398576324,1.9021544618235304,Iris-virginica
5.702729370368416,3.389251300512544,4.836497761847192,1.8391501678069144,Iris-versicolor
7.712234642319349,2.482157302380285,6.976572583013344,2.5927903006510507,Iris-virginica
5.741252085940758,2.638385890119118,4.656236774132886,1.8282619016155863,Iris-virginica
6.4567495930607395,3.5056738315323113,5.503073515753595,1.908006940191069,Iris-virginica
6.675344667398524,3.2419983594643353,4.671055519892151,1.3515402026960028,Iris-versicolor
5.54318704303472,2.8750881691767938,4.36732429880505,1.4236777965023648,Iris-versicolor
4.786223074900915,3.2130971341256918,1.1950074011017062,0.004132623369220989,Iris-setosa
5.020181784138306,3.5263803907089017,1.763081429588107,0.6364440643387863,Iris-setosa
4.952430733244869,2.947679610760734,1.5869930834699373,0.12980648481543175,Iris-setosa
7.207726491938313,3.1620541944311604,5.806693473005421,1.4901699684787122,Iris-virginica
5.480220298327245,3.154479308690102,1.3055775452458547,0.17476068379843718,Iris-setosa
4.855884758224913,3.081071891586008,1.7812245103021491,0.3095731927523396,Iris-setosa
7.448319083343201,2.851478862433826,6.309246136712794,2.164596610593434,Iris-virginica
6.045980351901326,3.0535075544247547,4.243487402216576,1.3594169382482306,Iris-versicolor
4.684072747243587,3.0173095381682566,1.532013598212847,0.23387662000090098,Iris-setosa
5.126301989629045,3.5102337829580246,1.3404326988624173,-0.010499674624756233,Iris-setosa
6.288863102450565,3.163995715429495,4.220644776256816,1.5824423262969562,Iris-versicolor
6.772182128945728,2.9631598428587598,5.6743586221686035,2.4036612800521087,Iris-virginica
5.352501834908878,3.9555024483305328,1.7410023494288809,0.15459082031358015,Iris-setosa
4.618387051750498,3.211510537077974,1.3028455893961604,0.02675147364510433,Iris-setosa
6.54911090716573,3.0619920785218984,5.623415033060052,1.6157693126842099,Iris-virginica
5.956038373186999,3.0923262029372407,4.8160786381819145,2.074101016520656,Iris-virginica
7.2781110446421815,3.01620164006256,5.827969759391451,1.546019480415426,Iris-virginica
5.509507953256111,2.646212334181076,4.816611395318883,1.7160958858260453,Iris-virginica
6.666778935462554,3.2707373545629492,4.275916056593612,1.552575808082778,Iris-versicolor
7.576682658801732,2.9068153294957857,5.955745141719962,1.6428647660802473,Iris-virginica
4.869532117901526,3.689389149019427,1.3185779402064142,0.18360738687766615,Iris-setosa
5.677964649538078,2.488481341774906,3.6997261347558026,1.1406577341081015,Iris-versicolor
4.080408390119519,3.046351506274202,0.8944431555837274,0.11184561609839896,Iris-setosa
4.23566107498159,2.662448642118926,1.442931506393627,0.3987580990949745,Iris-setosa
5.155188788949807,3.923526432826817,1.5901337336413757,0.1364266104645287,Iris-setosa
4.987840309926543,3.5541777490707798,1.3342420763256835,0.1683658399035302,Iris-setosa
5.910037720200325,2.902966634466127,5.154036202361716,2.6163489821834074,Iris-virginica
6.482351212637435,2.5176765325904933,4.579871255307976,1.4583945480069849,Iris-versicolor
6.07615204072078,2.5207096388833916,4.621361582834171,1.4299440182616199,Iris-versicolor
6.706200144952367,2.7944225122091875,5.367178841073089,2.0293459809697554,Iris-virginica
5.740274220649552,2.8678248539084605,3.5331161698571214,1.1841513390290583,Iris-versicolor
5.175746629517898,3.286869318216885,1.5101965703995455,0.4790140897012704,Iris-setosa
5.979533431261352,2.6008815401906897,4.404956333940492,1.6345134889202801,Iris-versicolor
4.284109296610056,3.0103753850750383,1.1706281053728085,0.004802855338844836,Iris-setosa
5.92979401067456,2.4130929710304287,4.748621830150598,2.011053665465356,Iris-virginica
6.753783317661125,2.825288543408048,5.105014930574858,2.407209543523577,Iris-virginica
5.33265702895829,2.8802118938803303,4.582767773337172,1.3274829399308765,Iris-versicolor
4.81941727022709,3.831359365408959,1.1310154118020779,0.1659558836219634,Iris-setosa
8.088816815098395,4.072993948870228,6.428288131856252,2.1713703117453975,Iris-virginica
6.750704361468766,3.146789602689682,5.389221685369814,2.4696743228272244,Iris-virginica
7.626042354637428,3.1278019939313664,6.3837920269631585,2.506918027658145,Iris-virginica
6.515234790680776,3.0240809890639455,5.676850558569287,1.753306980321526,Iris-virginica
6.862488000783513,3.0241711407512426,5.680081151673713,2.2758016475160234,Iris-virginica
4.393256803568273,3.3131493028888217,1.5303996738596064,-0.0331434148462835,Iris-setosa
6.7074957719462915,3.294842413771694,5.275657370449167,2.2656564514692854,Iris-virginica
4.489367678928529,3.3733335764669974,1.6524873247351721,-0.09769369464346878,Iris-setosa
6.543190104214347,2.9149247630613804,5.760037087180799,1.824005964221121,Iris-virginica
5.194639221016014,3.5940997571777324,1.3167389338545552,0.042437409328705905,Iris-setosa
4.494445070173224,3.8574249714383813,1.1261851016690576,0.030936275530759172,Iris-setosa
6.801691482790872,2.281200148048116,5.918570532814371,1.591936440843318,Iris-virginica
4.477816477291088,3.7678377313477727,1.124933320386737,-0.013326785587082945,Iris-setosa
4.204387310860014,3.087347572408897,1.3777355181869877,-0.1240230666743411,Iris-setosa
7.231392375451569,2.966767347566786,5.97364341940222,1.4066145571629505,Iris-virginica
5.207054751911444,4.085533029275456,1.5707493143973028,0.3942790275891724,Iris-setosa
6.1844740696649385,2.855986706935061,3.977511568721284,1.542808632978346,Iris-versicolor
6.082424272889132,2.152276617878793,4.498123588746855,1.755703866893965,Iris-versicolor
4.8674853162316625,2.695768241680358,3.5660620466234,0.7238266139919081,Iris-versicolor
6.415506281113733,2.5463011620353226,5.67871401133692,1.7590288918382537,Iris-virginica
7.187435670751061,2.863747523868133,6.39013365387971,1.8638383538140757,Iris-virginica
6.682991601932791,3.283845094608178,5.38459259064506,2.0081550052036574,Iris-virginica
4.427466055512184,3.3278780433663413,1.2682546403918442,0.48782900661030715,Iris-setosa
6.439875332257651,2.903636118176374,5.381984339426512,2.006780715825428,Iris-virginica
5.729441847611088,2.4378385869381414,3.732669525020031,1.5320663389304803,Iris-versicolor
5.332622281838427,2.364664594600585,4.190296190720238,1.4173462466912587,Iris-versicolor
5.608163203552057,3.736513198835261,1.8355862663500804,0.6377185808422194,Iris-setosa
5.736654049587359,2.840977216242902,4.495343463096442,1.4309907458216453,Iris-versicolor
4.529564159400396,3.584716496596208,1.513637903677247,0.16072437972119905,Iris-setosa
6.162535983833924,2.0546555815663305,4.7268544307459,1.574547283072276,Iris-virginica
5.440598062651187,3.632986381331646,1.4439261834825161,0.1395595382972389,Iris-setosa
5.079885083152841,3.918275530981962,1.2682654538164075,0.18105052298164398,Iris-setosa
5.2738943391512585,2.320096903829012,3.067054279411624,0.9605977317497353,Iris-versicolor
4.540708726184984,2.81038145757766,0.8886762719358938,-0.12837696803170853,Iris-setosa
4.290257960024555,3.113493949306805,1.4161179089793339,0.17602484136329477,Iris-setosa
6.40679936759574,2.7853405679486434,4.600652441827082,1.451558660874998,Iris-versicolor
6.110029951674439,2.8896200237179235,5.38800085776293,1.353424012840099,Iris-versicolor
5.643876308748068,3.0898304427134464,4.43857234222817,1.212764868127533,Iris-versicolor
7.552715030705327,2.6061597707667774,6.873090985157947,2.1412289609863193,Iris-virginica
4.35575910270671,3.0475396079962116,1.4183471815245214,-0.09682785052208026,Iris-setosa
4.6336028474173485,3.340585998062613,2.0226719161728486,0.36063299702879476,Iris-setosa
4.238959523618515,3.002917071533144,1.1984195617086506,0.06188893812759791,Iris-setosa
5.826731276463124,2.6382969566945573,4.542056247482153,1.1677173543400154,Iris-versicolor
5.159384690749612,3.803984581125961,1.5601766952582727,0.037233283394904254,Iris-setosa
7.4399588343565695,3.564320348788014,6.987693910402937,2.0903784660412548,Iris-virginica
6.467590245269861,2.2312106456594987,4.2991218698035425,1.569242061010686,Iris-versicolor
5.126218856708061,2.22736283184714,4.6323137377667765,1.8083068326026428,Iris-virginica
4.219491266834606,2.0212798357044037,1.5071392279398874,0.23314072381760176,Iris-setosa
4.768401897909977,2.8915807821907373,1.3636431837063208,0.1769427927381196,Iris-setosa
6.16085555546139,2.654966468000021,4.7035635684212975,1.732506077699686,Iris-virginica
5.614197162400222,2.9647750808516076,4.700798734931286,1.7472514670823844,Iris-versicolor
7.140629090128476,3.2237428390101455,5.386017383585181,1.8871819230201528,Iris-virginica
6.403548814134574,2.402099564429565,4.467545179512308,1.140658905110732,Iris-versicolor
7.003926970840486,2.9632618745487838,6.500641169248105,1.5457872619652742,Iris-virginica
5.8965899291111885,3.0989798698863273,4.278325396870409,1.1847739036823752,Iris-versicolor
5.30275432726039,3.6422264007451948,1.594438561211081,0.16346042868619665,Iris-setosa
5.11851801440052,3.4886452041140874,1.797414495678759,0.15597622600147737,Iris-setosa
5.013125483224758,3.1148601259760773,1.6264192742788262,0.43324905975577754,Iris-setosa
4.907349669965379,2.8651509288924877,3.642766458225644,1.233376597774498,Iris-versicolor
5.631958602775123,3.1856350521152694,1.7502175210087667,0.40654345795813984,Iris-setosa
5.954707707482443,3.0123435682732143,4.421323762992966,1.1157728591209624,Iris-versicolor
4.852015774901638,3.498870477434998,1.453374530614089,0.541483302809987,Iris-setosa
4.341043209348735,2.7086664064156043,1.5107173971601235,0.12808668433846415,Iris-setosa
7.219127472770773,3.0413695650871957,5.837388762696801,1.8491231325888433,Iris-virginica
6.581015672747474,3.014143276556671,6.157128980179146,2.036030537211558,Iris-virginica
6.360138667684432,2.797792305124445,4.827864055832668,1.2182041425815884,Iris-versicolor
4.935278224314325,3.9256462219148798,1.4663671365455775,0.11477209450439388,Iris-setosa
5.858965607625797,2.4846016428531152,3.8613867046761157,1.1918464011935872,Iris-versicolor
6.652975631699075,3.1271664584264913,5.207916435215306,2.5027580009448815,Iris-virginica
5.304672190554388,3.9920322197152602,1.5062462576753208,0.022437428122114578,Iris-setosa
5.679157681025737,2.823674744007211,4.388779294586248,1.2752682230892418,Iris-versicolor
6.936263461971897,3.366518419359209,4.186076420733212,1.685831332305566,Iris-versicolor
6.095675607700887,3.211421007083801,4.8623193162328615,1.8667249009734614,Iris-virginica
4.844549803756442,3.4080577391436493,1.7980031209637144,0.23734748996444482,Iris-setosa
6.3281086593388665,3.4382601642367168,5.235720418495573,1.7446423960062267,Iris-virginica
6.373367212908326,2.2962644448675054,5.169458453290751,1.6990828230287218,Iris-virginica
6.001062191707418,2.728637329452564,4.246290232528131,1.4828985638414998,Iris-versicolor
6.104836343902945,2.835124415921966,4.189689403815557,1.0837108939592932,Iris-versicolor
6.256613036969957,3.2379603667391574,5.799114163218877,1.6641529056498907,Iris-virginica
6.00138160156131,2.7048108316135853,4.419997514205051,1.219698713923205,Iris-versicolor
5.282286293765864,2.964731015081708,1.0759135274942804,-0.003247129692005357,Iris-setosa
4.720657973778977,2.2294837899173396,3.455640619893509,1.0738855836906671,Iris-versicolor
5.691101519891168,2.247805537520903,5.193180387976814,2.026850150137977,Iris-virginica
6.123734560847273,3.0627932016857464,5.428677634976479,2.30324541735332,Iris-virginica
5.118814587472078,4.061480867116484,1.1056750926998857,0.6860144091184259,Iris-setosa
7.046112335872483,2.9281004217224624,5.046981801995121,1.6288348000240431,Iris-versicolor
4.545785250582071,2.709179953838329,1.5507438568196286,-0.009019635172119289,Iris-setosa
6.519246586145476,2.8257517276442323,4.622525290615805,1.4073932585099005,Iris-versicolor
4.492829574950598,3.0557322378247087,1.3437267401116535,0.3078142336963676,Iris-setosa
5.295713437318922,3.701458272565382,1.4621271689066295,0.3914397088144738,Iris-setosa
5.551053169825153,3.735411296811765,1.6440522564148468,0.24930003138945295,Iris-setosa
6.922330431679019,2.976057294764541,5.0099911064110945,1.787792648963382,Iris-versicolor
5.690437953741445,2.1878629816116186,3.9373941266120718,0.8583131331996536,Iris-versicolor
4.66650430518429,2.981533040150445,1.276282302568454,0.442563347965053,Iris-setosa
6.197221732507207,2.8952119501767877,5.6045414268816875,2.4235518285331055,Iris-virginica
5.937348948838199,2.44060039756136,5.301139118216386,1.4977786325049611,Iris-virginica
6.291133352860594,2.47619819166098,5.332312561978326,1.4667530734222674,Iris-versicolor
6.9715088688847064,3.065814322956899,4.659840396252506,1.2027301828647912,Iris-versicolor
5.270627436189723,3.4266701318290895,1.466745875821998,0.4912679916361018,Iris-setosa
5.670900402834804,4.100000727933701,1.3691432616605743,0.24388515001973493,Iris-setosa
6.64815165619952,3.2508848721552863,5.696003343183443,2.1536476431899296,Iris-virginica
6.173256704153422,3.0449144290222554,4.857682451734829,1.3256908930715847,Iris-versicolor
6.728953058281633,3.3591642738738794,5.364560991083486,2.0663221404127574,Iris-virginica
6.747945322340522,3.0559550808687113,4.781756078304934,1.2614283916650462,Iris-versicolor
5.642015597718497,3.1925624809688062,4.362135932314578,1.0592596116320538,Iris-versicolor
7.67404425318205,2.733360734352214,7.188919789727105,2.1396416621832395,Iris-virginica
5.849323384401574,3.262774203603346,4.619482169789366,1.3974057248340197,Iris-versicolor
5.066031295165153,3.5055484685567517,1.5841631648320798,0.6632417677458848,Iris-setosa
6.338940778982426,2.8980705344433444,5.204197601628788,2.0920136471588076,Iris-virginica
5.3050344609819575,3.5444652005248116,1.4244695306066646,0.2848461321667403,Iris-setosa
6.236815556995428,3.3032242961105722,5.784631955023013,2.2895838495852137,Iris-virginica
5.532451154413461,4.183448117428013,1.533475615622156,0.3711699948700559,Iris-setosa
5.305175302794105,3.3651059103626073,1.2986087254959777,0.18224052786465028,Iris-setosa
5.6556499019713,2.7864501169515337,3.839808746601868,1.1214635803695734,Iris-versicolor
5.889403770606183,2.841516324455211,3.4121053699154724,0.744991749509912,Iris-versicolor
7.3232098005899715,3.2228259416718217,6.129120364800505,1.5491104623232463,Iris-virginica
5.05095425567243,3.200158612400847,2.0470733436473862,-0.07860188145665442,Iris-setosa
7.708840889808345,3.7122572290887623,6.317225485593212,1.8140663187546116,Iris-virginica
,2.9321046255456564,5.4289673397471345,1.7000243489583775,Iris-virginica
4.97858013367217,2.816697930588828,1.4912243582451876,0.1487362202270245,Iris-setosa
6.598865882398431,3.3381111753158828,5.805416228460259,2.691107551161519,Iris-virginica
6.261195186176619,2.7849744416919555,3.9291867530833318,1.4537517019282835,Iris-versicolor
4.981686151316346,3.7509923008354327,1.4285555747730545,0.32612640670914783,Iris-setosa
5.996450656570198,3.5260297172880644,1.733605615628065,0.13618558096229796,Iris-setosa
5.20670754152597,2.330740145129467,3.925504375255597,1.0262877960561756,Iris-versicolor
6.312695208523648,2.7785642588694315,4.444591329920082,1.212408438437294,Iris-versicolor
7.488511378532451,2.7459041594223454,6.2989679829706535,1.7943845374546434,Iris-virginica
5.763811574035481,2.7374886058469325,4.92071316282829,1.9818678920162427,Iris-virginica
5.085394712918994,3.6736944595422147,1.3977255850694594,0.019016405384337687,Iris-setosa
5.059089314942922,3.850568468918196,1.7406775061727682,0.25383780743653084,Iris-setosa
6.494706711238526,3.2244060633896185,5.931606682175575,2.348054990524012,Iris-virginica
4.683494267262681,3.2751662594047493,1.3106819103356715,0.045814658711150424,Iris-setosa
6.854008554988285,3.0594772027057404,5.730584008602034,2.2490374488753773,Iris-virginica
5.771088501160131,3.0514774623079552,4.6228376555186514,1.7024302681168442,Iris-versicolor
5.2941255926408015,4.023826846578541,1.6692124796582877,0.10504577284226996,Iris-setosa
4.914544796509491,3.330598413181443,1.366403564458786,0.2884171858466533,Iris-setosa
4.662582114072066,2.86168891880201,1.5837000056392603,0.2262588380796322,Iris-setosa
4.861193705482164,3.474568922425062,1.456698195097874,0.3865378494124332,Iris-setosa
6.094759089493203,2.5361823110029316,5.270808095255101,1.8596642002978387,Iris-virginica
4.367549778322887,3.2682928506635918,1.2137020843657005,0.43126984160213155,Iris-setosa
5.170004553165048,3.5419946756095184,1.69497819608817,0.03374848383002138,Iris-setosa
4.6470539245498,2.997207882016985,1.541376266470579,0.20696760052631197,Iris-setosa
6.169890398152939,2.9768879721559833,5.304469131374535,2.3069112342026568,Iris-virginica
6.137952750260181,3.233673466297916,5.739977301552637,2.1686956168638636,Iris-virginica
4.735133033681815,3.1276106593916744,1.5236683319796338,0.32469787874840933,Iris-setosa
5.3393755814161254,3.5885119318956336,1.7544933360580905,0.4577652467462948,Iris-setosa
5.449361048153643,2.5648272401757306,4.607935656229844,1.4924571939199347,Iris-versicolor
4.662460080000061,2.4534278267312697,1.516720672157823,0.18279064370352427,Iris-setosa
5.605697031986974,3.759060948259322,1.7040890393101273,0.3021886329487387,Iris-setosa
7.0503343393518385,3.428726704835074,5.659300339864054,2.220735102106407,Iris-virginica
5.844166795270942,2.444246558002264,5.0617344591222135,1.5948144579549302,Iris-virginica
4.983382238756011,3.104698848777068,1.1665276425910351,0.19411260726758484,Iris-setosa
4.667051436965294,3.0439826371594125,1.157491957441568,0.4743420406946265,Iris-setosa
7.520031802567494,2.8387648025772645,6.351421378045489,1.9475954281763121,Iris-virginica
5.234706938160412,3.221930757120377,1.9988322516675925,0.7007829446057516,Iris-setosa
6.724986163718882,2.904325644235032,5.228341866324967,1.872918629464162,Iris-virginica
5.260089579786859,2.343645055050542,3.776858639680327,1.586618085795927,Iris-versicolor
4.889690353188557,1.7493297500483447,3.697704099485485,0.7126617546357878,Iris-versicolor
6.0190071030270555,2.448559129560521,4.943600503623375,1.9387571691382344,Iris-virginica
5.96117740397709,2.904678261351854,4.753627780696,1.3707877360030645,Iris-versicolor
5.127957910522541,3.8100392661704143,1.587398803812149,0.1800692116395421,Iris-setosa
4.522765749400659,2.735071562904983,1.6067222348443542,-0.11107553632405001,Iris-setosa
6.966885190474768,2.9879332213942167,6.05757033506703,2.3453723945612954,Iris-virginica
5.265589617520499,4.110464987477274,1.1273154668261676,0.11730239432351691,Iris-setosa
5.984855239774308,2.920867275326193,4.075635230463551,1.4349759839049878,Iris-versicolor
5.7709725207113305,3.8416021723516947,1.6746551328610708,0.4203787011141851,Iris-setosa
6.461394569845266,3.0079898032901333,5.687426134352554,1.6936140783476252,Iris-virginica
6.238265702685508,2.959215167485186,4.6629485240368584,1.5447130378891485,Iris-versicolor
5.631438335353118,3.5434519337540364,1.676826035088125,0.2808282635368488,Iris-setosa
6.566751161211523,2.8000866648014373,5.382772686862566,2.4852998670714967,Iris-virginica
6.156659791134895,2.7990162978468733,4.446142663229207,1.2605496117793802,Iris-versicolor
5.716387837389343,2.6082983742976844,4.79352401760604,1.788378226163052,Iris-virginica
5.349148521159425,4.135725854209607,1.648406685698194,0.004029609568039161,Iris-setosa
6.574112309373941,2.6510598637119136,5.144000820294163,2.007009813768193,Iris-virginica
5.927119922595315,3.0632769090366816,4.694142360676069,1.2312216077735267,Iris-versicolor
5.754973201016255,2.62805467500865,3.5967435694622,1.2807866128833556,Iris-versicolor
6.566968316289037,3.18229509738427,5.490495040334246,1.6888242773503668,Iris-virginica
6.9334734701376375,3.1515543025957133,4.87560123589698,1.6057840453800245,Iris-versicolor
4.759039988107616,3.2421965092696916,1.4678964326327766,-0.11795065844807798,Iris-setosa
6.963030843857412,3.0622296884926463,5.407776207476896,1.8209570879449397,Iris-virginica
5.129759461410796,3.467567459381453,1.710372396780391,0.31875889055682854,Iris-setosa
5.63791822119243,2.5899236687743974,4.233331066038391,1.3118658570508097,Iris-versicolor
6.381675997181054,3.302650421447183,5.007504159649662,2.272233935248895,Iris-virginica
6.821640539673564,3.176384337561275,5.826659825618967,2.6831919041543815,Iris-virginica
4.693515161259619,2.3041372210237263,1.2874474618219462,0.3289806709403162,Iris-setosa
7.103397997463944,3.0775510048709425,6.383979357374133,1.6577616613721065,Iris-virginica
5.247681540683583,3.6297682265812776,1.6277395025864307,0.20785887794259622,Iris-setosa
5.815852473470095,2.5441908422073305,4.758860277685741,1.9963713234076916,Iris-virginica
5.098610821678915,3.41204742849895,1.5321883528901186,0.017651538564251,Iris-setosa
5.809657714742649,3.2986210262669493,4.886566437537477,1.8916444289864545,Iris-virginica
6.976074876504959,3.3699941218784626,5.609929555963537,2.32850185803776,Iris-virginica
6.246337463073294,2.207663375406285,5.252689452013526,2.154869102322584,Iris-virginica
6.559242335130611,3.2778255839903445,4.421576834372379,1.682806986333932,Iris-versicolor
4.3016997351170145,3.6242379067105754,1.6991287485905178,0.10214596421283789,Iris-setosa
7.101004052046376,3.0183609241738427,5.604050942529861,2.3117569483694678,Iris-virginica
6.499365162179456,2.7203223826455343,5.387077890475379,2.2695043571298052,Iris-virginica
5.161501730623135,2.526597254003227,4.079719737471522,1.2450439123422266,Iris-versicolor
5.7418922458874535,2.219374087665307,3.7773544556849785,1.2109783581908966,Iris-versicolor
5.934022396333699,2.971188586523596,4.553801302455156,1.0940322745066178,Iris-versicolor
6.663725634289495,2.8416795325670927,5.775385388744135,2.01317513437305,Iris-virginica
7.709843990736646,3.8752182423784696,6.4149325290799215,2.0605210698430083,Iris-virginica
5.373656666974889,3.3095836504840896,1.415977479154451,0.4749504636352998,Iris-setosa
5.367256774621531,2.800745550934111,4.316537651183752,1.7533969464088666,Iris-versicolor
6.812772050389441,2.8332806161839987,4.4973268664280095,1.4920089958349054,Iris-versicolor
7.584658872933099,3.0697717683057357,6.5159842325656285,1.5475775468773803,Iris-virginica
5.493695877806426,2.6588936468501783,4.320227334189179,1.3679500086810221,Iris-versicolor
6.677993802014096,2.699621369967876,4.784620665628552,1.4589608501047175,Iris-versicolor
5.313654651231032,2.3742662730681126,3.1078965931306217,1.1496331720540347,Iris-versicolor
7.24269466065087,3.0865633416249545,5.761496632157673,1.8443142171876732,Iris-virginica
6.338247745605771,2.850595581427636,5.7715978939171935,2.1098303082391987,Iris-virginica
4.819810764095233,3.2143001396656685,1.1097415966802047,0.07311496491992725,Iris-setosa
7.243721475280389,3.0452791476437673,5.6925769951505085,1.8336689685034255,Iris-virginica
5.963931379403349,3.182380239456278,4.307508827409686,1.4712630857740998,Iris-versicolor
6.327188733346602,3.0124059017967486,4.433064581962836,1.181470478237137,Iris-versicolor
5.3201026844777015,2.6990285617671343,3.8424630297180804,1.2026248326234183,Iris-versicolor
4.735421200091482,3.5771515182132867,1.226872205029958,0.01339243720850386,Iris-setosa
6.54536552932728,2.9637698208164616,5.162317271252498,2.2513402165079794,Iris-virginica
5.231710361908801,3.788163162392809,1.2390151617955432,0.5143806612934987,Iris-setosa
4.451537508612231,3.167555525301638,1.7449895089182437,-0.09192732228825412,Iris-setosa
5.590530414196966,3.033701387894363,5.354294090472509,2.1890054741397216,Iris-virginica
5.508900165404329,2.512817022059807,5.030373211899805,1.7023593507568189,Iris-virginica
5.858406216340638,4.0025125300399225,1.4800482758920168,0.3877123150848388,Iris-setosa
5.450890095903278,2.639581638674261,3.858576960276864,1.4735131673668536,Iris-versicolor
7.1106923260194845,3.209232707459739,4.588342750992545,1.150923645894306,Iris-versicolor
5.53595668562619,2.3170726498596332,3.9413876487875963,1.1990264275869733,Iris-versicolor
6.4093678004758745,3.0426504123173017,5.1057931717343665,2.0539426686719686,Iris-virginica
4.583754956812015,3.0088839114798343,1.5582579691729261,0.012042012857730766,Iris-setosa
4.637274970483916,3.2597749886491085,1.318599107781393,0.0634142889186316,Iris-setosa
5.688401070209422,2.5080845117324686,3.3244000841233032,1.2588554653005841,Iris-versicolor
5.298021844132267,3.2302771800894132,1.396473057396081,0.33735550666575226,Iris-setosa
5.489990255393265,3.9023952242859,1.337602363456388,0.014564410367431252,Iris-setosa
6.210539427863147,2.6226454282238167,4.123520921598353,1.3378195354048779,Iris-versicolor
5.511401609244134,2.5083272758163537,5.190630324740835,2.226018238642248,Iris-virginica
7.901786120081696,2.6643252611054895,7.109261137624812,2.5218460533114246,Iris-virginica
5.388851063910007,2.7225031497323022,5.003820029935175,2.2915647099537604,Iris-virginica
5.06030357719109,2.0221692192564946,3.2358592609749337,1.150152371370116,Iris-versicolor
6.27208401339303,2.8800308881084784,4.78564657143296,1.7342883776950595,Iris-virginica
6.979530904311214,3.0593511914589997,4.8579583862509805,1.490078608451328,Iris-versicolor
6.321382457457524,3.136861262642131,5.198599605867906,2.1265320201961444,Iris-virginica
6.281291410648917,2.954620359726937,4.850461832525799,1.5644365825432878,Iris-versicolor
6.06017981994589,2.260099463135167,4.096774656285198,0.7742911262883272,Iris-versicolor
4.704700344278825,2.743730964138167,1.5032080825943126,0.030008265500863357,Iris-setosa
6.321327162569777,2.9316800905148463,4.763207383080199,1.4289087319837837,Iris-versicolor
4.588641282673977,3.617102905592907,1.553854470994993,0.08462622638385198,Iris-setosa
7.152589874492688,3.3575727810234164,5.7641325372957315,1.6623263914491846,Iris-virginica
4.4968420746911395,3.303767642986012,1.392440078597645,0.27901580785091096,Iris-setosa
4.860950826612827,3.3865292718440463,1.88697355837727,0.4838735608412663,Iris-setosa
5.449197953161745,2.9613320089976938,4.3087595602788245,1.2400159130689454,Iris-versicolor
4.90860922947369,3.198160473459142,1.2846890854068074,0.2845859628744548,Iris-setosa
4.979518111854268,3.1905984660248565,1.216369997528756,0.43791632290811355,Iris-setosa
6.278627510845647,2.9298774222537753,4.679487060363588,1.7205212911237968,Iris-versicolor
5.25944280044808,2.1020681135645134,3.590791521621324,0.9187444121377449,Iris-versicolor
5.155378290171226,3.2813087451532432,1.7408247477383199,-0.033089907566143745,Iris-setosa
6.221826784887826,2.7809320106162416,4.980121407218998,1.5464539991628492,Iris-virginica
5.844675301547643,3.1659282268522304,4.671602067006001,1.4088301837880493,Iris-versicolor
4.807480014014636,2.860934773210804,1.5447747339148377,0.14891712593393466,Iris-setosa
4.901572183003874,3.62978675658872,1.3838460200662868,0.1951253377457692,Iris-setosa
7.628125940177337,3.694943305093649,6.4439469535650735,2.228072047273296,Iris-virginica
5.109160422639527,1.7151580516283345,3.57476755648755,1.0184267142570338,Iris-versicolor
5.491790627328923,3.527848473863282,1.7960424682037046,0.03518368794828167,Iris-setosa
5.883308665642425,2.9626796013716663,3.966898493796932,0.8086904244205686,Iris-versicolor
6.582604260542615,2.9725662928935837,4.452989433168825,1.4844274317410318,Iris-versicolor
6.895723953369674,2.919543627145698,4.870816438934468,1.4883796134914506,Iris-versicolor
6.453066451362177,2.7841947714996467,5.1223617617753145,1.9481237519088141,Iris-virginica
5.756488751098029,3.0778823436088207,4.6093796899233785,1.4456804069702163,Iris-versicolor
4.696179632152435,3.1756205965480397,1.5225697639704154,0.1824496346601208,Iris-setosa
5.214772806607847,3.2263851816274096,1.8848646347532525,0.3406703974139221,Iris-setosa
6.082713924330735,2.496760450619287,4.948008424277185,1.9048897948541699,Iris-virginica
7.073422462747217,2.976037045686332,5.194651893182,1.8145470616194623,Iris-virginica
4.6542815489128735,2.74476494808628,4.343741564838627,1.9006488433133908,Iris-virginica
6.640817819793192,3.061590419726581,4.917412299753828,1.7962830708679618,Iris-versicolor
5.882149018907142,3.5222512244409243,4.319546085469425,1.4041564131417592,Iris-versicolor
5.778032993694339,3.030786648706353,5.110248533155206,1.6645178295570793,Iris-virginica
4.833771286859347,1.7690101145119397,3.7209029468174424,1.0734717889159304,Iris-versicolor
6.592362152257553,3.273655030945283,4.737263532578144,1.509421007251496,Iris-versicolor
5.55476715687184,3.981121863942098,1.4329334691357085,0.49989983840582775,Iris-setosa
4.3930349248372575,3.6037713982332824,0.875313021761004,0.12899041816421622,Iris-setosa
6.7461425635852645,2.7370883187254744,5.733445919923397,1.5697398431423117,Iris-virginica
6.3670471685465495,3.423422462970883,5.34743086724518,1.7863871323327962,Iris-virginica
6.644669687019317,2.830135201189587,5.029002972331539,2.590720632076346,Iris-virginica
6.624264196978275,2.903820238527107,4.663911996343796,1.2578457858300809,Iris-versicolor
7.814703190216493,3.9231906617567467,6.744662374572872,2.2766323894732015,Iris-virginica
6.571118297973247,3.0869984561770543,4.635412119853769,1.5861141917442567,Iris-versicolor
4.696777118153476,3.0489831039210613,1.1181458055794273,0.10630447154547776,Iris-setosa
4.880164853863179,3.2668518784988794,1.8437727773645116,0.3685421394641957,Iris-setosa
5.182531733797174,3.281893450084168,1.8209079139727467,0.011786137084109916,Iris-setosa
5.516551550460544,2.240312672269737,4.1578867752199296,1.2332800025629254,Iris-versicolor
6.270453487618843,3.0101122588836944,5.11381914131805,1.4800904359806295,Iris-virginica
6.002829989928009,2.967085785256474,3.921184248607269,1.1622885523897635,Iris-versicolor
4.164573814501649,2.9960852442942114,1.692310464625492,0.3824740574436702,Iris-setosa
5.577707905766185,4.172729448614253,1.064077751956147,0.13367895909539948,Iris-setosa
5.768123310202193,2.695810327702809,5.219699603655531,1.877458980141823,Iris-virginica
5.549440917051493,2.661072045773076,4.31204932325284,0.8007421440822728,Iris-versicolor
4.869014740991995,3.2999514982880283,1.675973413996302,0.4908858818576114,Iris-setosa
6.6507636058059125,3.150610989395556,5.6819089416348705,2.131692569470565,Iris-virginica
4.9341786916523125,3.7080399492447365,2.0265727232507453,0.17804488510764097,Iris-setosa
5.716252696318599,4.431965349234082,1.4247510613909629,0.6265146433795625,Iris-setosa
5.351568790419596,2.9805558941214745,4.589441053574289,1.547805398900178,Iris-versicolor
6.740550482309501,3.0355686746257735,4.92528256086561,2.2989904913020816,Iris-virginica
4.903446792084198,2.9437580003145647,1.3611768355388172,0.44992346224238355,Iris-setosa
6.2265617581730135,2.7273577900996693,4.45965178108497,1.5856457179322878,Iris-versicolor
6.015575564062271,2.7339566101155826,5.292745079732153,2.0137938863541995,Iris-virginica
6.433218617949053,,5.266647541422647,2.330741489928025,Iris-virginica
6.020818670530938,2.7662348680600086,4.1852876607948,1.2874702759335457,Iris-versicolor
6.490999814643766,3.2781951687581232,5.54358449913903,2.543040971803703,Iris-virginica
5.969848603151874,1.9251181804440842,4.142273576815473,1.0329126877427353,Iris-versicolor
5.438079423981178,2.410113196027502,3.7024205106190666,1.0597178190942391,Iris-versicolor
6.3149698403154595,2.9104479684674502,5.280314929018901,1.8517294160038715,Iris-virginica
5.454279304211594,2.7622518028665386,3.611406118082472,0.8202330334574868,Iris-versicolor
6.331236189009834,2.8418076345376,4.915946167907816,1.4074696441878447,Iris-versicolor
5.09324534326534,3.00839520567625,1.5311699299660808,0.41453586360594336,Iris-setosa
4.37014182092779,3.8681907909191735,0.9217115484283536,-0.0896027659988563,Iris-setosa
7.773288317488013,3.2676522711845335,6.316805904532051,2.00267438242423,Iris-virginica
4.724123654843859,3.130642131371986,0.9011382406338062,0.3001451576326869,Iris-setosa
6.090707576413708,2.9965043381851855,4.76240118665568,1.3995903127371465,Iris-versicolor
6.398785050184145,3.091413495229689,4.967938740425722,1.8737174929332352,Iris-virginica
5.996782923147151,2.829894627873255,4.753654802296104,1.7790099058119788,Iris-virginica
5.290874576495655,3.1716922357432065,1.3995971318134077,-0.07807088501481607,Iris-setosa
4.6462151455963765,3.2423497497524005,1.2565581283826774,0.1843425285187498,Iris-setosa
5.906400361216594,2.660472278540648,5.88323775638349,1.1276343679572425,Iris-virginica
4.721337634380441,3.422336246413999,1.1643786855894707,0.08610896163029597,Iris-setosa
6.371314590314805,3.2024759395007596,5.778544655133313,2.0271620655785867,Iris-virginica
6.093781079809267,2.9188267743145597,4.142289723625264,0.7293099186680421,Iris-versicolor
6.493501011002592,2.3417666973248568,5.524285869666107,1.7466574090867846,Iris-virginica
6.447234204589959,3.1060734933652663,5.739091706303161,2.3670122887300273,Iris-virginica
4.632994347047157,2.8410788940110865,1.539338782547922,-0.08739079475953859,Iris-setosa
6.163639316538383,2.6440746844881287,4.768538284892814,1.5627498049991488,Iris-versicolor
5.1657633891405155,3.7969203471162887,1.408697939930545,0.2503955876224514,Iris-setosa
5.332111991016428,2.481067750510933,3.6062795006000887,1.3081446476735068,Iris-versicolor
8.145425444803752,3.725937334410944,6.314626712382675,1.8743674375649029,Iris-virginica
4.234061252663308,2.1350847091741447,1.0785666481475982,0.1805970035360545,Iris-setosa
6.215787129826576,3.072243180240688,5.248181171977544,2.163308135077523,Iris-virginica
5.45323940386389,3.855693761734337,1.999845462144636,0.47187368713000727,Iris-setosa
7.5571302217427885,2.982302355341993,6.337429606010199,1.614891080964907,Iris-virginica
5.876571218388584,2.9532110941506944,4.186094768938187,1.5039970130630254,Iris-versicolor
5.121140591436597,2.5832742237237643,4.1365451028239,1.3370288347680601,Iris-versicolor
4.742329235913527,2.6057719182858126,3.545582987300437,1.1013345256316978,Iris-versicolor
6.264045567403064,2.6452084182752014,4.807644692575578,1.6537428871867652,Iris-versicolor
4.709381029578039,2.952019524840638,1.4271422089512107,0.20563655126196695,Iris-setosa
5.626380618461699,2.999549126456274,5.218275902785177,1.9037726631233698,Iris-virginica
5.317784427107838,2.930740927623021,4.122294978364319,1.6230271057112882,Iris-versicolor
4.437769897423463,3.884437730893694,0.8142443193788214,0.3441132493572055,Iris-setosa
5.220054419905149,1.854470386765884,3.628967632312789,1.093629640578402,Iris-versicolor
7.076080915549311,3.2371247465240454,6.182450369222476,2.0670575446471906,Iris-virginica
5.852203668603753,2.6925716153944466,4.305834897054152,1.7319041523903316,Iris-versicolor
5.261243146881494,4.466891055018074,1.3648717754630835,0.0518362200798963,Iris-setosa
5.396496904973107,2.5872336021010227,3.9472804776104775,1.1120425732877535,Iris-versicolor
5.219814576929773,3.3052106186381778,1.8106294246957078,0.26377915108172717,Iris-setosa
6.894056183922501,3.0181589943840295,5.420031688862833,2.3822997445331957,Iris-virginica
4.925793096629391,3.3612420086989534,1.4939162054465291,-0.12434814462815483,Iris-setosa
5.665732130806603,2.000594743770516,3.8871009802652177,1.1960188801447202,Iris-versicolor
5.686537412627925,2.675858680969265,4.943894290342125,2.275552904010461,Iris-virginica
5.172321264645791,3.591974382387636,1.7595122288028646,0.5736511713065979,Iris-setosa
5.35282178412842,3.63994612403184,1.2998841431662815,0.3032449970603878,Iris-setosa
4.822407746891959,3.0945243135372515,1.3448987870357674,-0.011995569734045974,Iris-setosa
5.070065059719597,2.238209270078991,3.2862959440448294,1.2516130443709892,Iris-versicolor
4.930431052851484,2.301100229584222,3.2947905987837593,1.2549092393342465,Iris-versicolor
5.37669739920977,2.979146388783496,5.070723941018374,1.9112513047355002,Iris-virginica
6.030952460310118,2.8067490162449005,3.899920265048566,1.4755934557664552,Iris-versicolor
6.640256340866747,3.382396902089699,5.6164011785987915,2.66911291409233,Iris-virginica
5.673957016853224,4.497300769020654,1.3811349870079455,0.43027114516745857,Iris-setosa
7.360946379990646,2.970720708562073,6.014312297231913,1.980764686734121,Iris-virginica
4.44226463041126,2.911629754591177,1.3842632293358088,0.03782341165204173,Iris-setosa
4.804458062819253,3.285183340569967,1.3062165511604333,0.43152986779561553,Iris-setosa
6.2458338479413555,2.7995154650881586,5.843416706515419,1.3764244399310914,Iris-virginica
6.203043306473596,3.0847574420814334,4.719370365663241,1.5997702362116026,Iris-virginica
4.632058360455017,3.0478582561882783,1.1365755625846925,-0.08061271271430892,Iris-setosa
5.6983764293304535,2.9683258508612655,3.9338637184562777,1.058749672289867,Iris-versicolor
4.396574261538685,3.0843952247457995,1.0743215770803312,0.2909770662626122,Iris-setosa
5.881050654406697,2.7672541747748016,4.96380373009891,1.8535036897907458,Iris-virginica
6.759185433847653,2.8045952017553692,5.386019019520249,2.0596680503381397,Iris-virginica
6.702742543366948,2.9262660367243796,5.3905770393257075,1.9484775116439998,Iris-virginica
6.631960285242446,2.706557211584577,5.800584856078199,1.7425346890958004,Iris-virginica
5.409239217068052,4.208658827805776,1.5715512351619498,0.4396082357652896,Iris-setosa
6.312481818816723,2.7487279911264615,5.6632436289039845,2.374716322870409,Iris-virginica
5.87435081048826,2.883786389483901,4.3156394578783415,1.3268881617593657,Iris-versicolor
7.910586930832946,3.2583135394838165,6.117246810271389,2.282080948927415,Iris-virginica
5.381881097045917,2.424801955231277,2.762589108515661,1.1436183574615832,Iris-versicolor
6.151582850674503,2.7894591026376325,4.234714962321137,1.1658778833447259,Iris-versicolor
4.589383268865864,3.3837642589771244,1.616695971141337,0.14564333994593123,Iris-setosa
5.215041558316044,3.86577338620415,1.2157210689844107,0.3199554929658466,Iris-setosa
5.011282994708708,3.7090561140333866,1.7541621065678363,0.21201958523533593,Iris-setosa
5.160281253176537,3.7952950655617324,1.799646059016966,0.369823388927504,Iris-setosa
5.770168057948433,2.7493675397093233,3.8252492427244706,1.50105873713246,Iris-versicolor
7.305717915898659,2.855416006790645,6.0942137625170965,2.0915165806724763,Iris-virginica
4.612049706115791,3.184074460257613,1.2740948187655936,0.4826729390684009,Iris-setosa
5.025864188842766,3.158895120877056,1.6342776653821975,0.2239968721254849,Iris-setosa
4.759554116165462,2.3893942366043803,4.361342804592127,1.5523574434023262,Iris-virginica
5.598567424297699,3.094959947732169,4.598634440782663,1.706277558464668,Iris-versicolor
5.204040613758368,3.866171309780773,1.7962248722676901,0.3341175322278862,Iris-setosa
5.807768557458248,2.6961995821871705,5.606021602792236,1.6226070583363827,Iris-virginica
6.494341147450814,3.137924982921692,5.03329689101171,2.0851328329597445,Iris-virginica
5.193693973682508,3.0003002654065916,1.2182913995990097,-0.07727371315360593,Iris-setosa
5.491050093622622,3.427113883393808,1.2078326856369581,,Iris-setosa
5.195447110450302,3.162218575061184,1.4896383222357672,0.38374249249306014,Iris-setosa
5.913232122320306,3.0201012097255693,5.072492591699309,2.406684565566503,Iris-virginica
5.565220055331235,3.6436693138472793,1.7568840136325719,0.4141126363870129,Iris-setosa
5.9211247866471055,2.7648585926522133,3.89050669461579,1.2099866280243055,Iris-versicolor
7.9089884515065405,2.6221932006325344,7.184271149716479,2.337086459903113,Iris-virginica
6.3848859753857425,2.9187083549621446,4.472904128504041,1.6006274740607704,Iris-versicolor
6.175372218601637,2.290452607946335,4.646711964016258,1.5109460775720776,Iris-versicolor
4.7033374080761154,3.676930643126923,1.303222735861761,0.604167599834093,Iris-setosa
6.274981844641792,2.8153099488520303,5.70863842827972,1.899368420406912,Iris-virginica
6.736956758336587,2.8507187549626125,4.395342827382422,1.1495846815259188,Iris-versicolor
4.862311725504661,2.9381484470423787,1.7399988904239512,0.03388345507478657,Iris-setosa
5.923779582604901,2.62623592221652,3.992203922882925,1.0134820595955127,Iris-versicolor
5.252756373096021,3.5400241808463986,1.4065754087341265,0.2156385823642602,Iris-setosa
4.991614996735609,3.438916752215703,1.6123112419944257,-0.06086049535542709,Iris-setosa
5.11452591736953,3.262763123574827,1.6426381928054106,0.07495497525860503,Iris-setosa
4.844648305516719,2.8940571821190373,1.371395931545858,0.4721787984175565,Iris-setosa
6.03875610972109,2.041388774440973,4.748225321468118,1.6898672247893092,Iris-versicolor
5.872988705077903,3.141218118475559,3.6752907629491274,1.0810684913948798,Iris-versicolor
5.349923043193063,3.374205616048157,1.5657577231127975,-0.07687542690365406,Iris-setosa
5.632243513040009,2.5298458509420585,3.6680913646202042,1.3419245552837533,Iris-versicolor
4.697605177044387,2.7743621929957234,1.4243425477368343,0.24462263671792395,Iris-setosa
5.6405520129929965,2.7497579228047493,3.89750904931444,1.43286526753661,Iris-versicolor
6.0971472311753665,3.0344214576197435,4.869629782532539,1.810042958006428,Iris-versicolor
5.133293540656757,2.840310052481356,1.750623061768693,-0.1315417534582826,Iris-setosa
7.1389302344123235,2.795845849364639,6.337470419754994,1.7895498588711105,Iris-virginica
5.531173047477103,2.726913839595696,4.316683444301799,1.2040639979505476,Iris-versicolor
5.995318370941167,2.332494023239019,4.931556530815055,1.735550536774828,Iris-virginica
5.666092601476863,2.4364389624409744,3.771723031707946,0.8206107980703858,Iris-versicolor
5.415484180088492,2.2280035516469945,3.587033877848158,0.913618255117915,Iris-versicolor
6.709353706728216,3.273253837598104,5.1156462289459945,2.348970601850973,Iris-virginica
6.359339585117751,2.859210848323724,5.437545809302823,1.8364645792282521,Iris-virginica
5.953633749576838,3.102422739058128,4.317743252195273,1.3191733751509966,Iris-versicolor
4.970851360784999,2.5097213162542924,2.74373536780005,0.8616166382689014,Iris-versicolor
6.680350608449277,3.4079552300671625,5.351914366550717,2.2161452225047844,Iris-virginica
5.348556818314104,,1.616598113921282,0.20031905566393787,Iris-setosa
6.229282733873547,2.3283125365400186,5.016254748924251,2.0940522377130555,Iris-virginica
7.621067330086405,2.892150459347036,5.870993140987305,1.989863732901824,Iris-virginica
7.318910651118664,3.4251853692025347,6.296005513201431,1.665513345649478,Iris-virginica
7.035484255380488,2.78475998807971,5.507139283332918,2.1686906560589674,Iris-virginica
5.6098563134987085,2.466935377700367,4.228525215762543,0.9502593613953483,Iris-versicolor
6.85665785792597,2.956298972568779,5.361191303390387,2.525944628098939,Iris-virginica
4.824519147667518,2.9534155760736636,1.2484756277469682,-0.08405602529135284,Iris-setosa
5.639618139555607,2.579193432002775,4.815923241717058,1.979826949597356,Iris-virginica
5.778343922064897,2.3155021713616764,3.911996326465143,1.2570377796499026,Iris-versicolor
5.305783571691535,2.4026570123095636,3.7744295146924043,1.218025807547321,Iris-versicolor
5.629982553189278,3.1206709463249607,1.6841491623362081,-0.08885337943962213,Iris-setosa
6.560267223311778,3.3300604028288254,5.776179949657301,2.4390745179619824,Iris-virginica
5.121162293823242,3.4176260473335747,1.38705192866231,0.30690823720429533,Iris-setosa
7.181273585896714,2.8832497227782117,6.01477465643344,2.2030896026401883,Iris-virginica
5.937316871028923,2.749002656221525,4.765045894893354,1.9066626980179613,Iris-virginica
5.914751184505333,2.9253245489562207,4.204438632230884,1.2367585699154813,Iris-versicolor
6.299759012783368,3.6521987715310145,4.48899954060797,1.6943556824309596,Iris-versicolor
7.345950459796933,3.799404623508259,6.218063093519466,2.211882130118693,Iris-virginica
6.319091739128237,2.4146569740399393,5.1960721399956595,1.8154095194635136,Iris-virginica
5.371957702004171,3.329578519325758,1.3796442377356386,0.07779042495788449,Iris-setosa
5.525816011300637,3.7867001172607893,1.5833487938377306,0.297036256864662,Iris-setosa
6.419235315578647,3.037449506889013,5.0724531427558395,2.3023433514611447,Iris-virginica
5.640285543138794,4.286488047302484,0.9660293633840105,0.03767938924273301,Iris-setosa
5.388219922900974,3.7388944815388765,1.3502597295024592,0.08990846271032651,Iris-setosa
5.4914894300774675,3.591925303090525,1.186469017958484,0.2599214226162148,Iris-setosa
5.615183514258289,2.942971666119018,3.886093950743924,0.7261673509458808,Iris-versicolor
5.235876001756536,3.9048799210121503,1.21458539503432,0.21642675041048387,Iris-setosa
5.690721215057008,2.5234142140751232,3.960261015949647,1.188359962592904,Iris-versicolor
6.270863320875707,2.9925491187171933,4.48286166905315,1.1628405341676928,Iris-versicolor
,3.936890333280761,1.4623544543588956,0.07538282686691616,Iris-setosa
6.667542778047539,2.9096541401487874,4.65333101975968,1.6059241941217453,Iris-versicolor
6.684214020123392,3.281014609613328,5.6531179275146215,2.471072639805114,Iris-virginica
5.915112048300616,3.18804599801052,4.5169287510311324,1.92801462474807,Iris-virginica
6.6844013850852875,2.873746282447353,5.078096135016867,2.180482752681836,Iris-virginica
5.169961750952803,3.554002839215684,1.6897095573213547,-0.004491504146526382,Iris-setosa
6.151713175261325,3.081894957626139,5.581483165175282,2.1921152967348374,Iris-virginica
6.017064229723785,2.449341950515809,3.875794567907747,0.7720035628340324,Iris-versicolor
5.577966680273331,2.739646919200929,4.286626942501981,1.0382240614129008,Iris-versicolor
5.587319698014458,2.7634216026589264,3.3137667679785254,1.3100206987750234,Iris-versicolor
5.355803027710991,3.341425180890443,1.3311762359366963,-0.06333043844891112,Iris-setosa
7.744242081998348,3.0090563470597655,6.50155541750765,2.38977376788596,Iris-virginica
6.444169852942016,3.014915429173291,5.670588775643805,2.2158768638739765,Iris-virginica
4.573820761210961,2.7991842896309604,1.429703523610995,0.12092290294306815,Iris-setosa
5.26152661353405,2.1554324162425793,3.97735357755798,1.4735210430090375,Iris-versicolor
4.433313525968664,2.9064686832372013,1.757850415320511,0.07510914430504737,Iris-setosa
7.53032363642442,2.631492225995098,6.3171650195593125,1.703449276547365,Iris-virginica
6.79922539398571,2.6758910485984817,4.591566047283475,1.2612032219115772,Iris-versicolor
5.857992733125867,2.894777314011899,4.683362373614353,1.9966866499760532,Iris-virginica
6.275292214087286,3.0491827206712627,5.482504076807674,2.3525232671831837,Iris-virginica
5.590983158862541,4.212196188545529,1.4644502762674778,0.5241746584932128,Iris-setosa
6.221304651616299,3.671311929682879,4.403059470033713,1.5762160315281208,Iris-versicolor
6.527056808902214,3.2839270847342688,4.8172776556159995,1.281944550207245,Iris-versicolor
6.5966827915941195,3.1962901137210213,5.61971749075037,2.4564187933339316,Iris-virginica
6.103483563696276,2.1720212715404665,4.692325498909588,1.3829131709351472,Iris-versicolor
5.336592811480241,4.155645137835262,1.1855062834056709,0.6978512653494156,Iris-setosa
6.88859556246361,2.5863922402534523,4.644896732777512,1.1915100381243315,Iris-versicolor
4.22776871633139,2.7296054145099733,1.5695267650527314,0.3283318875948606,Iris-setosa
5.936420992278369,2.9877976892211384,5.00938692081001,1.7412894232948437,Iris-versicolor
4.770699459939913,2.441048202367682,4.6182014079064855,1.9613079779840208,Iris-virginica
5.834627168686967,3.0560586461780996,4.189061267551651,1.0738773448712688,Iris-versicolor
7.588854649292134,3.097066867445982,5.88188847947646,1.7993647951827172,Iris-virginica
4.90115316389462,4.0799003890741075,1.9844852007593465,0.10288716718828567,Iris-setosa
5.8063115345671745,2.0098270714753896,5.292299648221461,1.2738134843233335,Iris-virginica
5.772848043045799,2.7516144690215296,4.218748745103554,0.9000007172881435,Iris-versicolor
5.8946606619982065,2.431812426344479,4.113954239373454,0.8759763216153762,Iris-versicolor
6.33907716836414,2.861421749255234,4.448529225291202,1.5725419344788816,Iris-versicolor
4.884544295582745,3.8525951882697766,1.4935740440138598,0.36302751546371426,Iris-setosa
6.535689180018959,2.7595245898523966,5.797932303934426,2.182352744805968,Iris-virginica
5.433681353714777,3.019680406046594,4.040311536377611,1.2805250784496534,Iris-versicolor
4.804807097251636,2.2037918060817336,3.0607173028884267,0.8707148198448591,Iris-versicolor
5.0198346999829635,3.204896139572268,1.2199638888412183,-0.07080556137783156,Iris-setosa
6.498315666759981,2.3553945199522097,4.793918811479675,1.6689173829416548,Iris-versicolor
6.424768029579854,2.9398181384808546,5.169119513622246,1.616730692075922,Iris-virginica
5.646474194767142,2.3024115268175027,3.9183448776999112,0.9100235098737934,Iris-versicolor
6.157861823088268,3.4022780331749187,5.890886760073462,2.2697450101314445,Iris-virginica
5.607632073197096,2.783592557293215,4.897290837074057,2.6696052532204475,Iris-virginica
7.018926595658479,3.0405155152530963,6.083756885075764,1.3670664724985497,Iris-virginica
6.437158450501263,3.550133044541886,5.643931380967139,2.3997505340582426,Iris-virginica
6.109863638432697,2.8025257589169317,4.513495474067813,1.932241149950819,Iris-virginica
6.655735486772514,3.2375059808644315,4.787596570189015,1.701213374115338,Iris-versicolor
5.6719683116666895,2.9770043990894197,4.0892316465827925,1.387484452454061,Iris-versicolor
7.473886459983763,2.8299962927935756,6.34017487340604,2.2841385449429765,Iris-virginica
4.888460371962284,3.840169995498008,1.4037086871474471,0.04266592587703169,Iris-setosa
6.098624938524989,2.355134048393081,4.028043417558897,0.972383062613235,Iris-versicolor
6.11942871481446,3.275270112767489,5.471299252441797,2.303742158260734,Iris-virginica
6.39314278365878,3.3166433233174546,4.718538303291672,1.5087397953815982,Iris-versicolor
5.2075303603202725,3.3903240823629153,1.5769483054456455,0.21319008869896472,Iris-setosa
7.1993497046138435,2.8958841937471775,6.347562997259129,2.0763969027103117,Iris-virginica
6.5162455530616725,3.5155008084763253,5.778190578980548,2.185956996651991,Iris-virginica
6.3887210915045545,3.38142911877746,4.255508787601319,1.7371759564504974,Iris-versicolor
6.485584967063452,2.6440307992857512,5.304423967422252,1.7165440721010505,Iris-virginica
6.385121128863158,2.834560720277279,5.412482003881628,1.7571054159020392,Iris-virginica
7.471177288962618,2.875792447588969,6.389837203326162,1.7345603003169567,Iris-virginica
6.621855360712678,2.660826132322458,5.030483992511932,1.8942918975374399,Iris-virginica
7.1018165346547795,3.1975165426099985,6.170282784062871,2.0034067722102855,Iris-virginica
6.011167645094315,2.162373857122113,4.525866495605241,1.589879286820268,Iris-versicolor
4.8694320988043485,3.675941415327996,1.6934892045126553,0.4380819214209989,Iris-setosa
5.838851055554546,2.803190523292822,3.7940485969051836,0.9303210473729746,Iris-versicolor
5.056583603679192,3.3737538496686157,1.238685019969081,0.30091207675971393,Iris-setosa
7.326643215636539,2.667263127583948,6.445451749123744,1.5368734232657937,Iris-virginica
6.317545804392301,3.1084980729187466,4.986789024478147,2.0585539261714256,Iris-virginica
4.50991196188372,2.6523204485751926,1.3076737186763896,0.031917564941672555,Iris-setosa
4.052019164947995,3.1288889431636817,1.1609869433947315,0.23900428252528536,Iris-setosa
5.237655168044007,2.405832650249874,4.175431412566891,1.3321498873194662,Iris-versicolor
5.519763196618431,2.3628264579238616,5.00014137363528,2.1211728207284066,Iris-virginica
8.086022020446189,3.729602010937464,6.617827895081103,1.9981048842714537,Iris-virginica
5.206508117237301,3.7242720882489424,1.5574003717952711,-0.06028903922003137,Iris-setosa
6.155473127426636,2.818546147814709,4.641194807740852,1.4357923377727264,Iris-versicolor
5.638612308974561,2.670773089924531,3.9919717108565727,1.3343040737825542,Iris-versicolor
5.950481243262492,2.82343591508918,5.637352206685306,1.6598742405524733,Iris-virginica
4.40916869654649,2.933114730360775,1.5947749849482769,0.2363367057483049,Iris-setosa
6.213056477382512,3.2019686294560583,4.803584689889497,1.5989841833160097,Iris-virginica
6.1705163947333155,2.1154255690014985,4.66494863766063,1.4286721738658499,Iris-versicolor
6.004356588989332,2.7430905817908426,5.043126114644874,2.014581227507034,Iris-virginica
6.184693310528049,3.278374472661766,4.541934597309344,1.8302030372091513,Iris-virginica
6.565179484533744,3.496262299069692,4.477251793038465,1.6570352999634643,Iris-versicolor
7.796628216610101,3.0561491537288625,6.479086389053245,2.226097517021909,Iris-virginica
6.623358460855817,2.868082809344256,5.519463814871903,2.3557701819499934,Iris-virginica
4.970935730772586,3.03246275213456,1.5431514846977712,0.16615945977464844,Iris-setosa
6.430682899509926,2.747413912187934,4.624046913015395,2.021143876411866,Iris-virginica
6.43423564535915,3.1469394269092588,4.973998876474547,1.9424186134045969,Iris-virginica
5.828089679482083,2.732642787976184,4.820547829756436,2.328599059915527,Iris-virginica
6.47925540276437,2.6322127856643083,5.527664934340295,1.9048081319986283,Iris-virginica
5.451324923727009,2.013875287701609,4.130886662089834,1.3604191693098113,Iris-versicolor
4.99914960587369,3.5450131845482353,1.2222762019285605,0.2303020303155663,Iris-setosa
6.470853435233697,2.819881435601409,4.668546045387243,1.5060323057544454,Iris-versicolor
4.690301768180118,2.9043099798560488,1.4262164476358723,0.26830589702396096,Iris-setosa
5.17434145710534,2.8019578735268036,1.3716629908504165,0.2534119357219933,Iris-setosa
5.311800991201146,4.33398470776349,1.346956486309261,0.25580931951485464,Iris-setosa
5.0,2.3,3.3,1.0,Iris-versicolor
6.524282541245413,2.199838380528603,4.632901468386831,1.4065057832373293,Iris-versicolor
6.047080627597263,2.8617432208291147,4.747213776299097,1.9947667555444646,Iris-virginica
5.066031295165153,3.5055484685567517,1.5841631648320798,0.6632417677458848,Iris-setosa
6.6507636058059125,3.150610989395556,5.6819089416348705,2.131692569470565,Iris-virginica
5.682555200678686,2.8251974593459046,5.269509636917604,1.8730663036923927,Iris-virginica
6.270191033848006,2.619168347359081,4.439072084665596,0.9473381181326015,Iris-versicolor
4.985925911190587,3.48922087076844,1.8173411706766833,0.39691825819540055,Iris-setosa
6.532884833760075,2.770324436032209,5.218615469122064,2.1015132013618674,Iris-virginica
7.495383439790037,3.182541425859979,6.498515777145796,1.7537619576907344,Iris-virginica
6.170583380465527,2.671240993040862,5.822728550349355,1.704923861199882,Iris-virginica
4.906718820632965,2.870378798575856,1.5968327080680682,-0.00885362430977396,Iris-setosa
7.566376029447498,3.256411795249616,6.325587437878991,2.1143577773149644,Iris-virginica
5.411253593288501,4.655812409956191,1.7938981744515838,0.4904797656229611,Iris-setosa
5.516551550460544,2.240312672269737,4.1578867752199296,1.2332800025629254,Iris-versicolor
6.619496122585299,3.4401217658595313,5.753067825913516,2.290266650563301,Iris-virginica
5.738223987076126,3.25267982803952,4.988798597315677,1.7736878957372435,Iris-virginica
5.7951230224759405,2.9771829530157197,4.911187151801096,1.691648199320298,Iris-virginica
5.1777590796302055,3.0858047480404407,1.7729377561805344,0.18047698745633642,Iris-setosa
6.081079151627337,2.676345719704219,4.326162061987763,1.5813327822330434,Iris-versicolor
5.641779508136107,4.054052585583611,1.8724430220006862,0.6517625261683273,Iris-setosa
4.714422845153265,3.0214830065174394,1.474205802183771,0.12019449348680014,Iris-setosa
7.371883465660079,2.782662965430972,5.846422248956082,1.5870621926684527,Iris-virginica
4.968550090120367,3.7881498603517363,1.4566315551523021,0.345316673537762,Iris-setosa
5.548773184287975,2.8554626168554647,5.3040078426778,2.1617740083322894,Iris-virginica
4.880974541262278,3.3262121204280657,1.3692022591425503,-0.10342588974479669,Iris-setosa
6.7,3.1,4.4,1.4,Iris-versicolor
